model,domain,dataset,left_id,top1,top2,gap,ratio,top1_right_id
potion-base-32m,chrome,verdict,altdate_cheapest,0.497737,0.458263,0.039474,0.927134,fc6d8143-9452-4171-9459-7f515143419a
potion-base-32m,chrome,verdict,attraction_view_london_eye,0.334139,0.309284,0.024855,0.964016,b7895e80-f4d1-4648-bee0-4eb45a6f1fa8
potion-base-32m,chrome,verdict,car_electric_fuel,0.422871,0.373624,0.049246,0.921379,82279c77-8fc6-46f6-9622-3ba96f61b477
potion-base-32m,chrome,verdict,car_large_price_sort,0.382694,0.377688,0.005005,0.991957,47543840-672a-467d-80df-8f7c3b9788c9
potion-base-32m,chrome,verdict,car_rating_sort,0.476755,0.463685,0.013069,0.975631,47543840-672a-467d-80df-8f7c3b9788c9
potion-base-32m,chrome,verdict,checkout_fill_email_stop,0.571935,0.370975,0.20096,0.680521,da46d875-6b82-4681-9284-653b0c7ae241
potion-base-32m,chrome,verdict,currency_switch_eur,0.291195,0.259328,0.031867,0.956976,c1fa57f3-c3db-4596-8f09-020701085416
potion-base-32m,chrome,verdict,flight_business_cabin,0.588445,0.536635,0.051809,0.888189,6c4c23a1-42a4-43cc-9db1-2f86ff3738cc
potion-base-32m,chrome,verdict,flight_oneway_2adults,0.550392,0.367094,0.183298,0.710387,f79439ad-3ee8-4f99-a518-0eb60e5652b0
potion-base-32m,chrome,verdict,flight_route_date_tomorrow,0.608729,0.437261,0.171468,0.695298,fc6d8143-9452-4171-9459-7f515143419a
potion-base-32m,chrome,verdict,flight_route_next_monday,0.661085,0.48202,0.179065,0.654301,82bc8d6a-36eb-4d2d-8801-ef714fb1e55a
potion-base-32m,chrome,verdict,geo_hierarchy_italy_rome,0.348799,0.333872,0.014927,0.977591,f79439ad-3ee8-4f99-a518-0eb60e5652b0
potion-base-32m,chrome,verdict,geo_hierarchy_spain_madrid,0.354389,0.335169,0.019221,0.971089,9f935cce-0a9f-435f-8007-817732bfc0a5
potion-base-32m,chrome,verdict,help_category_manage_booking,0.317656,0.291264,0.026392,0.962761,a96b564e-dbe9-42c3-9ccf-b4498073438a
potion-base-32m,chrome,verdict,help_search_cancel,0.369737,0.332402,0.037335,0.944076,f3b19d1e-2d48-44e9-b4e1-defcae1a0197
potion-base-32m,chrome,verdict,help_search_refund,0.2979,0.262252,0.035648,0.95168,f3b19d1e-2d48-44e9-b4e1-defcae1a0197
potion-base-32m,chrome,verdict,hotel_multi_filter_genius_review,0.338995,0.278521,0.060474,0.916181,b7895e80-f4d1-4648-bee0-4eb45a6f1fa8
potion-base-32m,chrome,verdict,hotel_open_detail,0.411545,0.314505,0.09704,0.858437,b7895e80-f4d1-4648-bee0-4eb45a6f1fa8
potion-base-32m,chrome,verdict,hotel_price_sort,0.857841,0.515966,0.341875,0.293697,b7895e80-f4d1-4648-bee0-4eb45a6f1fa8
potion-base-32m,chrome,verdict,hotel_review_genius_filter,0.526227,0.386932,0.139295,0.772791,b7895e80-f4d1-4648-bee0-4eb45a6f1fa8
potion-base-32m,chrome,verdict,hotel_search_price_sort,0.761342,0.562394,0.198948,0.545372,b7895e80-f4d1-4648-bee0-4eb45a6f1fa8
potion-base-32m,chrome,verdict,hotel_top_reviewed_open,0.475031,0.30878,0.166252,0.759481,b7895e80-f4d1-4648-bee0-4eb45a6f1fa8
potion-base-32m,chrome,verdict,info_sustainability,0.300469,0.242147,0.058322,0.923043,f3b19d1e-2d48-44e9-b4e1-defcae1a0197
potion-base-32m,chrome,verdict,language_switch_french,0.283137,0.218582,0.064555,0.917387,3720f614-37fd-4d04-8a6b-76f54f8c222d
potion-base-32m,chrome,verdict,multicity_three_segments,0.487381,0.433522,0.053859,0.904923,f79439ad-3ee8-4f99-a518-0eb60e5652b0
potion-base-32m,chrome,verdict,package_filter_4star,0.372109,0.296575,0.075534,0.892619,b7895e80-f4d1-4648-bee0-4eb45a6f1fa8
potion-base-32m,chrome,verdict,package_free_cancellation_filter,0.315523,0.268576,0.046947,0.935814,7b6c7e24-c58a-49fc-a5bb-d57b80e5b4c3
potion-base-32m,chrome,verdict,package_search_london_barcelona,0.4908,0.416514,0.074286,0.872686,f79439ad-3ee8-4f99-a518-0eb60e5652b0
potion-base-32m,chrome,verdict,package_sort_lowest_price,0.5115,0.464205,0.047295,0.91173,b7895e80-f4d1-4648-bee0-4eb45a6f1fa8
potion-base-32m,chrome,verdict,taxi_filter_luxury,0.329179,0.258975,0.070204,0.905261,47543840-672a-467d-80df-8f7c3b9788c9
potion-base-32m,chrome,verdict,taxi_search_lhr_3pax,0.455989,0.406953,0.049037,0.917314,fc6d8143-9452-4171-9459-7f515143419a
potion-base-32m,chrome,verdict,taxi_sort_most_passengers,0.556058,0.407459,0.148598,0.749219,47543840-672a-467d-80df-8f7c3b9788c9
potion-base-32m,chrome,verdict,trips_cancel_booking,0.343792,0.269179,0.074613,0.897905,b7895e80-f4d1-4648-bee0-4eb45a6f1fa8
potion-base-32m,chrome,verdict,trips_modify_checkin_date,0.322959,0.301799,0.021161,0.969693,b7895e80-f4d1-4648-bee0-4eb45a6f1fa8
potion-base-32m,chrome,verdict,trips_signin_email,0.335925,0.291635,0.04429,0.937476,da46d875-6b82-4681-9284-653b0c7ae241
potion-base-32m,chrome,verdict,trips_status_filter_cancelled,0.357442,0.354448,0.002994,0.995361,6c4c23a1-42a4-43cc-9db1-2f86ff3738cc
potion-base-32m,chrome,lower,030eeff7-b492-4218-b312-701ec99ee0cc,0.505159,0.472853,0.032307,0.938714,99146c54-4f37-4ab8-9327-5f3291665e1e
potion-base-32m,chrome,lower,06fe7178-4491-4589-810f-2e2bc9502122,0.439106,0.398542,0.040565,0.932556,99146c54-4f37-4ab8-9327-5f3291665e1e
potion-base-32m,chrome,lower,0d8b7de3-e8de-4d86-b9fd-dd2dce58a217,0.486422,0.355099,0.131323,0.796366,9f935cce-0a9f-435f-8007-817732bfc0a5
potion-base-32m,chrome,lower,12086550-11c0-466b-b367-1d9e75b3910e,0.536718,0.504515,0.032203,0.935007,99146c54-4f37-4ab8-9327-5f3291665e1e
potion-base-32m,chrome,lower,121ba48f-9e17-48ce-9bc6-a4fb17a7ebba,0.23636,0.229806,0.006554,0.99149,f3b19d1e-2d48-44e9-b4e1-defcae1a0197
potion-base-32m,chrome,lower,1704f00f-79e6-43a7-961b-cedd3724d5fd,0.509948,0.399071,0.110876,0.815492,b7895e80-f4d1-4648-bee0-4eb45a6f1fa8
potion-base-32m,chrome,lower,2888b4e6-5b47-4b57-8bf5-c73827890774,0.365376,0.300946,0.06443,0.907832,9f3f70fc-5afc-4958-a7b7-3bb4fcb01805
potion-base-32m,chrome,lower,2ad9387a-65d8-4e33-ad5b-7580065a27ca,0.586071,0.547674,0.038397,0.915113,7a5a7856-f1b6-42a4-ade9-1ca81ca0f263
potion-base-32m,chrome,lower,2ae9ba84-3a0d-4d4c-8338-3a1478dc5fe3,0.377433,0.373849,0.003584,0.994275,7b6c7e24-c58a-49fc-a5bb-d57b80e5b4c3
potion-base-32m,chrome,lower,3299584d-8f11-4457-bf4c-ce98f7600250,0.423093,0.414034,0.009059,0.984541,99146c54-4f37-4ab8-9327-5f3291665e1e
potion-base-32m,chrome,lower,35253b65-1c19-4304-8aa4-6884b8218fc0,0.550165,0.472853,0.077312,0.853339,6766f2b8-8a72-417f-a9e5-56fcaa735837
potion-base-32m,chrome,lower,368d9ba4-203c-40c1-9fa3-da2f1430ce63,0.350413,0.303064,0.047349,0.932061,6c4c23a1-42a4-43cc-9db1-2f86ff3738cc
potion-base-32m,chrome,lower,3720f614-37fd-4d04-8a6b-76f54f8c222d,0.429967,0.411912,0.018055,0.969298,480bcfea-d68f-4aaa-a0a9-2589ef319381
potion-base-32m,chrome,lower,44ee5668-ecd5-4366-a6ce-c1c9b8d4e938,0.550108,0.547274,0.002833,0.993742,99146c54-4f37-4ab8-9327-5f3291665e1e
potion-base-32m,chrome,lower,47543840-672a-467d-80df-8f7c3b9788c9,0.417032,0.402646,0.014386,0.975918,fc6d8143-9452-4171-9459-7f515143419a
potion-base-32m,chrome,lower,480bcfea-d68f-4aaa-a0a9-2589ef319381,0.498558,0.445234,0.053324,0.90388,99146c54-4f37-4ab8-9327-5f3291665e1e
potion-base-32m,chrome,lower,59155008-fe71-45ec-8a8f-dc35497b6aa8,0.373849,0.121256,0.252593,0.712552,2ae9ba84-3a0d-4d4c-8338-3a1478dc5fe3
potion-base-32m,chrome,lower,6766f2b8-8a72-417f-a9e5-56fcaa735837,0.550948,0.550165,0.000783,0.998259,e1e75309-3ddb-4d09-92ec-de869c928143
potion-base-32m,chrome,lower,6c4c23a1-42a4-43cc-9db1-2f86ff3738cc,0.438327,0.419643,0.018683,0.967807,f79439ad-3ee8-4f99-a518-0eb60e5652b0
potion-base-32m,chrome,lower,7a5a7856-f1b6-42a4-ade9-1ca81ca0f263,0.586071,0.439998,0.146073,0.739156,2ad9387a-65d8-4e33-ad5b-7580065a27ca
potion-base-32m,chrome,lower,7b6c7e24-c58a-49fc-a5bb-d57b80e5b4c3,0.547275,0.540343,0.006932,0.984919,44ee5668-ecd5-4366-a6ce-c1c9b8d4e938
potion-base-32m,chrome,lower,7f52cab9-535c-4835-ac8c-391ee64dc930,0.590649,0.424648,0.166001,0.711479,b7895e80-f4d1-4648-bee0-4eb45a6f1fa8
potion-base-32m,chrome,lower,82279c77-8fc6-46f6-9622-3ba96f61b477,0.302999,0.294256,0.008743,0.987611,6c4c23a1-42a4-43cc-9db1-2f86ff3738cc
potion-base-32m,chrome,lower,82bc8d6a-36eb-4d2d-8801-ef714fb1e55a,0.47136,0.404648,0.066712,0.887945,f79439ad-3ee8-4f99-a518-0eb60e5652b0
potion-base-32m,chrome,lower,93eabf48-6a27-4cb6-b963-7d5fe1e0d3a9,0.464591,0.406393,0.058198,0.901959,030eeff7-b492-4218-b312-701ec99ee0cc
potion-base-32m,chrome,lower,9656a811-9b5b-4ddf-99c7-5117bcef0626,0.445832,0.372101,0.073731,0.882576,030eeff7-b492-4218-b312-701ec99ee0cc
potion-base-32m,chrome,lower,99146c54-4f37-4ab8-9327-5f3291665e1e,0.550108,0.547674,0.002433,0.99462,44ee5668-ecd5-4366-a6ce-c1c9b8d4e938
potion-base-32m,chrome,lower,9f3f70fc-5afc-4958-a7b7-3bb4fcb01805,0.416762,0.365376,0.051386,0.919029,7f52cab9-535c-4835-ac8c-391ee64dc930
potion-base-32m,chrome,lower,9f935cce-0a9f-435f-8007-817732bfc0a5,0.486422,0.354782,0.131641,0.795975,0d8b7de3-e8de-4d86-b9fd-dd2dce58a217
potion-base-32m,chrome,lower,a728a36e-8bf1-4bb6-9a03-ef039a5233f0,0.286146,0.229806,0.05634,0.92685,f3b19d1e-2d48-44e9-b4e1-defcae1a0197
potion-base-32m,chrome,lower,a96b564e-dbe9-42c3-9ccf-b4498073438a,0.256022,0.255218,0.000803,0.998921,44ee5668-ecd5-4366-a6ce-c1c9b8d4e938
potion-base-32m,chrome,lower,ae78f875-5b98-4907-bbb5-9c737fc68c03,0.414079,0.410212,0.003867,0.993443,b7895e80-f4d1-4648-bee0-4eb45a6f1fa8
potion-base-32m,chrome,lower,af630914-714e-4a24-a7bb-f9af687d3b91,0.358818,0.331408,0.02741,0.959004,93eabf48-6a27-4cb6-b963-7d5fe1e0d3a9
potion-base-32m,chrome,lower,b070486d-e161-459b-aa2b-ef442d973b92,0.186934,0.121594,0.06534,0.925616,f0b971a1-6831-4b9b-a50e-22a6e47f45ba
potion-base-32m,chrome,lower,b4f95342-463e-4179-8c3f-193cd7241fb2,0.376727,0.36531,0.011416,0.982013,6c4c23a1-42a4-43cc-9db1-2f86ff3738cc
potion-base-32m,chrome,lower,b7895e80-f4d1-4648-bee0-4eb45a6f1fa8,0.590649,0.509948,0.080701,0.835322,7f52cab9-535c-4835-ac8c-391ee64dc930
potion-base-32m,chrome,lower,bb5e4c0d-f964-439c-97b6-bdb9747de3f4,0.448507,0.412461,0.036047,0.938648,44ee5668-ecd5-4366-a6ce-c1c9b8d4e938
potion-base-32m,chrome,lower,c1fa57f3-c3db-4596-8f09-020701085416,0.404625,0.373047,0.031578,0.949633,fc6d8143-9452-4171-9459-7f515143419a
potion-base-32m,chrome,lower,cabb3bae-cccb-41bd-9f5d-0f3a9fecd825,0.439248,0.424648,0.0146,0.974624,b7895e80-f4d1-4648-bee0-4eb45a6f1fa8
potion-base-32m,chrome,lower,da46d875-6b82-4681-9284-653b0c7ae241,0.345481,0.32978,0.015702,0.976572,12086550-11c0-466b-b367-1d9e75b3910e
potion-base-32m,chrome,lower,e1e75309-3ddb-4d09-92ec-de869c928143,0.550948,0.482063,0.068885,0.867001,6766f2b8-8a72-417f-a9e5-56fcaa735837
potion-base-32m,chrome,lower,f0b971a1-6831-4b9b-a50e-22a6e47f45ba,0.360315,0.334536,0.025779,0.961261,9f3f70fc-5afc-4958-a7b7-3bb4fcb01805
potion-base-32m,chrome,lower,f3b19d1e-2d48-44e9-b4e1-defcae1a0197,0.323694,0.32032,0.003374,0.995036,c1fa57f3-c3db-4596-8f09-020701085416
potion-base-32m,chrome,lower,f5d96daf-83a8-4c86-9686-bada31fc66ab,0.275107,0.209183,0.065924,0.916638,82279c77-8fc6-46f6-9622-3ba96f61b477
potion-base-32m,chrome,lower,f79439ad-3ee8-4f99-a518-0eb60e5652b0,0.47136,0.438327,0.033033,0.941187,82bc8d6a-36eb-4d2d-8801-ef714fb1e55a
potion-base-32m,chrome,lower,fc6d8143-9452-4171-9459-7f515143419a,0.419643,0.417032,0.002612,0.99552,6c4c23a1-42a4-43cc-9db1-2f86ff3738cc
potion-base-32m,chrome,cross_floor,030eeff7-b492-4218-b312-701ec99ee0cc,0.384509,0.36226,0.022249,0.965113,a5bbbcd5-b398-4c91-83d4-55e1e31bbb81
potion-base-32m,chrome,cross_floor,06fe7178-4491-4589-810f-2e2bc9502122,0.377093,0.319617,0.057476,0.915523,5ac2891a-eacd-4954-b339-98abba077adb
potion-base-32m,chrome,cross_floor,0d8b7de3-e8de-4d86-b9fd-dd2dce58a217,0.199534,0.159314,0.04022,0.952158,7882ed6e-bece-4bf0-bada-c32dc1ddae72
potion-base-32m,chrome,cross_floor,12086550-11c0-466b-b367-1d9e75b3910e,0.363757,0.352022,0.011736,0.981889,8ba5ae7a-5ae5-4eab-9fcc-5dd4fe3abf89
potion-base-32m,chrome,cross_floor,121ba48f-9e17-48ce-9bc6-a4fb17a7ebba,0.269425,0.196586,0.072839,0.909338,7882ed6e-bece-4bf0-bada-c32dc1ddae72
potion-base-32m,chrome,cross_floor,1704f00f-79e6-43a7-961b-cedd3724d5fd,0.228127,0.222451,0.005676,0.992701,7882ed6e-bece-4bf0-bada-c32dc1ddae72
potion-base-32m,chrome,cross_floor,2888b4e6-5b47-4b57-8bf5-c73827890774,0.227584,0.212368,0.015217,0.980681,d16c99dc-2a1e-46f2-b350-d97c86c85c15
potion-base-32m,chrome,cross_floor,2ad9387a-65d8-4e33-ad5b-7580065a27ca,0.446388,0.425097,0.021292,0.962965,8ba5ae7a-5ae5-4eab-9fcc-5dd4fe3abf89
potion-base-32m,chrome,cross_floor,2ae9ba84-3a0d-4d4c-8338-3a1478dc5fe3,0.301792,0.29364,0.008152,0.988459,8f080098-ddb1-424c-b438-4e96e5e4786e
potion-base-32m,chrome,cross_floor,3299584d-8f11-4457-bf4c-ce98f7600250,0.336155,0.334623,0.001533,0.997697,a5bbbcd5-b398-4c91-83d4-55e1e31bbb81
potion-base-32m,chrome,cross_floor,35253b65-1c19-4304-8aa4-6884b8218fc0,0.427907,0.40523,0.022677,0.961872,5ca86c6f-f317-49d8-b6a7-b527541caae8
potion-base-32m,chrome,cross_floor,368d9ba4-203c-40c1-9fa3-da2f1430ce63,0.206788,0.17081,0.035978,0.956611,bba3381f-b5eb-4439-bd9e-80c22218d5a7
potion-base-32m,chrome,cross_floor,3720f614-37fd-4d04-8a6b-76f54f8c222d,0.299,0.255834,0.043166,0.941995,5ca86c6f-f317-49d8-b6a7-b527541caae8
potion-base-32m,chrome,cross_floor,44ee5668-ecd5-4366-a6ce-c1c9b8d4e938,0.401135,0.305908,0.095227,0.862804,386dbd0e-0241-4a0a-b6a2-6704fba26b1c
potion-base-32m,chrome,cross_floor,47543840-672a-467d-80df-8f7c3b9788c9,0.226518,0.204482,0.022036,0.9723,7882ed6e-bece-4bf0-bada-c32dc1ddae72
potion-base-32m,chrome,cross_floor,480bcfea-d68f-4aaa-a0a9-2589ef319381,0.388729,0.324018,0.064711,0.904271,5ca86c6f-f317-49d8-b6a7-b527541caae8
potion-base-32m,chrome,cross_floor,59155008-fe71-45ec-8a8f-dc35497b6aa8,0.264445,0.12413,0.140315,0.8398,b148e375-fe0b-4bec-90e7-38632b0d73c2
potion-base-32m,chrome,cross_floor,6766f2b8-8a72-417f-a9e5-56fcaa735837,0.529714,0.476927,0.052787,0.899082,8ba5ae7a-5ae5-4eab-9fcc-5dd4fe3abf89
potion-base-32m,chrome,cross_floor,6c4c23a1-42a4-43cc-9db1-2f86ff3738cc,0.278838,0.114636,0.164202,0.814537,7882ed6e-bece-4bf0-bada-c32dc1ddae72
potion-base-32m,chrome,cross_floor,7a5a7856-f1b6-42a4-ade9-1ca81ca0f263,0.312641,0.303148,0.009493,0.986377,aa4b5023-aef6-4ed9-bdc9-705f59ab9ad6
potion-base-32m,chrome,cross_floor,7b6c7e24-c58a-49fc-a5bb-d57b80e5b4c3,0.403859,0.327507,0.076352,0.886465,aa4b5023-aef6-4ed9-bdc9-705f59ab9ad6
potion-base-32m,chrome,cross_floor,7f52cab9-535c-4835-ac8c-391ee64dc930,0.292899,0.213078,0.079821,0.898566,7882ed6e-bece-4bf0-bada-c32dc1ddae72
potion-base-32m,chrome,cross_floor,82279c77-8fc6-46f6-9622-3ba96f61b477,0.235284,0.232735,0.002549,0.996678,7b7617bd-57cc-468e-9c91-40c4ec2bcb3d
potion-base-32m,chrome,cross_floor,82bc8d6a-36eb-4d2d-8801-ef714fb1e55a,0.153241,0.129911,0.02333,0.973187,fba2c100-79e8-42df-ae74-b592418d54f4
potion-base-32m,chrome,cross_floor,93eabf48-6a27-4cb6-b963-7d5fe1e0d3a9,0.463804,0.460327,0.003477,0.993557,d06f0d4d-2cd5-4ede-8de9-598629438c6e
potion-base-32m,chrome,cross_floor,9656a811-9b5b-4ddf-99c7-5117bcef0626,0.230894,0.221651,0.009243,0.988125,a5bbbcd5-b398-4c91-83d4-55e1e31bbb81
potion-base-32m,chrome,cross_floor,99146c54-4f37-4ab8-9327-5f3291665e1e,0.387582,0.345296,0.042287,0.935411,5ca86c6f-f317-49d8-b6a7-b527541caae8
potion-base-32m,chrome,cross_floor,9f3f70fc-5afc-4958-a7b7-3bb4fcb01805,0.195796,0.157226,0.03857,0.954235,7882ed6e-bece-4bf0-bada-c32dc1ddae72
potion-base-32m,chrome,cross_floor,9f935cce-0a9f-435f-8007-817732bfc0a5,0.132435,0.115904,0.016531,0.981301,8ba5ae7a-5ae5-4eab-9fcc-5dd4fe3abf89
potion-base-32m,chrome,cross_floor,a728a36e-8bf1-4bb6-9a03-ef039a5233f0,0.203741,0.170781,0.03296,0.960252,5ca86c6f-f317-49d8-b6a7-b527541caae8
potion-base-32m,chrome,cross_floor,a96b564e-dbe9-42c3-9ccf-b4498073438a,0.213388,0.204259,0.009129,0.988527,bba3381f-b5eb-4439-bd9e-80c22218d5a7
potion-base-32m,chrome,cross_floor,ae78f875-5b98-4907-bbb5-9c737fc68c03,0.292365,0.267325,0.02504,0.965824,2e6f678f-472d-4c55-99cc-8e7c5c402a71
potion-base-32m,chrome,cross_floor,af630914-714e-4a24-a7bb-f9af687d3b91,0.326253,0.320368,0.005885,0.99134,d16c99dc-2a1e-46f2-b350-d97c86c85c15
potion-base-32m,chrome,cross_floor,b070486d-e161-459b-aa2b-ef442d973b92,0.155223,0.129148,0.026075,0.970058,38f48d40-764e-4e77-a7cf-51dfce880291
potion-base-32m,chrome,cross_floor,b4f95342-463e-4179-8c3f-193cd7241fb2,0.168589,0.125062,0.043527,0.950252,7882ed6e-bece-4bf0-bada-c32dc1ddae72
potion-base-32m,chrome,cross_floor,b7895e80-f4d1-4648-bee0-4eb45a6f1fa8,0.226976,0.167316,0.05966,0.928352,7882ed6e-bece-4bf0-bada-c32dc1ddae72
potion-base-32m,chrome,cross_floor,bb5e4c0d-f964-439c-97b6-bdb9747de3f4,0.287946,0.264391,0.023555,0.967979,5ca86c6f-f317-49d8-b6a7-b527541caae8
potion-base-32m,chrome,cross_floor,c1fa57f3-c3db-4596-8f09-020701085416,0.175251,0.142459,0.032792,0.96176,5ca86c6f-f317-49d8-b6a7-b527541caae8
potion-base-32m,chrome,cross_floor,cabb3bae-cccb-41bd-9f5d-0f3a9fecd825,0.330185,0.187599,0.142587,0.824487,7882ed6e-bece-4bf0-bada-c32dc1ddae72
potion-base-32m,chrome,cross_floor,da46d875-6b82-4681-9284-653b0c7ae241,0.308484,0.234262,0.074221,0.903072,386dbd0e-0241-4a0a-b6a2-6704fba26b1c
potion-base-32m,chrome,cross_floor,e1e75309-3ddb-4d09-92ec-de869c928143,0.5035,0.496526,0.006973,0.98615,8f080098-ddb1-424c-b438-4e96e5e4786e
potion-base-32m,chrome,cross_floor,f0b971a1-6831-4b9b-a50e-22a6e47f45ba,0.284968,0.227032,0.057936,0.925048,7882ed6e-bece-4bf0-bada-c32dc1ddae72
potion-base-32m,chrome,cross_floor,f3b19d1e-2d48-44e9-b4e1-defcae1a0197,0.207886,0.157504,0.050383,0.940198,bba3381f-b5eb-4439-bd9e-80c22218d5a7
potion-base-32m,chrome,cross_floor,f5d96daf-83a8-4c86-9686-bada31fc66ab,0.219334,0.172781,0.046553,0.943723,aa4b5023-aef6-4ed9-bdc9-705f59ab9ad6
potion-base-32m,chrome,cross_floor,f79439ad-3ee8-4f99-a518-0eb60e5652b0,0.190731,0.188883,0.001848,0.997721,aa4b5023-aef6-4ed9-bdc9-705f59ab9ad6
potion-base-32m,chrome,cross_floor,fc6d8143-9452-4171-9459-7f515143419a,0.086739,0.064458,0.022281,0.976184,aa4b5023-aef6-4ed9-bdc9-705f59ab9ad6
potion-base-32m,chrome,upper,030eeff7-b492-4218-b312-701ec99ee0cc::v0,0.954656,0.509213,0.445443,0.092391,030eeff7-b492-4218-b312-701ec99ee0cc
potion-base-32m,chrome,upper,030eeff7-b492-4218-b312-701ec99ee0cc::v1,0.942884,0.495634,0.44725,0.113243,030eeff7-b492-4218-b312-701ec99ee0cc
potion-base-32m,chrome,upper,030eeff7-b492-4218-b312-701ec99ee0cc::v2,0.857304,0.546633,0.310671,0.314747,030eeff7-b492-4218-b312-701ec99ee0cc
potion-base-32m,chrome,upper,030eeff7-b492-4218-b312-701ec99ee0cc::v3,0.913749,0.549235,0.364514,0.191343,030eeff7-b492-4218-b312-701ec99ee0cc
potion-base-32m,chrome,upper,030eeff7-b492-4218-b312-701ec99ee0cc::v4,0.820576,0.547634,0.272942,0.396634,030eeff7-b492-4218-b312-701ec99ee0cc
potion-base-32m,chrome,upper,06fe7178-4491-4589-810f-2e2bc9502122::v0,0.76284,0.444387,0.318453,0.426844,06fe7178-4491-4589-810f-2e2bc9502122
potion-base-32m,chrome,upper,06fe7178-4491-4589-810f-2e2bc9502122::v1,0.714713,0.423846,0.290867,0.495158,06fe7178-4491-4589-810f-2e2bc9502122
potion-base-32m,chrome,upper,06fe7178-4491-4589-810f-2e2bc9502122::v2,0.964472,0.439832,0.524641,0.063423,06fe7178-4491-4589-810f-2e2bc9502122
potion-base-32m,chrome,upper,06fe7178-4491-4589-810f-2e2bc9502122::v3,0.801288,0.481388,0.3199,0.383161,06fe7178-4491-4589-810f-2e2bc9502122
potion-base-32m,chrome,upper,06fe7178-4491-4589-810f-2e2bc9502122::v4,0.629121,0.369798,0.259323,0.588508,06fe7178-4491-4589-810f-2e2bc9502122
potion-base-32m,chrome,upper,0d8b7de3-e8de-4d86-b9fd-dd2dce58a217::v0,0.74383,0.383748,0.360082,0.415691,0d8b7de3-e8de-4d86-b9fd-dd2dce58a217
potion-base-32m,chrome,upper,0d8b7de3-e8de-4d86-b9fd-dd2dce58a217::v1,0.711084,0.3864,0.324684,0.470854,0d8b7de3-e8de-4d86-b9fd-dd2dce58a217
potion-base-32m,chrome,upper,0d8b7de3-e8de-4d86-b9fd-dd2dce58a217::v2,0.810592,0.317559,0.493032,0.277546,0d8b7de3-e8de-4d86-b9fd-dd2dce58a217
potion-base-32m,chrome,upper,0d8b7de3-e8de-4d86-b9fd-dd2dce58a217::v3,0.885796,0.470859,0.414937,0.215828,0d8b7de3-e8de-4d86-b9fd-dd2dce58a217
potion-base-32m,chrome,upper,0d8b7de3-e8de-4d86-b9fd-dd2dce58a217::v4,0.786547,0.286524,0.500023,0.299174,0d8b7de3-e8de-4d86-b9fd-dd2dce58a217
potion-base-32m,chrome,upper,12086550-11c0-466b-b367-1d9e75b3910e::v0,0.896254,0.437297,0.458958,0.18437,12086550-11c0-466b-b367-1d9e75b3910e
potion-base-32m,chrome,upper,12086550-11c0-466b-b367-1d9e75b3910e::v1,0.851329,0.430314,0.421015,0.26097,12086550-11c0-466b-b367-1d9e75b3910e
potion-base-32m,chrome,upper,12086550-11c0-466b-b367-1d9e75b3910e::v2,0.871782,0.442146,0.429636,0.229841,12086550-11c0-466b-b367-1d9e75b3910e
potion-base-32m,chrome,upper,12086550-11c0-466b-b367-1d9e75b3910e::v3,0.877642,0.456859,0.420784,0.225278,12086550-11c0-466b-b367-1d9e75b3910e
potion-base-32m,chrome,upper,12086550-11c0-466b-b367-1d9e75b3910e::v4,0.849412,0.459116,0.390296,0.278411,12086550-11c0-466b-b367-1d9e75b3910e
potion-base-32m,chrome,upper,121ba48f-9e17-48ce-9bc6-a4fb17a7ebba::v0,0.938969,0.265376,0.673593,0.083078,121ba48f-9e17-48ce-9bc6-a4fb17a7ebba
potion-base-32m,chrome,upper,121ba48f-9e17-48ce-9bc6-a4fb17a7ebba::v1,0.85869,0.278435,0.580256,0.195838,121ba48f-9e17-48ce-9bc6-a4fb17a7ebba
potion-base-32m,chrome,upper,121ba48f-9e17-48ce-9bc6-a4fb17a7ebba::v2,0.864634,0.259619,0.605015,0.182833,121ba48f-9e17-48ce-9bc6-a4fb17a7ebba
potion-base-32m,chrome,upper,121ba48f-9e17-48ce-9bc6-a4fb17a7ebba::v3,0.975554,0.239275,0.736279,0.032135,121ba48f-9e17-48ce-9bc6-a4fb17a7ebba
potion-base-32m,chrome,upper,121ba48f-9e17-48ce-9bc6-a4fb17a7ebba::v4,0.880571,0.300458,0.580113,0.170725,121ba48f-9e17-48ce-9bc6-a4fb17a7ebba
potion-base-32m,chrome,upper,1704f00f-79e6-43a7-961b-cedd3724d5fd::v0,0.914199,0.559147,0.355053,0.194624,1704f00f-79e6-43a7-961b-cedd3724d5fd
potion-base-32m,chrome,upper,1704f00f-79e6-43a7-961b-cedd3724d5fd::v1,0.916329,0.474783,0.441546,0.159308,1704f00f-79e6-43a7-961b-cedd3724d5fd
potion-base-32m,chrome,upper,1704f00f-79e6-43a7-961b-cedd3724d5fd::v2,0.928977,0.527156,0.401821,0.150205,1704f00f-79e6-43a7-961b-cedd3724d5fd
potion-base-32m,chrome,upper,1704f00f-79e6-43a7-961b-cedd3724d5fd::v3,0.889446,0.537747,0.351699,0.239164,1704f00f-79e6-43a7-961b-cedd3724d5fd
potion-base-32m,chrome,upper,1704f00f-79e6-43a7-961b-cedd3724d5fd::v4,0.855114,0.50378,0.351335,0.291978,1704f00f-79e6-43a7-961b-cedd3724d5fd
potion-base-32m,chrome,upper,2888b4e6-5b47-4b57-8bf5-c73827890774::v0,0.887264,0.377716,0.509548,0.181166,2888b4e6-5b47-4b57-8bf5-c73827890774
potion-base-32m,chrome,upper,2888b4e6-5b47-4b57-8bf5-c73827890774::v1,0.9132,0.398085,0.515116,0.144206,2888b4e6-5b47-4b57-8bf5-c73827890774
potion-base-32m,chrome,upper,2888b4e6-5b47-4b57-8bf5-c73827890774::v2,0.939603,0.387534,0.55207,0.098612,2888b4e6-5b47-4b57-8bf5-c73827890774
potion-base-32m,chrome,upper,2888b4e6-5b47-4b57-8bf5-c73827890774::v3,0.933784,0.424324,0.50946,0.115024,2888b4e6-5b47-4b57-8bf5-c73827890774
potion-base-32m,chrome,upper,2888b4e6-5b47-4b57-8bf5-c73827890774::v4,0.840614,0.386276,0.454338,0.259703,2888b4e6-5b47-4b57-8bf5-c73827890774
potion-base-32m,chrome,upper,2ad9387a-65d8-4e33-ad5b-7580065a27ca::v0,0.837713,0.517494,0.320218,0.336343,2ad9387a-65d8-4e33-ad5b-7580065a27ca
potion-base-32m,chrome,upper,2ad9387a-65d8-4e33-ad5b-7580065a27ca::v1,0.81837,0.515175,0.303196,0.374629,2ad9387a-65d8-4e33-ad5b-7580065a27ca
potion-base-32m,chrome,upper,2ad9387a-65d8-4e33-ad5b-7580065a27ca::v2,0.894909,0.562307,0.332602,0.240102,2ad9387a-65d8-4e33-ad5b-7580065a27ca
potion-base-32m,chrome,upper,2ad9387a-65d8-4e33-ad5b-7580065a27ca::v3,0.902487,0.547143,0.355344,0.215329,2ad9387a-65d8-4e33-ad5b-7580065a27ca
potion-base-32m,chrome,upper,2ad9387a-65d8-4e33-ad5b-7580065a27ca::v4,0.838266,0.553936,0.28433,0.36258,2ad9387a-65d8-4e33-ad5b-7580065a27ca
potion-base-32m,chrome,upper,2ae9ba84-3a0d-4d4c-8338-3a1478dc5fe3::v0,0.891117,0.417405,0.473712,0.186893,2ae9ba84-3a0d-4d4c-8338-3a1478dc5fe3
potion-base-32m,chrome,upper,2ae9ba84-3a0d-4d4c-8338-3a1478dc5fe3::v1,0.913945,0.409978,0.503967,0.14585,2ae9ba84-3a0d-4d4c-8338-3a1478dc5fe3
potion-base-32m,chrome,upper,2ae9ba84-3a0d-4d4c-8338-3a1478dc5fe3::v2,0.917609,0.355812,0.561796,0.127899,2ae9ba84-3a0d-4d4c-8338-3a1478dc5fe3
potion-base-32m,chrome,upper,2ae9ba84-3a0d-4d4c-8338-3a1478dc5fe3::v3,0.943567,0.398429,0.545139,0.093809,2ae9ba84-3a0d-4d4c-8338-3a1478dc5fe3
potion-base-32m,chrome,upper,2ae9ba84-3a0d-4d4c-8338-3a1478dc5fe3::v4,0.767482,0.445535,0.321947,0.419356,2ae9ba84-3a0d-4d4c-8338-3a1478dc5fe3
potion-base-32m,chrome,upper,3299584d-8f11-4457-bf4c-ce98f7600250::v0,0.8072,0.433256,0.373945,0.340188,3299584d-8f11-4457-bf4c-ce98f7600250
potion-base-32m,chrome,upper,3299584d-8f11-4457-bf4c-ce98f7600250::v1,0.733326,0.430895,0.302431,0.468584,3299584d-8f11-4457-bf4c-ce98f7600250
potion-base-32m,chrome,upper,3299584d-8f11-4457-bf4c-ce98f7600250::v2,0.801065,0.464766,0.336299,0.371678,3299584d-8f11-4457-bf4c-ce98f7600250
potion-base-32m,chrome,upper,3299584d-8f11-4457-bf4c-ce98f7600250::v3,0.873237,0.40642,0.466816,0.213558,3299584d-8f11-4457-bf4c-ce98f7600250
potion-base-32m,chrome,upper,3299584d-8f11-4457-bf4c-ce98f7600250::v4,0.74329,0.384617,0.358673,0.417155,3299584d-8f11-4457-bf4c-ce98f7600250
potion-base-32m,chrome,upper,35253b65-1c19-4304-8aa4-6884b8218fc0::v0,0.822336,0.561105,0.261231,0.404798,35253b65-1c19-4304-8aa4-6884b8218fc0
potion-base-32m,chrome,upper,35253b65-1c19-4304-8aa4-6884b8218fc0::v1,0.75678,0.570068,0.186713,0.565716,35253b65-1c19-4304-8aa4-6884b8218fc0
potion-base-32m,chrome,upper,35253b65-1c19-4304-8aa4-6884b8218fc0::v2,0.788846,0.569866,0.21898,0.490903,35253b65-1c19-4304-8aa4-6884b8218fc0
potion-base-32m,chrome,upper,35253b65-1c19-4304-8aa4-6884b8218fc0::v3,0.82452,0.568265,0.256255,0.406453,35253b65-1c19-4304-8aa4-6884b8218fc0
potion-base-32m,chrome,upper,35253b65-1c19-4304-8aa4-6884b8218fc0::v4,0.824995,0.609844,0.21515,0.448553,35253b65-1c19-4304-8aa4-6884b8218fc0
potion-base-32m,chrome,upper,368d9ba4-203c-40c1-9fa3-da2f1430ce63::v0,0.936388,0.372551,0.563837,0.101382,368d9ba4-203c-40c1-9fa3-da2f1430ce63
potion-base-32m,chrome,upper,368d9ba4-203c-40c1-9fa3-da2f1430ce63::v1,0.940216,0.335098,0.605118,0.089914,368d9ba4-203c-40c1-9fa3-da2f1430ce63
potion-base-32m,chrome,upper,368d9ba4-203c-40c1-9fa3-da2f1430ce63::v2,0.958866,0.32848,0.630386,0.061255,368d9ba4-203c-40c1-9fa3-da2f1430ce63
potion-base-32m,chrome,upper,368d9ba4-203c-40c1-9fa3-da2f1430ce63::v3,0.942779,0.300077,0.642702,0.081754,368d9ba4-203c-40c1-9fa3-da2f1430ce63
potion-base-32m,chrome,upper,368d9ba4-203c-40c1-9fa3-da2f1430ce63::v4,0.922284,0.347467,0.574817,0.119099,368d9ba4-203c-40c1-9fa3-da2f1430ce63
potion-base-32m,chrome,upper,3720f614-37fd-4d04-8a6b-76f54f8c222d::v0,0.814395,0.516756,0.297639,0.384081,3720f614-37fd-4d04-8a6b-76f54f8c222d
potion-base-32m,chrome,upper,3720f614-37fd-4d04-8a6b-76f54f8c222d::v1,0.869169,0.560693,0.308476,0.297813,3720f614-37fd-4d04-8a6b-76f54f8c222d
potion-base-32m,chrome,upper,3720f614-37fd-4d04-8a6b-76f54f8c222d::v2,0.854171,0.531964,0.322207,0.311576,3720f614-37fd-4d04-8a6b-76f54f8c222d
potion-base-32m,chrome,upper,3720f614-37fd-4d04-8a6b-76f54f8c222d::v3,0.884157,0.545498,0.338659,0.254878,3720f614-37fd-4d04-8a6b-76f54f8c222d
potion-base-32m,chrome,upper,3720f614-37fd-4d04-8a6b-76f54f8c222d::v4,0.866763,0.443022,0.423741,0.239214,3720f614-37fd-4d04-8a6b-76f54f8c222d
potion-base-32m,chrome,upper,44ee5668-ecd5-4366-a6ce-c1c9b8d4e938::v0,0.742939,0.453216,0.289723,0.470132,44ee5668-ecd5-4366-a6ce-c1c9b8d4e938
potion-base-32m,chrome,upper,44ee5668-ecd5-4366-a6ce-c1c9b8d4e938::v1,0.757052,0.522506,0.234546,0.508799,44ee5668-ecd5-4366-a6ce-c1c9b8d4e938
potion-base-32m,chrome,upper,44ee5668-ecd5-4366-a6ce-c1c9b8d4e938::v2,0.762126,0.526142,0.235983,0.501995,44ee5668-ecd5-4366-a6ce-c1c9b8d4e938
potion-base-32m,chrome,upper,44ee5668-ecd5-4366-a6ce-c1c9b8d4e938::v3,0.810434,0.52821,0.282224,0.401802,44ee5668-ecd5-4366-a6ce-c1c9b8d4e938
potion-base-32m,chrome,upper,44ee5668-ecd5-4366-a6ce-c1c9b8d4e938::v4,0.851868,0.461352,0.390516,0.275007,44ee5668-ecd5-4366-a6ce-c1c9b8d4e938
potion-base-32m,chrome,upper,47543840-672a-467d-80df-8f7c3b9788c9::v0,0.876718,0.381365,0.495353,0.19928,47543840-672a-467d-80df-8f7c3b9788c9
potion-base-32m,chrome,upper,47543840-672a-467d-80df-8f7c3b9788c9::v1,0.864401,0.383649,0.480752,0.220002,47543840-672a-467d-80df-8f7c3b9788c9
potion-base-32m,chrome,upper,47543840-672a-467d-80df-8f7c3b9788c9::v2,0.871634,0.435535,0.436099,0.227412,47543840-672a-467d-80df-8f7c3b9788c9
potion-base-32m,chrome,upper,47543840-672a-467d-80df-8f7c3b9788c9::v3,0.867901,0.421535,0.446366,0.228361,47543840-672a-467d-80df-8f7c3b9788c9
potion-base-32m,chrome,upper,47543840-672a-467d-80df-8f7c3b9788c9::v4,0.871546,0.410234,0.461311,0.217805,47543840-672a-467d-80df-8f7c3b9788c9
potion-base-32m,chrome,upper,480bcfea-d68f-4aaa-a0a9-2589ef319381::v0,0.855903,0.436753,0.41915,0.255832,480bcfea-d68f-4aaa-a0a9-2589ef319381
potion-base-32m,chrome,upper,480bcfea-d68f-4aaa-a0a9-2589ef319381::v1,0.81433,0.429964,0.384365,0.325717,480bcfea-d68f-4aaa-a0a9-2589ef319381
potion-base-32m,chrome,upper,480bcfea-d68f-4aaa-a0a9-2589ef319381::v2,0.766921,0.418041,0.34888,0.400507,480bcfea-d68f-4aaa-a0a9-2589ef319381
potion-base-32m,chrome,upper,480bcfea-d68f-4aaa-a0a9-2589ef319381::v3,0.879779,0.430133,0.449646,0.210963,480bcfea-d68f-4aaa-a0a9-2589ef319381
potion-base-32m,chrome,upper,480bcfea-d68f-4aaa-a0a9-2589ef319381::v4,0.803166,0.42525,0.377916,0.342468,480bcfea-d68f-4aaa-a0a9-2589ef319381
potion-base-32m,chrome,upper,59155008-fe71-45ec-8a8f-dc35497b6aa8::v0,0.966133,0.35479,0.611343,0.05249,59155008-fe71-45ec-8a8f-dc35497b6aa8
potion-base-32m,chrome,upper,59155008-fe71-45ec-8a8f-dc35497b6aa8::v1,0.750239,0.269174,0.481065,0.341752,59155008-fe71-45ec-8a8f-dc35497b6aa8
potion-base-32m,chrome,upper,59155008-fe71-45ec-8a8f-dc35497b6aa8::v2,0.851207,0.302998,0.548208,0.213476,59155008-fe71-45ec-8a8f-dc35497b6aa8
potion-base-32m,chrome,upper,59155008-fe71-45ec-8a8f-dc35497b6aa8::v3,0.997967,0.379605,0.618362,0.003277,59155008-fe71-45ec-8a8f-dc35497b6aa8
potion-base-32m,chrome,upper,59155008-fe71-45ec-8a8f-dc35497b6aa8::v4,0.795771,0.286312,0.509459,0.28616,59155008-fe71-45ec-8a8f-dc35497b6aa8
potion-base-32m,chrome,upper,6766f2b8-8a72-417f-a9e5-56fcaa735837::v0,0.960997,0.531504,0.429492,0.083252,6766f2b8-8a72-417f-a9e5-56fcaa735837
potion-base-32m,chrome,upper,6766f2b8-8a72-417f-a9e5-56fcaa735837::v1,0.927441,0.560388,0.367053,0.165053,6766f2b8-8a72-417f-a9e5-56fcaa735837
potion-base-32m,chrome,upper,6766f2b8-8a72-417f-a9e5-56fcaa735837::v2,0.94185,0.520654,0.421195,0.121312,6766f2b8-8a72-417f-a9e5-56fcaa735837
potion-base-32m,chrome,upper,6766f2b8-8a72-417f-a9e5-56fcaa735837::v3,0.911988,0.530997,0.380991,0.187658,6766f2b8-8a72-417f-a9e5-56fcaa735837
potion-base-32m,chrome,upper,6766f2b8-8a72-417f-a9e5-56fcaa735837::v4,0.856133,0.514354,0.341779,0.296238,6766f2b8-8a72-417f-a9e5-56fcaa735837
potion-base-32m,chrome,upper,6c4c23a1-42a4-43cc-9db1-2f86ff3738cc::v0,0.772822,0.455622,0.3172,0.417316,6c4c23a1-42a4-43cc-9db1-2f86ff3738cc
potion-base-32m,chrome,upper,6c4c23a1-42a4-43cc-9db1-2f86ff3738cc::v1,0.800828,0.485889,0.314939,0.38741,6c4c23a1-42a4-43cc-9db1-2f86ff3738cc
potion-base-32m,chrome,upper,6c4c23a1-42a4-43cc-9db1-2f86ff3738cc::v2,0.823771,0.431817,0.391954,0.310162,6c4c23a1-42a4-43cc-9db1-2f86ff3738cc
potion-base-32m,chrome,upper,6c4c23a1-42a4-43cc-9db1-2f86ff3738cc::v3,0.877935,0.449557,0.428379,0.221757,6c4c23a1-42a4-43cc-9db1-2f86ff3738cc
potion-base-32m,chrome,upper,6c4c23a1-42a4-43cc-9db1-2f86ff3738cc::v4,0.85098,0.402468,0.448512,0.249392,6c4c23a1-42a4-43cc-9db1-2f86ff3738cc
potion-base-32m,chrome,upper,7a5a7856-f1b6-42a4-ade9-1ca81ca0f263::v0,0.821249,0.562357,0.258892,0.40844,7a5a7856-f1b6-42a4-ade9-1ca81ca0f263
potion-base-32m,chrome,upper,7a5a7856-f1b6-42a4-ade9-1ca81ca0f263::v1,0.731819,0.548676,0.183143,0.59421,7a5a7856-f1b6-42a4-ade9-1ca81ca0f263
potion-base-32m,chrome,upper,7a5a7856-f1b6-42a4-ade9-1ca81ca0f263::v2,0.785195,0.575657,0.209538,0.506206,7a5a7856-f1b6-42a4-ade9-1ca81ca0f263
potion-base-32m,chrome,upper,7a5a7856-f1b6-42a4-ade9-1ca81ca0f263::v3,0.746804,0.591005,0.155799,0.619069,7a5a7856-f1b6-42a4-ade9-1ca81ca0f263
potion-base-32m,chrome,upper,7a5a7856-f1b6-42a4-ade9-1ca81ca0f263::v4,0.651726,0.525619,0.126107,0.734165,7a5a7856-f1b6-42a4-ade9-1ca81ca0f263
potion-base-32m,chrome,upper,7b6c7e24-c58a-49fc-a5bb-d57b80e5b4c3::v0,0.589856,0.477811,0.112045,0.785432,7b6c7e24-c58a-49fc-a5bb-d57b80e5b4c3
potion-base-32m,chrome,upper,7b6c7e24-c58a-49fc-a5bb-d57b80e5b4c3::v1,0.724056,0.531277,0.192778,0.588716,7b6c7e24-c58a-49fc-a5bb-d57b80e5b4c3
potion-base-32m,chrome,upper,7b6c7e24-c58a-49fc-a5bb-d57b80e5b4c3::v2,0.66586,0.560391,0.105468,0.760086,7b6c7e24-c58a-49fc-a5bb-d57b80e5b4c3
potion-base-32m,chrome,upper,7b6c7e24-c58a-49fc-a5bb-d57b80e5b4c3::v3,0.729597,0.539038,0.190559,0.586606,7b6c7e24-c58a-49fc-a5bb-d57b80e5b4c3
potion-base-32m,chrome,upper,7b6c7e24-c58a-49fc-a5bb-d57b80e5b4c3::v4,0.662834,0.406982,0.255851,0.56856,7b6c7e24-c58a-49fc-a5bb-d57b80e5b4c3
potion-base-32m,chrome,upper,7f52cab9-535c-4835-ac8c-391ee64dc930::v0,0.933423,0.503561,0.429862,0.13411,7f52cab9-535c-4835-ac8c-391ee64dc930
potion-base-32m,chrome,upper,7f52cab9-535c-4835-ac8c-391ee64dc930::v1,0.884699,0.478328,0.40637,0.221023,7f52cab9-535c-4835-ac8c-391ee64dc930
potion-base-32m,chrome,upper,7f52cab9-535c-4835-ac8c-391ee64dc930::v2,0.884419,0.495475,0.388944,0.229088,7f52cab9-535c-4835-ac8c-391ee64dc930
potion-base-32m,chrome,upper,7f52cab9-535c-4835-ac8c-391ee64dc930::v3,0.915106,0.469138,0.445968,0.159918,7f52cab9-535c-4835-ac8c-391ee64dc930
potion-base-32m,chrome,upper,7f52cab9-535c-4835-ac8c-391ee64dc930::v4,0.882866,0.430429,0.452436,0.205654,7f52cab9-535c-4835-ac8c-391ee64dc930
potion-base-32m,chrome,upper,82279c77-8fc6-46f6-9622-3ba96f61b477::v0,0.832989,0.372435,0.460554,0.266126,82279c77-8fc6-46f6-9622-3ba96f61b477
potion-base-32m,chrome,upper,82279c77-8fc6-46f6-9622-3ba96f61b477::v1,0.880577,0.259072,0.621505,0.161181,82279c77-8fc6-46f6-9622-3ba96f61b477
potion-base-32m,chrome,upper,82279c77-8fc6-46f6-9622-3ba96f61b477::v2,0.918016,0.307023,0.610993,0.118307,82279c77-8fc6-46f6-9622-3ba96f61b477
potion-base-32m,chrome,upper,82279c77-8fc6-46f6-9622-3ba96f61b477::v3,0.953784,0.312893,0.640891,0.067262,82279c77-8fc6-46f6-9622-3ba96f61b477
potion-base-32m,chrome,upper,82279c77-8fc6-46f6-9622-3ba96f61b477::v4,0.882,0.314677,0.567323,0.172181,82279c77-8fc6-46f6-9622-3ba96f61b477
potion-base-32m,chrome,upper,82bc8d6a-36eb-4d2d-8801-ef714fb1e55a::v0,0.879436,0.524676,0.35476,0.253647,82bc8d6a-36eb-4d2d-8801-ef714fb1e55a
potion-base-32m,chrome,upper,82bc8d6a-36eb-4d2d-8801-ef714fb1e55a::v1,0.908986,0.47966,0.429325,0.174913,82bc8d6a-36eb-4d2d-8801-ef714fb1e55a
potion-base-32m,chrome,upper,82bc8d6a-36eb-4d2d-8801-ef714fb1e55a::v2,0.899222,0.481761,0.41746,0.194463,82bc8d6a-36eb-4d2d-8801-ef714fb1e55a
potion-base-32m,chrome,upper,82bc8d6a-36eb-4d2d-8801-ef714fb1e55a::v3,0.859759,0.491488,0.368271,0.275786,82bc8d6a-36eb-4d2d-8801-ef714fb1e55a
potion-base-32m,chrome,upper,82bc8d6a-36eb-4d2d-8801-ef714fb1e55a::v4,0.866664,0.510588,0.356075,0.272442,82bc8d6a-36eb-4d2d-8801-ef714fb1e55a
potion-base-32m,chrome,upper,93eabf48-6a27-4cb6-b963-7d5fe1e0d3a9::v0,0.796311,0.442625,0.353686,0.365444,93eabf48-6a27-4cb6-b963-7d5fe1e0d3a9
potion-base-32m,chrome,upper,93eabf48-6a27-4cb6-b963-7d5fe1e0d3a9::v1,0.721758,0.486879,0.234879,0.542254,93eabf48-6a27-4cb6-b963-7d5fe1e0d3a9
potion-base-32m,chrome,upper,93eabf48-6a27-4cb6-b963-7d5fe1e0d3a9::v2,0.713176,0.460484,0.252692,0.531633,93eabf48-6a27-4cb6-b963-7d5fe1e0d3a9
potion-base-32m,chrome,upper,93eabf48-6a27-4cb6-b963-7d5fe1e0d3a9::v3,0.715675,0.422214,0.293461,0.492095,93eabf48-6a27-4cb6-b963-7d5fe1e0d3a9
potion-base-32m,chrome,upper,93eabf48-6a27-4cb6-b963-7d5fe1e0d3a9::v4,0.814045,0.463575,0.35047,0.346656,93eabf48-6a27-4cb6-b963-7d5fe1e0d3a9
potion-base-32m,chrome,upper,9656a811-9b5b-4ddf-99c7-5117bcef0626::v0,0.911275,0.372407,0.538868,0.141374,9656a811-9b5b-4ddf-99c7-5117bcef0626
potion-base-32m,chrome,upper,9656a811-9b5b-4ddf-99c7-5117bcef0626::v1,0.859738,0.346465,0.513272,0.214621,9656a811-9b5b-4ddf-99c7-5117bcef0626
potion-base-32m,chrome,upper,9656a811-9b5b-4ddf-99c7-5117bcef0626::v2,0.782097,0.475768,0.30633,0.41566,9656a811-9b5b-4ddf-99c7-5117bcef0626
potion-base-32m,chrome,upper,9656a811-9b5b-4ddf-99c7-5117bcef0626::v3,0.825954,0.356846,0.469108,0.270614,9656a811-9b5b-4ddf-99c7-5117bcef0626
potion-base-32m,chrome,upper,9656a811-9b5b-4ddf-99c7-5117bcef0626::v4,0.737744,0.414672,0.323072,0.448049,9656a811-9b5b-4ddf-99c7-5117bcef0626
potion-base-32m,chrome,upper,99146c54-4f37-4ab8-9327-5f3291665e1e::v0,0.821668,0.531445,0.290223,0.3806,99146c54-4f37-4ab8-9327-5f3291665e1e
potion-base-32m,chrome,upper,99146c54-4f37-4ab8-9327-5f3291665e1e::v1,0.769084,0.520929,0.248155,0.482008,99146c54-4f37-4ab8-9327-5f3291665e1e
potion-base-32m,chrome,upper,99146c54-4f37-4ab8-9327-5f3291665e1e::v2,0.836517,0.509685,0.326832,0.333424,99146c54-4f37-4ab8-9327-5f3291665e1e
potion-base-32m,chrome,upper,99146c54-4f37-4ab8-9327-5f3291665e1e::v3,0.908228,0.553317,0.35491,0.205453,99146c54-4f37-4ab8-9327-5f3291665e1e
potion-base-32m,chrome,upper,99146c54-4f37-4ab8-9327-5f3291665e1e::v4,0.72332,0.525955,0.197365,0.583659,99146c54-4f37-4ab8-9327-5f3291665e1e
potion-base-32m,chrome,upper,9f3f70fc-5afc-4958-a7b7-3bb4fcb01805::v0,0.768458,0.404432,0.364026,0.388775,9f3f70fc-5afc-4958-a7b7-3bb4fcb01805
potion-base-32m,chrome,upper,9f3f70fc-5afc-4958-a7b7-3bb4fcb01805::v1,0.850998,0.380279,0.470719,0.240434,9f3f70fc-5afc-4958-a7b7-3bb4fcb01805
potion-base-32m,chrome,upper,9f3f70fc-5afc-4958-a7b7-3bb4fcb01805::v2,0.827742,0.395651,0.432091,0.285031,9f3f70fc-5afc-4958-a7b7-3bb4fcb01805
potion-base-32m,chrome,upper,9f3f70fc-5afc-4958-a7b7-3bb4fcb01805::v3,0.942956,0.460291,0.482665,0.105694,9f3f70fc-5afc-4958-a7b7-3bb4fcb01805
potion-base-32m,chrome,upper,9f3f70fc-5afc-4958-a7b7-3bb4fcb01805::v4,0.789937,0.428677,0.36126,0.367678,9f3f70fc-5afc-4958-a7b7-3bb4fcb01805
potion-base-32m,chrome,upper,9f935cce-0a9f-435f-8007-817732bfc0a5::v0,0.838771,0.250617,0.588154,0.215149,9f935cce-0a9f-435f-8007-817732bfc0a5
potion-base-32m,chrome,upper,9f935cce-0a9f-435f-8007-817732bfc0a5::v1,0.740871,0.365434,0.375437,0.408356,9f935cce-0a9f-435f-8007-817732bfc0a5
potion-base-32m,chrome,upper,9f935cce-0a9f-435f-8007-817732bfc0a5::v2,0.845007,0.242331,0.602676,0.204565,9f935cce-0a9f-435f-8007-817732bfc0a5
potion-base-32m,chrome,upper,9f935cce-0a9f-435f-8007-817732bfc0a5::v3,0.860411,0.382863,0.477548,0.226188,9f935cce-0a9f-435f-8007-817732bfc0a5
potion-base-32m,chrome,upper,9f935cce-0a9f-435f-8007-817732bfc0a5::v4,0.991711,0.481585,0.510126,0.015989,9f935cce-0a9f-435f-8007-817732bfc0a5
potion-base-32m,chrome,upper,a728a36e-8bf1-4bb6-9a03-ef039a5233f0::v0,0.963272,0.305809,0.657462,0.052908,a728a36e-8bf1-4bb6-9a03-ef039a5233f0
potion-base-32m,chrome,upper,a728a36e-8bf1-4bb6-9a03-ef039a5233f0::v1,0.899722,0.249916,0.649806,0.13369,a728a36e-8bf1-4bb6-9a03-ef039a5233f0
potion-base-32m,chrome,upper,a728a36e-8bf1-4bb6-9a03-ef039a5233f0::v2,0.9501,0.258047,0.692053,0.067255,a728a36e-8bf1-4bb6-9a03-ef039a5233f0
potion-base-32m,chrome,upper,a728a36e-8bf1-4bb6-9a03-ef039a5233f0::v3,0.937702,0.286263,0.651439,0.087285,a728a36e-8bf1-4bb6-9a03-ef039a5233f0
potion-base-32m,chrome,upper,a728a36e-8bf1-4bb6-9a03-ef039a5233f0::v4,0.912836,0.275106,0.63773,0.120244,a728a36e-8bf1-4bb6-9a03-ef039a5233f0
potion-base-32m,chrome,upper,a96b564e-dbe9-42c3-9ccf-b4498073438a::v0,0.945668,0.25745,0.688218,0.07317,a96b564e-dbe9-42c3-9ccf-b4498073438a
potion-base-32m,chrome,upper,a96b564e-dbe9-42c3-9ccf-b4498073438a::v1,0.933666,0.264985,0.668681,0.090249,a96b564e-dbe9-42c3-9ccf-b4498073438a
potion-base-32m,chrome,upper,a96b564e-dbe9-42c3-9ccf-b4498073438a::v2,0.851769,0.24581,0.605959,0.196544,a96b564e-dbe9-42c3-9ccf-b4498073438a
potion-base-32m,chrome,upper,a96b564e-dbe9-42c3-9ccf-b4498073438a::v3,0.894923,0.200476,0.694448,0.131424,a96b564e-dbe9-42c3-9ccf-b4498073438a
potion-base-32m,chrome,upper,a96b564e-dbe9-42c3-9ccf-b4498073438a::v4,0.901207,0.28788,0.613327,0.138731,a96b564e-dbe9-42c3-9ccf-b4498073438a
potion-base-32m,chrome,upper,ae78f875-5b98-4907-bbb5-9c737fc68c03::v0,0.704181,0.464107,0.240073,0.552012,ae78f875-5b98-4907-bbb5-9c737fc68c03
potion-base-32m,chrome,upper,ae78f875-5b98-4907-bbb5-9c737fc68c03::v1,0.609272,0.427147,0.182125,0.682074,ae78f875-5b98-4907-bbb5-9c737fc68c03
potion-base-32m,chrome,upper,ae78f875-5b98-4907-bbb5-9c737fc68c03::v2,0.586593,0.454814,0.131779,0.758286,ae78f875-5b98-4907-bbb5-9c737fc68c03
potion-base-32m,chrome,upper,ae78f875-5b98-4907-bbb5-9c737fc68c03::v3,0.766429,0.483606,0.282823,0.452311,ae78f875-5b98-4907-bbb5-9c737fc68c03
potion-base-32m,chrome,upper,ae78f875-5b98-4907-bbb5-9c737fc68c03::v4,0.668518,0.502548,0.16597,0.66636,ae78f875-5b98-4907-bbb5-9c737fc68c03
potion-base-32m,chrome,upper,af630914-714e-4a24-a7bb-f9af687d3b91::v0,0.759936,0.446681,0.313254,0.433863,af630914-714e-4a24-a7bb-f9af687d3b91
potion-base-32m,chrome,upper,af630914-714e-4a24-a7bb-f9af687d3b91::v1,0.700011,0.453943,0.246068,0.549373,af630914-714e-4a24-a7bb-f9af687d3b91
potion-base-32m,chrome,upper,af630914-714e-4a24-a7bb-f9af687d3b91::v2,0.747038,0.40752,0.339518,0.426955,af630914-714e-4a24-a7bb-f9af687d3b91
potion-base-32m,chrome,upper,af630914-714e-4a24-a7bb-f9af687d3b91::v3,0.828767,0.42073,0.408037,0.295602,af630914-714e-4a24-a7bb-f9af687d3b91
potion-base-32m,chrome,upper,af630914-714e-4a24-a7bb-f9af687d3b91::v4,0.760491,0.40579,0.354702,0.40307,af630914-714e-4a24-a7bb-f9af687d3b91
potion-base-32m,chrome,upper,b070486d-e161-459b-aa2b-ef442d973b92::v0,0.901587,0.202195,0.699391,0.123355,b070486d-e161-459b-aa2b-ef442d973b92
potion-base-32m,chrome,upper,b070486d-e161-459b-aa2b-ef442d973b92::v1,0.882481,0.187562,0.694919,0.14465,b070486d-e161-459b-aa2b-ef442d973b92
potion-base-32m,chrome,upper,b070486d-e161-459b-aa2b-ef442d973b92::v2,0.855396,0.193239,0.662156,0.179241,b070486d-e161-459b-aa2b-ef442d973b92
potion-base-32m,chrome,upper,b070486d-e161-459b-aa2b-ef442d973b92::v3,0.829209,0.228722,0.600487,0.221439,b070486d-e161-459b-aa2b-ef442d973b92
potion-base-32m,chrome,upper,b070486d-e161-459b-aa2b-ef442d973b92::v4,0.906097,0.207439,0.698658,0.118481,b070486d-e161-459b-aa2b-ef442d973b92
potion-base-32m,chrome,upper,b4f95342-463e-4179-8c3f-193cd7241fb2::v0,0.929364,0.393698,0.535665,0.116504,b4f95342-463e-4179-8c3f-193cd7241fb2
potion-base-32m,chrome,upper,b4f95342-463e-4179-8c3f-193cd7241fb2::v1,0.871003,0.365625,0.505378,0.203345,b4f95342-463e-4179-8c3f-193cd7241fb2
potion-base-32m,chrome,upper,b4f95342-463e-4179-8c3f-193cd7241fb2::v2,0.887676,0.369542,0.518135,0.178162,b4f95342-463e-4179-8c3f-193cd7241fb2
potion-base-32m,chrome,upper,b4f95342-463e-4179-8c3f-193cd7241fb2::v3,0.819568,0.36303,0.456538,0.283266,b4f95342-463e-4179-8c3f-193cd7241fb2
potion-base-32m,chrome,upper,b4f95342-463e-4179-8c3f-193cd7241fb2::v4,0.890427,0.327336,0.563092,0.162894,b4f95342-463e-4179-8c3f-193cd7241fb2
potion-base-32m,chrome,upper,b7895e80-f4d1-4648-bee0-4eb45a6f1fa8::v0,0.929293,0.543162,0.386131,0.154776,b7895e80-f4d1-4648-bee0-4eb45a6f1fa8
potion-base-32m,chrome,upper,b7895e80-f4d1-4648-bee0-4eb45a6f1fa8::v1,0.876343,0.517592,0.358751,0.256333,b7895e80-f4d1-4648-bee0-4eb45a6f1fa8
potion-base-32m,chrome,upper,b7895e80-f4d1-4648-bee0-4eb45a6f1fa8::v2,0.886121,0.488566,0.397554,0.222667,b7895e80-f4d1-4648-bee0-4eb45a6f1fa8
potion-base-32m,chrome,upper,b7895e80-f4d1-4648-bee0-4eb45a6f1fa8::v3,0.865369,0.504417,0.360953,0.271661,b7895e80-f4d1-4648-bee0-4eb45a6f1fa8
potion-base-32m,chrome,upper,b7895e80-f4d1-4648-bee0-4eb45a6f1fa8::v4,0.859076,0.495196,0.36388,0.279166,b7895e80-f4d1-4648-bee0-4eb45a6f1fa8
potion-base-32m,chrome,upper,bb5e4c0d-f964-439c-97b6-bdb9747de3f4::v0,0.703626,0.466297,0.237329,0.555316,bb5e4c0d-f964-439c-97b6-bdb9747de3f4
potion-base-32m,chrome,upper,bb5e4c0d-f964-439c-97b6-bdb9747de3f4::v1,0.791041,0.513153,0.277888,0.429209,bb5e4c0d-f964-439c-97b6-bdb9747de3f4
potion-base-32m,chrome,upper,bb5e4c0d-f964-439c-97b6-bdb9747de3f4::v2,0.650038,0.52764,0.122398,0.740881,bb5e4c0d-f964-439c-97b6-bdb9747de3f4
potion-base-32m,chrome,upper,bb5e4c0d-f964-439c-97b6-bdb9747de3f4::v3,0.758709,0.465577,0.293132,0.451498,bb5e4c0d-f964-439c-97b6-bdb9747de3f4
potion-base-32m,chrome,upper,bb5e4c0d-f964-439c-97b6-bdb9747de3f4::v4,0.678112,0.402387,0.275725,0.538622,bb5e4c0d-f964-439c-97b6-bdb9747de3f4
potion-base-32m,chrome,upper,c1fa57f3-c3db-4596-8f09-020701085416::v0,0.929077,0.415351,0.513725,0.121309,c1fa57f3-c3db-4596-8f09-020701085416
potion-base-32m,chrome,upper,c1fa57f3-c3db-4596-8f09-020701085416::v1,0.920919,0.361451,0.559468,0.123845,c1fa57f3-c3db-4596-8f09-020701085416
potion-base-32m,chrome,upper,c1fa57f3-c3db-4596-8f09-020701085416::v2,0.98608,0.40051,0.58557,0.02322,c1fa57f3-c3db-4596-8f09-020701085416
potion-base-32m,chrome,upper,c1fa57f3-c3db-4596-8f09-020701085416::v3,0.950223,0.406386,0.543837,0.083854,c1fa57f3-c3db-4596-8f09-020701085416
potion-base-32m,chrome,upper,c1fa57f3-c3db-4596-8f09-020701085416::v4,0.916226,0.419421,0.496804,0.144294,c1fa57f3-c3db-4596-8f09-020701085416
potion-base-32m,chrome,upper,cabb3bae-cccb-41bd-9f5d-0f3a9fecd825::v0,0.943001,0.508971,0.434029,0.116082,cabb3bae-cccb-41bd-9f5d-0f3a9fecd825
potion-base-32m,chrome,upper,cabb3bae-cccb-41bd-9f5d-0f3a9fecd825::v1,0.852551,0.366094,0.486457,0.232605,cabb3bae-cccb-41bd-9f5d-0f3a9fecd825
potion-base-32m,chrome,upper,cabb3bae-cccb-41bd-9f5d-0f3a9fecd825::v2,0.877341,0.39811,0.479231,0.203789,cabb3bae-cccb-41bd-9f5d-0f3a9fecd825
potion-base-32m,chrome,upper,cabb3bae-cccb-41bd-9f5d-0f3a9fecd825::v3,0.945857,0.429061,0.516796,0.094831,cabb3bae-cccb-41bd-9f5d-0f3a9fecd825
potion-base-32m,chrome,upper,cabb3bae-cccb-41bd-9f5d-0f3a9fecd825::v4,0.882454,0.397197,0.485256,0.195,cabb3bae-cccb-41bd-9f5d-0f3a9fecd825
potion-base-32m,chrome,upper,da46d875-6b82-4681-9284-653b0c7ae241::v0,0.951275,0.349606,0.601669,0.074916,da46d875-6b82-4681-9284-653b0c7ae241
potion-base-32m,chrome,upper,da46d875-6b82-4681-9284-653b0c7ae241::v1,0.890144,0.341158,0.548987,0.16674,da46d875-6b82-4681-9284-653b0c7ae241
potion-base-32m,chrome,upper,da46d875-6b82-4681-9284-653b0c7ae241::v2,0.875427,0.374332,0.501095,0.199104,da46d875-6b82-4681-9284-653b0c7ae241
potion-base-32m,chrome,upper,da46d875-6b82-4681-9284-653b0c7ae241::v3,0.900984,0.367034,0.533949,0.156433,da46d875-6b82-4681-9284-653b0c7ae241
potion-base-32m,chrome,upper,da46d875-6b82-4681-9284-653b0c7ae241::v4,0.925574,0.3382,0.587374,0.11246,da46d875-6b82-4681-9284-653b0c7ae241
potion-base-32m,chrome,upper,e1e75309-3ddb-4d09-92ec-de869c928143::v0,0.905028,0.481608,0.42342,0.183205,e1e75309-3ddb-4d09-92ec-de869c928143
potion-base-32m,chrome,upper,e1e75309-3ddb-4d09-92ec-de869c928143::v1,0.862139,0.489049,0.37309,0.269812,e1e75309-3ddb-4d09-92ec-de869c928143
potion-base-32m,chrome,upper,e1e75309-3ddb-4d09-92ec-de869c928143::v2,0.811272,0.483375,0.327898,0.365309,e1e75309-3ddb-4d09-92ec-de869c928143
potion-base-32m,chrome,upper,e1e75309-3ddb-4d09-92ec-de869c928143::v3,0.896224,0.520171,0.376054,0.216277,e1e75309-3ddb-4d09-92ec-de869c928143
potion-base-32m,chrome,upper,e1e75309-3ddb-4d09-92ec-de869c928143::v4,0.852045,0.48287,0.369175,0.286108,e1e75309-3ddb-4d09-92ec-de869c928143
potion-base-32m,chrome,upper,f0b971a1-6831-4b9b-a50e-22a6e47f45ba::v0,0.959914,0.331546,0.628368,0.059968,f0b971a1-6831-4b9b-a50e-22a6e47f45ba
potion-base-32m,chrome,upper,f0b971a1-6831-4b9b-a50e-22a6e47f45ba::v1,0.910083,0.33208,0.578003,0.134622,f0b971a1-6831-4b9b-a50e-22a6e47f45ba
potion-base-32m,chrome,upper,f0b971a1-6831-4b9b-a50e-22a6e47f45ba::v2,0.958531,0.339095,0.619436,0.062746,f0b971a1-6831-4b9b-a50e-22a6e47f45ba
potion-base-32m,chrome,upper,f0b971a1-6831-4b9b-a50e-22a6e47f45ba::v3,0.976581,0.36185,0.614731,0.036698,f0b971a1-6831-4b9b-a50e-22a6e47f45ba
potion-base-32m,chrome,upper,f0b971a1-6831-4b9b-a50e-22a6e47f45ba::v4,0.929817,0.322253,0.607564,0.103553,f0b971a1-6831-4b9b-a50e-22a6e47f45ba
potion-base-32m,chrome,upper,f3b19d1e-2d48-44e9-b4e1-defcae1a0197::v0,0.805764,0.358696,0.447068,0.302876,f3b19d1e-2d48-44e9-b4e1-defcae1a0197
potion-base-32m,chrome,upper,f3b19d1e-2d48-44e9-b4e1-defcae1a0197::v1,0.846369,0.340966,0.505403,0.233115,f3b19d1e-2d48-44e9-b4e1-defcae1a0197
potion-base-32m,chrome,upper,f3b19d1e-2d48-44e9-b4e1-defcae1a0197::v2,0.943333,0.315632,0.627701,0.082803,f3b19d1e-2d48-44e9-b4e1-defcae1a0197
potion-base-32m,chrome,upper,f3b19d1e-2d48-44e9-b4e1-defcae1a0197::v3,0.951544,0.358577,0.592967,0.075544,f3b19d1e-2d48-44e9-b4e1-defcae1a0197
potion-base-32m,chrome,upper,f3b19d1e-2d48-44e9-b4e1-defcae1a0197::v4,0.902946,0.388147,0.514799,0.158623,f3b19d1e-2d48-44e9-b4e1-defcae1a0197
potion-base-32m,chrome,upper,f5d96daf-83a8-4c86-9686-bada31fc66ab::v0,0.98066,0.261128,0.719532,0.026175,f5d96daf-83a8-4c86-9686-bada31fc66ab
potion-base-32m,chrome,upper,f5d96daf-83a8-4c86-9686-bada31fc66ab::v1,0.983509,0.286017,0.697491,0.023098,f5d96daf-83a8-4c86-9686-bada31fc66ab
potion-base-32m,chrome,upper,f5d96daf-83a8-4c86-9686-bada31fc66ab::v2,0.966972,0.254574,0.712398,0.044307,f5d96daf-83a8-4c86-9686-bada31fc66ab
potion-base-32m,chrome,upper,f5d96daf-83a8-4c86-9686-bada31fc66ab::v3,0.971555,0.289085,0.68247,0.040012,f5d96daf-83a8-4c86-9686-bada31fc66ab
potion-base-32m,chrome,upper,f5d96daf-83a8-4c86-9686-bada31fc66ab::v4,0.985407,0.303568,0.681839,0.020954,f5d96daf-83a8-4c86-9686-bada31fc66ab
potion-base-32m,chrome,upper,f79439ad-3ee8-4f99-a518-0eb60e5652b0::v0,0.919891,0.498061,0.42183,0.159599,f79439ad-3ee8-4f99-a518-0eb60e5652b0
potion-base-32m,chrome,upper,f79439ad-3ee8-4f99-a518-0eb60e5652b0::v1,0.922909,0.483486,0.439423,0.149252,f79439ad-3ee8-4f99-a518-0eb60e5652b0
potion-base-32m,chrome,upper,f79439ad-3ee8-4f99-a518-0eb60e5652b0::v2,0.987696,0.476169,0.511527,0.023488,f79439ad-3ee8-4f99-a518-0eb60e5652b0
potion-base-32m,chrome,upper,f79439ad-3ee8-4f99-a518-0eb60e5652b0::v3,0.981452,0.465129,0.516322,0.034678,f79439ad-3ee8-4f99-a518-0eb60e5652b0
potion-base-32m,chrome,upper,f79439ad-3ee8-4f99-a518-0eb60e5652b0::v4,0.923181,0.480996,0.442185,0.148012,f79439ad-3ee8-4f99-a518-0eb60e5652b0
potion-base-32m,chrome,upper,fc6d8143-9452-4171-9459-7f515143419a::v0,0.957815,0.43476,0.523055,0.074633,fc6d8143-9452-4171-9459-7f515143419a
potion-base-32m,chrome,upper,fc6d8143-9452-4171-9459-7f515143419a::v1,0.961183,0.421482,0.539701,0.067098,fc6d8143-9452-4171-9459-7f515143419a
potion-base-32m,chrome,upper,fc6d8143-9452-4171-9459-7f515143419a::v2,0.951732,0.394223,0.557509,0.079679,fc6d8143-9452-4171-9459-7f515143419a
potion-base-32m,chrome,upper,fc6d8143-9452-4171-9459-7f515143419a::v3,0.953006,0.441364,0.511642,0.084123,fc6d8143-9452-4171-9459-7f515143419a
potion-base-32m,chrome,upper,fc6d8143-9452-4171-9459-7f515143419a::v4,0.971832,0.444554,0.527279,0.050712,fc6d8143-9452-4171-9459-7f515143419a
potion-base-32m,gimp,verdict,gimp_add_border_export,0.553495,0.524311,0.029183,0.93865,62f7fd55-0687-4a43-b6e1-3eda16fc6252
potion-base-32m,gimp,verdict,gimp_add_guide_50pct,0.391645,0.338291,0.053354,0.919369,72f83cdc-bf76-4531-9a1b-eb893a13f8aa
potion-base-32m,gimp,verdict,gimp_add_layer_mask_black,0.541905,0.507746,0.034159,0.930607,734d6579-c07d-47a8-9ae2-13339795476b
potion-base-32m,gimp,verdict,gimp_alpha_channel_erase,0.389509,0.328385,0.061124,0.90899,734d6579-c07d-47a8-9ae2-13339795476b
potion-base-32m,gimp,verdict,gimp_brighten_photo,0.643204,0.599788,0.043416,0.891517,7a4deb26-d57d-4ea9-9a73-630f66a7b568
potion-base-32m,gimp,verdict,gimp_canvas_size_white_fill,0.570453,0.378962,0.191491,0.691659,d16c99dc-2a1e-46f2-b350-d97c86c85c15
potion-base-32m,gimp,verdict,gimp_channel_new_mask,0.281025,0.191818,0.089207,0.88962,b148e375-fe0b-4bec-90e7-38632b0d73c2
potion-base-32m,gimp,verdict,gimp_convert_webp,0.537147,0.497144,0.040003,0.920448,62f7fd55-0687-4a43-b6e1-3eda16fc6252
potion-base-32m,gimp,verdict,gimp_crop_square_512,0.5151,0.457579,0.057521,0.893956,62f7fd55-0687-4a43-b6e1-3eda16fc6252
potion-base-32m,gimp,verdict,gimp_curves_adjustment,0.348081,0.323996,0.024085,0.964372,f723c744-e62c-4ae6-98d1-750d3cd7d79d
potion-base-32m,gimp,verdict,gimp_drop_shadow_filter,0.50178,0.416508,0.085272,0.853859,734d6579-c07d-47a8-9ae2-13339795476b
potion-base-32m,gimp,verdict,gimp_export_gif,0.51667,0.465195,0.051475,0.903751,77b8ab4d-994f-43ac-8930-8ca087d7c4b4
potion-base-32m,gimp,verdict,gimp_export_output_png,0.685805,0.544278,0.141527,0.689445,77b8ab4d-994f-43ac-8930-8ca087d7c4b4
potion-base-32m,gimp,verdict,gimp_export_pdf,0.422184,0.350241,0.071943,0.889277,77b8ab4d-994f-43ac-8930-8ca087d7c4b4
potion-base-32m,gimp,verdict,gimp_export_psd,0.607362,0.544931,0.062431,0.862809,77b8ab4d-994f-43ac-8930-8ca087d7c4b4
potion-base-32m,gimp,verdict,gimp_export_tiff,0.450462,0.426324,0.024138,0.957923,77b8ab4d-994f-43ac-8930-8ca087d7c4b4
potion-base-32m,gimp,verdict,gimp_flip_vertical,0.548602,0.377587,0.171015,0.725238,72f83cdc-bf76-4531-9a1b-eb893a13f8aa
potion-base-32m,gimp,verdict,gimp_fuzzy_select_fill,0.317048,0.305711,0.011337,0.983671,fbb548ca-c2a6-4601-9204-e39a2efc507b
potion-base-32m,gimp,verdict,gimp_gaussian_blur_dialog,0.708182,0.30362,0.404561,0.41905,a746add2-cab0-4740-ac36-c3769d9bfb46
potion-base-32m,gimp,verdict,gimp_gradient_fill_canvas,0.379967,0.357112,0.022856,0.964449,fbb548ca-c2a6-4601-9204-e39a2efc507b
potion-base-32m,gimp,verdict,gimp_grayscale_mode,0.594132,0.578997,0.015134,0.964052,06ca5602-62ca-47f6-ad4f-da151cde54cc
potion-base-32m,gimp,verdict,gimp_group_layers,0.40337,0.303849,0.099522,0.85704,734d6579-c07d-47a8-9ae2-13339795476b
potion-base-32m,gimp,verdict,gimp_hide_right_docks,0.791535,0.437551,0.353984,0.370638,d52d6308-ec58-42b7-a2c9-de80e4837b2b
potion-base-32m,gimp,verdict,gimp_icon_theme_legacy,0.64897,0.54686,0.10211,0.774662,7767eef2-56a3-4cea-8c9f-48c070c7d65b
potion-base-32m,gimp,verdict,gimp_indexed_16_colors,0.483364,0.31576,0.167604,0.75505,fbb548ca-c2a6-4601-9204-e39a2efc507b
potion-base-32m,gimp,verdict,gimp_indexed_color_mode,0.748626,0.552787,0.195838,0.562091,045bf3ff-9077-4b86-b483-a1040a949cff
potion-base-32m,gimp,verdict,gimp_layer_blend_screen,0.468882,0.425456,0.043426,0.924417,734d6579-c07d-47a8-9ae2-13339795476b
potion-base-32m,gimp,verdict,gimp_layer_preview_large,0.337558,0.309912,0.027646,0.959939,06ca5602-62ca-47f6-ad4f-da151cde54cc
potion-base-32m,gimp,verdict,gimp_levels_adjustment,0.379945,0.314688,0.065258,0.904777,7767eef2-56a3-4cea-8c9f-48c070c7d65b
potion-base-32m,gimp,verdict,gimp_lower_contrast,0.436817,0.386124,0.050693,0.917421,f723c744-e62c-4ae6-98d1-750d3cd7d79d
potion-base-32m,gimp,verdict,gimp_merge_visible_clip,0.38675,0.381903,0.004846,0.992159,734d6579-c07d-47a8-9ae2-13339795476b
potion-base-32m,gimp,verdict,gimp_moon_top_left,0.593737,0.467606,0.126132,0.763086,f4aec372-4fb0-4df5-a52b-79e0e2a5d6ce
potion-base-32m,gimp,verdict,gimp_new_layer_half_opacity,0.507059,0.374749,0.13231,0.788389,734d6579-c07d-47a8-9ae2-13339795476b
potion-base-32m,gimp,verdict,gimp_new_layer_multiply,0.427838,0.426772,0.001066,0.99814,b148e375-fe0b-4bec-90e7-38632b0d73c2
potion-base-32m,gimp,verdict,gimp_new_layer_name,0.705467,0.54325,0.162217,0.644845,b148e375-fe0b-4bec-90e7-38632b0d73c2
potion-base-32m,gimp,verdict,gimp_new_layer_white_fill,0.506262,0.454987,0.051275,0.905919,734d6579-c07d-47a8-9ae2-13339795476b
potion-base-32m,gimp,verdict,gimp_new_text_sale,0.409086,0.401571,0.007515,0.987442,e2dd0213-26db-4349-abe5-d5667bfd725c
potion-base-32m,gimp,verdict,gimp_path_new_outline,0.23568,0.227663,0.008018,0.989619,b148e375-fe0b-4bec-90e7-38632b0d73c2
potion-base-32m,gimp,verdict,gimp_pointer_crosshair,0.320092,0.30075,0.019342,0.972338,5ca86c6f-f317-49d8-b6a7-b527541caae8
potion-base-32m,gimp,verdict,gimp_posterize_effect,0.385317,0.356177,0.02914,0.95474,62f7fd55-0687-4a43-b6e1-3eda16fc6252
potion-base-32m,gimp,verdict,gimp_recent_files_20,0.459243,0.417603,0.041639,0.928504,dbbf4b99-2253-4b10-9274-45f246af2466
potion-base-32m,gimp,verdict,gimp_red_background_layer,0.700516,0.407596,0.29292,0.50554,734d6579-c07d-47a8-9ae2-13339795476b
potion-base-32m,gimp,verdict,gimp_reduce_saturation,0.578267,0.477654,0.100613,0.807383,554785e9-4523-4e7a-b8e1-8016f565f56a
potion-base-32m,gimp,verdict,gimp_resize_layer_256,0.736625,0.397615,0.339011,0.437219,d16c99dc-2a1e-46f2-b350-d97c86c85c15
potion-base-32m,gimp,verdict,gimp_rotate_90_export,0.516358,0.487738,0.028619,0.944132,62f7fd55-0687-4a43-b6e1-3eda16fc6252
potion-base-32m,gimp,verdict,gimp_save_project_xcf,0.516196,0.471467,0.044729,0.915371,dbbf4b99-2253-4b10-9274-45f246af2466
potion-base-32m,gimp,verdict,gimp_scale_image_800x600,0.561892,0.508142,0.05375,0.89072,62f7fd55-0687-4a43-b6e1-3eda16fc6252
potion-base-32m,gimp,verdict,gimp_scriptfu_export,0.533211,0.455658,0.077553,0.857529,62f7fd55-0687-4a43-b6e1-3eda16fc6252
potion-base-32m,gimp,verdict,gimp_selection_feather_25,0.393905,0.355134,0.038771,0.939877,d16c99dc-2a1e-46f2-b350-d97c86c85c15
potion-base-32m,gimp,verdict,gimp_selection_grow_10,0.413774,0.393454,0.02032,0.966499,d16c99dc-2a1e-46f2-b350-d97c86c85c15
potion-base-32m,gimp,verdict,gimp_text_box_right,0.720731,0.329192,0.391539,0.416317,e2dd0213-26db-4349-abe5-d5667bfd725c
potion-base-32m,gimp,verdict,gimp_theme_light,0.768671,0.549858,0.218813,0.513902,7767eef2-56a3-4cea-8c9f-48c070c7d65b
potion-base-32m,gimp,verdict,gimp_toggle_multi_window_mode,0.510132,0.497349,0.012783,0.974569,5ca86c6f-f317-49d8-b6a7-b527541caae8
potion-base-32m,gimp,verdict,gimp_undo_levels_50,0.60509,0.433856,0.171234,0.697543,7b7617bd-57cc-468e-9c91-40c4ec2bcb3d
potion-base-32m,gimp,verdict,gimp_white_background,0.482006,0.368973,0.113033,0.820875,2a729ded-3296-423d-aec4-7dd55ed5fbb3
potion-base-32m,gimp,lower,045bf3ff-9077-4b86-b483-a1040a949cff,0.507264,0.492152,0.015112,0.970244,dbbf4b99-2253-4b10-9274-45f246af2466
potion-base-32m,gimp,lower,06ca5602-62ca-47f6-ad4f-da151cde54cc,0.441349,0.393263,0.048087,0.920745,fbb548ca-c2a6-4601-9204-e39a2efc507b
potion-base-32m,gimp,lower,2a729ded-3296-423d-aec4-7dd55ed5fbb3,0.43619,0.407496,0.028694,0.951572,734d6579-c07d-47a8-9ae2-13339795476b
potion-base-32m,gimp,lower,2e6f678f-472d-4c55-99cc-8e7c5c402a71,0.48453,0.478274,0.006257,0.988008,7767eef2-56a3-4cea-8c9f-48c070c7d65b
potion-base-32m,gimp,lower,38f48d40-764e-4e77-a7cf-51dfce880291,0.379783,0.346227,0.033556,0.948673,62f7fd55-0687-4a43-b6e1-3eda16fc6252
potion-base-32m,gimp,lower,554785e9-4523-4e7a-b8e1-8016f565f56a,0.532894,0.515693,0.017201,0.964483,7a4deb26-d57d-4ea9-9a73-630f66a7b568
potion-base-32m,gimp,lower,58d3eeeb-e9d0-499f-962e-fd0db2a744d8,0.345819,0.27347,0.072349,0.900418,e2dd0213-26db-4349-abe5-d5667bfd725c
potion-base-32m,gimp,lower,5ca86c6f-f317-49d8-b6a7-b527541caae8,0.650443,0.52744,0.123003,0.739709,62f7fd55-0687-4a43-b6e1-3eda16fc6252
potion-base-32m,gimp,lower,62f7fd55-0687-4a43-b6e1-3eda16fc6252,0.674652,0.650443,0.024209,0.930745,dbbf4b99-2253-4b10-9274-45f246af2466
potion-base-32m,gimp,lower,72f83cdc-bf76-4531-9a1b-eb893a13f8aa,0.335018,0.3214,0.013617,0.979933,e2dd0213-26db-4349-abe5-d5667bfd725c
potion-base-32m,gimp,lower,734d6579-c07d-47a8-9ae2-13339795476b,0.43619,0.436083,0.000106,0.999811,2a729ded-3296-423d-aec4-7dd55ed5fbb3
potion-base-32m,gimp,lower,7767eef2-56a3-4cea-8c9f-48c070c7d65b,0.641831,0.49368,0.14815,0.707398,fbb548ca-c2a6-4601-9204-e39a2efc507b
potion-base-32m,gimp,lower,77b8ab4d-994f-43ac-8930-8ca087d7c4b4,0.523908,0.46488,0.059028,0.889693,62f7fd55-0687-4a43-b6e1-3eda16fc6252
potion-base-32m,gimp,lower,7a4deb26-d57d-4ea9-9a73-630f66a7b568,0.889606,0.532894,0.356713,0.236335,e19bd559-633b-4b02-940f-d946248f088e
potion-base-32m,gimp,lower,7b7617bd-57cc-468e-9c91-40c4ec2bcb3d,0.272734,0.236068,0.036666,0.952003,2e6f678f-472d-4c55-99cc-8e7c5c402a71
potion-base-32m,gimp,lower,8ea73f6f-9689-42ad-8c60-195bbf06a7ba,0.473166,0.385604,0.087562,0.857482,d16c99dc-2a1e-46f2-b350-d97c86c85c15
potion-base-32m,gimp,lower,a746add2-cab0-4740-ac36-c3769d9bfb46,0.300688,0.298713,0.001975,0.997183,d52d6308-ec58-42b7-a2c9-de80e4837b2b
potion-base-32m,gimp,lower,b148e375-fe0b-4bec-90e7-38632b0d73c2,0.41211,0.402964,0.009145,0.984682,77b8ab4d-994f-43ac-8930-8ca087d7c4b4
potion-base-32m,gimp,lower,d16c99dc-2a1e-46f2-b350-d97c86c85c15,0.473166,0.398125,0.075042,0.87532,8ea73f6f-9689-42ad-8c60-195bbf06a7ba
potion-base-32m,gimp,lower,d52d6308-ec58-42b7-a2c9-de80e4837b2b,0.452152,0.442457,0.009695,0.982611,7767eef2-56a3-4cea-8c9f-48c070c7d65b
potion-base-32m,gimp,lower,dbbf4b99-2253-4b10-9274-45f246af2466,0.674652,0.52744,0.147212,0.688479,62f7fd55-0687-4a43-b6e1-3eda16fc6252
potion-base-32m,gimp,lower,e19bd559-633b-4b02-940f-d946248f088e,0.889606,0.479249,0.410357,0.21199,7a4deb26-d57d-4ea9-9a73-630f66a7b568
potion-base-32m,gimp,lower,e2dd0213-26db-4349-abe5-d5667bfd725c,0.436084,0.415475,0.020608,0.964744,734d6579-c07d-47a8-9ae2-13339795476b
potion-base-32m,gimp,lower,f4aec372-4fb0-4df5-a52b-79e0e2a5d6ce,0.386546,0.381468,0.005077,0.991791,e2dd0213-26db-4349-abe5-d5667bfd725c
potion-base-32m,gimp,lower,f723c744-e62c-4ae6-98d1-750d3cd7d79d,0.508846,0.369893,0.138953,0.779478,554785e9-4523-4e7a-b8e1-8016f565f56a
potion-base-32m,gimp,lower,fbb548ca-c2a6-4601-9204-e39a2efc507b,0.641831,0.515693,0.126138,0.73955,7767eef2-56a3-4cea-8c9f-48c070c7d65b
potion-base-32m,gimp,cross_floor,045bf3ff-9077-4b86-b483-a1040a949cff,0.430827,0.376535,0.054292,0.912919,8d9fd4e2-6fdb-46b0-b9b9-02f06495c62f
potion-base-32m,gimp,cross_floor,06ca5602-62ca-47f6-ad4f-da151cde54cc,0.255941,0.254568,0.001373,0.998158,fba2c100-79e8-42df-ae74-b592418d54f4
potion-base-32m,gimp,cross_floor,2a729ded-3296-423d-aec4-7dd55ed5fbb3,0.496114,0.338969,0.157144,0.762274,efcf0d81-0835-4880-b2fd-d866e8bc2294
potion-base-32m,gimp,cross_floor,2e6f678f-472d-4c55-99cc-8e7c5c402a71,0.455389,0.348781,0.106609,0.836294,cb130f0d-d36f-4302-9838-b3baf46139b6
potion-base-32m,gimp,cross_floor,38f48d40-764e-4e77-a7cf-51dfce880291,0.497803,0.471986,0.025817,0.951106,8d9fd4e2-6fdb-46b0-b9b9-02f06495c62f
potion-base-32m,gimp,cross_floor,554785e9-4523-4e7a-b8e1-8016f565f56a,0.419845,0.38954,0.030306,0.950356,d06f0d4d-2cd5-4ede-8de9-598629438c6e
potion-base-32m,gimp,cross_floor,58d3eeeb-e9d0-499f-962e-fd0db2a744d8,0.336956,0.258126,0.07883,0.893742,8f080098-ddb1-424c-b438-4e96e5e4786e
potion-base-32m,gimp,cross_floor,5ca86c6f-f317-49d8-b6a7-b527541caae8,0.496526,0.476927,0.019599,0.962531,e1e75309-3ddb-4d09-92ec-de869c928143
potion-base-32m,gimp,cross_floor,62f7fd55-0687-4a43-b6e1-3eda16fc6252,0.51177,0.439842,0.071928,0.871594,fba2c100-79e8-42df-ae74-b592418d54f4
potion-base-32m,gimp,cross_floor,72f83cdc-bf76-4531-9a1b-eb893a13f8aa,0.281283,0.265345,0.015938,0.978306,cb130f0d-d36f-4302-9838-b3baf46139b6
potion-base-32m,gimp,cross_floor,734d6579-c07d-47a8-9ae2-13339795476b,0.395228,0.285789,0.109439,0.84677,d06f0d4d-2cd5-4ede-8de9-598629438c6e
potion-base-32m,gimp,cross_floor,7767eef2-56a3-4cea-8c9f-48c070c7d65b,0.492555,0.41194,0.080615,0.862914,d06f0d4d-2cd5-4ede-8de9-598629438c6e
potion-base-32m,gimp,cross_floor,77b8ab4d-994f-43ac-8930-8ca087d7c4b4,0.536628,0.527611,0.009017,0.980913,fba2c100-79e8-42df-ae74-b592418d54f4
potion-base-32m,gimp,cross_floor,7a4deb26-d57d-4ea9-9a73-630f66a7b568,0.533703,0.529088,0.004615,0.9902,cb130f0d-d36f-4302-9838-b3baf46139b6
potion-base-32m,gimp,cross_floor,7b7617bd-57cc-468e-9c91-40c4ec2bcb3d,0.279313,0.263991,0.015322,0.979183,99146c54-4f37-4ab8-9327-5f3291665e1e
potion-base-32m,gimp,cross_floor,8ea73f6f-9689-42ad-8c60-195bbf06a7ba,0.310102,0.300545,0.009558,0.986335,9195653c-f4aa-453d-aa95-787f6ccfaae9
potion-base-32m,gimp,cross_floor,a746add2-cab0-4740-ac36-c3769d9bfb46,0.374213,0.314659,0.059554,0.913103,8d9fd4e2-6fdb-46b0-b9b9-02f06495c62f
potion-base-32m,gimp,cross_floor,b148e375-fe0b-4bec-90e7-38632b0d73c2,0.289522,0.264445,0.025077,0.965907,2ae9ba84-3a0d-4d4c-8338-3a1478dc5fe3
potion-base-32m,gimp,cross_floor,d16c99dc-2a1e-46f2-b350-d97c86c85c15,0.363334,0.33772,0.025614,0.961324,cb130f0d-d36f-4302-9838-b3baf46139b6
potion-base-32m,gimp,cross_floor,d52d6308-ec58-42b7-a2c9-de80e4837b2b,0.407704,0.374189,0.033515,0.946446,215dfd39-f493-4bc3-a027-8a97d72c61bf
potion-base-32m,gimp,cross_floor,dbbf4b99-2253-4b10-9274-45f246af2466,0.484194,0.463941,0.020253,0.962218,8f080098-ddb1-424c-b438-4e96e5e4786e
potion-base-32m,gimp,cross_floor,e19bd559-633b-4b02-940f-d946248f088e,0.516527,0.515704,0.000823,0.998302,d06f0d4d-2cd5-4ede-8de9-598629438c6e
potion-base-32m,gimp,cross_floor,e2dd0213-26db-4349-abe5-d5667bfd725c,0.351233,0.321272,0.029961,0.955857,93eabf48-6a27-4cb6-b963-7d5fe1e0d3a9
potion-base-32m,gimp,cross_floor,f4aec372-4fb0-4df5-a52b-79e0e2a5d6ce,0.320245,0.262181,0.058064,0.921303,efcf0d81-0835-4880-b2fd-d866e8bc2294
potion-base-32m,gimp,cross_floor,f723c744-e62c-4ae6-98d1-750d3cd7d79d,0.399825,0.372322,0.027503,0.956183,93eabf48-6a27-4cb6-b963-7d5fe1e0d3a9
potion-base-32m,gimp,cross_floor,fbb548ca-c2a6-4601-9204-e39a2efc507b,0.467651,0.299112,0.168539,0.759535,d06f0d4d-2cd5-4ede-8de9-598629438c6e
potion-base-32m,gimp,upper,045bf3ff-9077-4b86-b483-a1040a949cff::v0,0.914019,0.627257,0.286762,0.230672,045bf3ff-9077-4b86-b483-a1040a949cff
potion-base-32m,gimp,upper,045bf3ff-9077-4b86-b483-a1040a949cff::v1,0.956712,0.470282,0.48643,0.081719,045bf3ff-9077-4b86-b483-a1040a949cff
potion-base-32m,gimp,upper,045bf3ff-9077-4b86-b483-a1040a949cff::v2,0.861833,0.497491,0.364342,0.274955,045bf3ff-9077-4b86-b483-a1040a949cff
potion-base-32m,gimp,upper,045bf3ff-9077-4b86-b483-a1040a949cff::v3,0.897482,0.481348,0.416134,0.197663,045bf3ff-9077-4b86-b483-a1040a949cff
potion-base-32m,gimp,upper,045bf3ff-9077-4b86-b483-a1040a949cff::v4,0.907083,0.573343,0.333741,0.217778,045bf3ff-9077-4b86-b483-a1040a949cff
potion-base-32m,gimp,upper,06ca5602-62ca-47f6-ad4f-da151cde54cc::v0,0.875691,0.366399,0.509292,0.196194,06ca5602-62ca-47f6-ad4f-da151cde54cc
potion-base-32m,gimp,upper,06ca5602-62ca-47f6-ad4f-da151cde54cc::v1,0.770906,0.43809,0.332816,0.407705,06ca5602-62ca-47f6-ad4f-da151cde54cc
potion-base-32m,gimp,upper,06ca5602-62ca-47f6-ad4f-da151cde54cc::v2,0.872866,0.351696,0.52117,0.196103,06ca5602-62ca-47f6-ad4f-da151cde54cc
potion-base-32m,gimp,upper,06ca5602-62ca-47f6-ad4f-da151cde54cc::v3,0.886884,0.409076,0.477808,0.191422,06ca5602-62ca-47f6-ad4f-da151cde54cc
potion-base-32m,gimp,upper,06ca5602-62ca-47f6-ad4f-da151cde54cc::v4,0.745833,0.505187,0.240646,0.513662,06ca5602-62ca-47f6-ad4f-da151cde54cc
potion-base-32m,gimp,upper,2a729ded-3296-423d-aec4-7dd55ed5fbb3::v0,0.912345,0.42375,0.488595,0.152113,2a729ded-3296-423d-aec4-7dd55ed5fbb3
potion-base-32m,gimp,upper,2a729ded-3296-423d-aec4-7dd55ed5fbb3::v1,0.894347,0.415082,0.479265,0.180628,2a729ded-3296-423d-aec4-7dd55ed5fbb3
potion-base-32m,gimp,upper,2a729ded-3296-423d-aec4-7dd55ed5fbb3::v2,0.865,0.408234,0.456766,0.228131,2a729ded-3296-423d-aec4-7dd55ed5fbb3
potion-base-32m,gimp,upper,2a729ded-3296-423d-aec4-7dd55ed5fbb3::v3,0.873078,0.439213,0.433865,0.226328,2a729ded-3296-423d-aec4-7dd55ed5fbb3
potion-base-32m,gimp,upper,2a729ded-3296-423d-aec4-7dd55ed5fbb3::v4,0.766336,0.507062,0.259274,0.474023,2a729ded-3296-423d-aec4-7dd55ed5fbb3
potion-base-32m,gimp,upper,2e6f678f-472d-4c55-99cc-8e7c5c402a71::v0,0.950149,0.489306,0.460843,0.097614,2e6f678f-472d-4c55-99cc-8e7c5c402a71
potion-base-32m,gimp,upper,2e6f678f-472d-4c55-99cc-8e7c5c402a71::v1,0.934747,0.479883,0.454864,0.125459,2e6f678f-472d-4c55-99cc-8e7c5c402a71
potion-base-32m,gimp,upper,2e6f678f-472d-4c55-99cc-8e7c5c402a71::v2,0.888399,0.451456,0.436943,0.20345,2e6f678f-472d-4c55-99cc-8e7c5c402a71
potion-base-32m,gimp,upper,2e6f678f-472d-4c55-99cc-8e7c5c402a71::v3,0.974295,0.481498,0.492797,0.049576,2e6f678f-472d-4c55-99cc-8e7c5c402a71
potion-base-32m,gimp,upper,2e6f678f-472d-4c55-99cc-8e7c5c402a71::v4,0.769861,0.498157,0.271704,0.458588,2e6f678f-472d-4c55-99cc-8e7c5c402a71
potion-base-32m,gimp,upper,38f48d40-764e-4e77-a7cf-51dfce880291::v0,0.909962,0.349465,0.560496,0.138407,38f48d40-764e-4e77-a7cf-51dfce880291
potion-base-32m,gimp,upper,38f48d40-764e-4e77-a7cf-51dfce880291::v1,0.889831,0.31595,0.573881,0.161054,38f48d40-764e-4e77-a7cf-51dfce880291
potion-base-32m,gimp,upper,38f48d40-764e-4e77-a7cf-51dfce880291::v2,0.937266,0.370113,0.567153,0.099596,38f48d40-764e-4e77-a7cf-51dfce880291
potion-base-32m,gimp,upper,38f48d40-764e-4e77-a7cf-51dfce880291::v3,0.924315,0.375375,0.548941,0.121168,38f48d40-764e-4e77-a7cf-51dfce880291
potion-base-32m,gimp,upper,38f48d40-764e-4e77-a7cf-51dfce880291::v4,0.81625,0.476088,0.340162,0.350727,38f48d40-764e-4e77-a7cf-51dfce880291
potion-base-32m,gimp,upper,554785e9-4523-4e7a-b8e1-8016f565f56a::v0,0.856851,0.531916,0.324935,0.30582,554785e9-4523-4e7a-b8e1-8016f565f56a
potion-base-32m,gimp,upper,554785e9-4523-4e7a-b8e1-8016f565f56a::v1,0.803907,0.561659,0.242249,0.447352,554785e9-4523-4e7a-b8e1-8016f565f56a
potion-base-32m,gimp,upper,554785e9-4523-4e7a-b8e1-8016f565f56a::v2,0.852922,0.524813,0.328109,0.309516,554785e9-4523-4e7a-b8e1-8016f565f56a
potion-base-32m,gimp,upper,554785e9-4523-4e7a-b8e1-8016f565f56a::v3,0.971157,0.532936,0.438221,0.061754,554785e9-4523-4e7a-b8e1-8016f565f56a
potion-base-32m,gimp,upper,554785e9-4523-4e7a-b8e1-8016f565f56a::v4,0.56567,0.536147,0.029523,0.936353,554785e9-4523-4e7a-b8e1-8016f565f56a
potion-base-32m,gimp,upper,58d3eeeb-e9d0-499f-962e-fd0db2a744d8::v0,0.960065,0.357984,0.602081,0.062203,58d3eeeb-e9d0-499f-962e-fd0db2a744d8
potion-base-32m,gimp,upper,58d3eeeb-e9d0-499f-962e-fd0db2a744d8::v1,0.917489,0.338803,0.578686,0.12479,58d3eeeb-e9d0-499f-962e-fd0db2a744d8
potion-base-32m,gimp,upper,58d3eeeb-e9d0-499f-962e-fd0db2a744d8::v2,0.914978,0.308141,0.606837,0.12289,58d3eeeb-e9d0-499f-962e-fd0db2a744d8
potion-base-32m,gimp,upper,58d3eeeb-e9d0-499f-962e-fd0db2a744d8::v3,0.903331,0.358611,0.54472,0.150718,58d3eeeb-e9d0-499f-962e-fd0db2a744d8
potion-base-32m,gimp,upper,58d3eeeb-e9d0-499f-962e-fd0db2a744d8::v4,0.903151,0.35,0.553151,0.148999,58d3eeeb-e9d0-499f-962e-fd0db2a744d8
potion-base-32m,gimp,upper,5ca86c6f-f317-49d8-b6a7-b527541caae8::v0,0.926349,0.631874,0.294475,0.200069,5ca86c6f-f317-49d8-b6a7-b527541caae8
potion-base-32m,gimp,upper,5ca86c6f-f317-49d8-b6a7-b527541caae8::v1,0.814261,0.593643,0.220618,0.457083,5ca86c6f-f317-49d8-b6a7-b527541caae8
potion-base-32m,gimp,upper,5ca86c6f-f317-49d8-b6a7-b527541caae8::v2,0.847587,0.628288,0.219299,0.41003,5ca86c6f-f317-49d8-b6a7-b527541caae8
potion-base-32m,gimp,upper,5ca86c6f-f317-49d8-b6a7-b527541caae8::v3,0.979843,0.628948,0.350895,0.054324,5ca86c6f-f317-49d8-b6a7-b527541caae8
potion-base-32m,gimp,upper,5ca86c6f-f317-49d8-b6a7-b527541caae8::v4,0.872432,0.6406,0.231832,0.354948,5ca86c6f-f317-49d8-b6a7-b527541caae8
potion-base-32m,gimp,upper,62f7fd55-0687-4a43-b6e1-3eda16fc6252::v0,0.956191,0.728565,0.227626,0.161398,62f7fd55-0687-4a43-b6e1-3eda16fc6252
potion-base-32m,gimp,upper,62f7fd55-0687-4a43-b6e1-3eda16fc6252::v1,0.953249,0.663145,0.290103,0.138788,62f7fd55-0687-4a43-b6e1-3eda16fc6252
potion-base-32m,gimp,upper,62f7fd55-0687-4a43-b6e1-3eda16fc6252::v2,0.965559,0.656089,0.30947,0.100144,62f7fd55-0687-4a43-b6e1-3eda16fc6252
potion-base-32m,gimp,upper,62f7fd55-0687-4a43-b6e1-3eda16fc6252::v3,0.9435,0.699548,0.243952,0.188051,62f7fd55-0687-4a43-b6e1-3eda16fc6252
potion-base-32m,gimp,upper,62f7fd55-0687-4a43-b6e1-3eda16fc6252::v4,0.908116,0.671378,0.236739,0.279602,62f7fd55-0687-4a43-b6e1-3eda16fc6252
potion-base-32m,gimp,upper,72f83cdc-bf76-4531-9a1b-eb893a13f8aa::v0,0.93457,0.297475,0.637094,0.093136,72f83cdc-bf76-4531-9a1b-eb893a13f8aa
potion-base-32m,gimp,upper,72f83cdc-bf76-4531-9a1b-eb893a13f8aa::v1,0.889891,0.304149,0.585742,0.158237,72f83cdc-bf76-4531-9a1b-eb893a13f8aa
potion-base-32m,gimp,upper,72f83cdc-bf76-4531-9a1b-eb893a13f8aa::v2,0.798493,0.320387,0.478106,0.296503,72f83cdc-bf76-4531-9a1b-eb893a13f8aa
potion-base-32m,gimp,upper,72f83cdc-bf76-4531-9a1b-eb893a13f8aa::v3,0.99998,0.334686,0.665294,3e-05,72f83cdc-bf76-4531-9a1b-eb893a13f8aa
potion-base-32m,gimp,upper,72f83cdc-bf76-4531-9a1b-eb893a13f8aa::v4,0.810006,0.305193,0.504813,0.273449,72f83cdc-bf76-4531-9a1b-eb893a13f8aa
potion-base-32m,gimp,upper,734d6579-c07d-47a8-9ae2-13339795476b::v0,0.906854,0.400647,0.506207,0.155412,734d6579-c07d-47a8-9ae2-13339795476b
potion-base-32m,gimp,upper,734d6579-c07d-47a8-9ae2-13339795476b::v1,0.951646,0.415988,0.535658,0.082796,734d6579-c07d-47a8-9ae2-13339795476b
potion-base-32m,gimp,upper,734d6579-c07d-47a8-9ae2-13339795476b::v2,0.882167,0.434377,0.44779,0.208324,734d6579-c07d-47a8-9ae2-13339795476b
potion-base-32m,gimp,upper,734d6579-c07d-47a8-9ae2-13339795476b::v3,0.969498,0.426755,0.542743,0.05321,734d6579-c07d-47a8-9ae2-13339795476b
potion-base-32m,gimp,upper,734d6579-c07d-47a8-9ae2-13339795476b::v4,0.849125,0.432128,0.416998,0.265684,734d6579-c07d-47a8-9ae2-13339795476b
potion-base-32m,gimp,upper,7767eef2-56a3-4cea-8c9f-48c070c7d65b::v0,0.881113,0.595265,0.285848,0.29374,7767eef2-56a3-4cea-8c9f-48c070c7d65b
potion-base-32m,gimp,upper,7767eef2-56a3-4cea-8c9f-48c070c7d65b::v1,0.899978,0.635225,0.264753,0.274203,7767eef2-56a3-4cea-8c9f-48c070c7d65b
potion-base-32m,gimp,upper,7767eef2-56a3-4cea-8c9f-48c070c7d65b::v2,0.934265,0.598797,0.335468,0.163845,7767eef2-56a3-4cea-8c9f-48c070c7d65b
potion-base-32m,gimp,upper,7767eef2-56a3-4cea-8c9f-48c070c7d65b::v3,0.980745,0.628781,0.351964,0.051869,7767eef2-56a3-4cea-8c9f-48c070c7d65b
potion-base-32m,gimp,upper,7767eef2-56a3-4cea-8c9f-48c070c7d65b::v4,0.866823,0.588323,0.278499,0.3235,7767eef2-56a3-4cea-8c9f-48c070c7d65b
potion-base-32m,gimp,upper,77b8ab4d-994f-43ac-8930-8ca087d7c4b4::v0,0.844742,0.516277,0.328465,0.320965,77b8ab4d-994f-43ac-8930-8ca087d7c4b4
potion-base-32m,gimp,upper,77b8ab4d-994f-43ac-8930-8ca087d7c4b4::v1,0.919439,0.450556,0.468883,0.146623,77b8ab4d-994f-43ac-8930-8ca087d7c4b4
potion-base-32m,gimp,upper,77b8ab4d-994f-43ac-8930-8ca087d7c4b4::v2,0.801277,0.460161,0.341116,0.368115,77b8ab4d-994f-43ac-8930-8ca087d7c4b4
potion-base-32m,gimp,upper,77b8ab4d-994f-43ac-8930-8ca087d7c4b4::v3,0.839295,0.505471,0.333823,0.324967,77b8ab4d-994f-43ac-8930-8ca087d7c4b4
potion-base-32m,gimp,upper,77b8ab4d-994f-43ac-8930-8ca087d7c4b4::v4,0.831594,0.527613,0.303981,0.356499,77b8ab4d-994f-43ac-8930-8ca087d7c4b4
potion-base-32m,gimp,upper,7a4deb26-d57d-4ea9-9a73-630f66a7b568::v0,0.728906,0.678245,0.050662,0.842546,7a4deb26-d57d-4ea9-9a73-630f66a7b568
potion-base-32m,gimp,upper,7a4deb26-d57d-4ea9-9a73-630f66a7b568::v1,0.837318,0.749474,0.087845,0.649359,7a4deb26-d57d-4ea9-9a73-630f66a7b568
potion-base-32m,gimp,upper,7a4deb26-d57d-4ea9-9a73-630f66a7b568::v2,0.83584,0.751279,0.084561,0.660018,7a4deb26-d57d-4ea9-9a73-630f66a7b568
potion-base-32m,gimp,upper,7a4deb26-d57d-4ea9-9a73-630f66a7b568::v3,0.920427,0.821307,0.09912,0.445306,7a4deb26-d57d-4ea9-9a73-630f66a7b568
potion-base-32m,gimp,upper,7a4deb26-d57d-4ea9-9a73-630f66a7b568::v4,0.777787,0.707018,0.070768,0.758455,7a4deb26-d57d-4ea9-9a73-630f66a7b568
potion-base-32m,gimp,upper,7b7617bd-57cc-468e-9c91-40c4ec2bcb3d::v0,0.871241,0.342639,0.528602,0.195872,7b7617bd-57cc-468e-9c91-40c4ec2bcb3d
potion-base-32m,gimp,upper,7b7617bd-57cc-468e-9c91-40c4ec2bcb3d::v1,0.90526,0.302941,0.602319,0.135914,7b7617bd-57cc-468e-9c91-40c4ec2bcb3d
potion-base-32m,gimp,upper,7b7617bd-57cc-468e-9c91-40c4ec2bcb3d::v2,0.980109,0.271375,0.708735,0.027299,7b7617bd-57cc-468e-9c91-40c4ec2bcb3d
potion-base-32m,gimp,upper,7b7617bd-57cc-468e-9c91-40c4ec2bcb3d::v3,0.969094,0.310484,0.65861,0.044823,7b7617bd-57cc-468e-9c91-40c4ec2bcb3d
potion-base-32m,gimp,upper,7b7617bd-57cc-468e-9c91-40c4ec2bcb3d::v4,0.954177,0.296444,0.657734,0.06513,7b7617bd-57cc-468e-9c91-40c4ec2bcb3d
potion-base-32m,gimp,upper,8ea73f6f-9689-42ad-8c60-195bbf06a7ba::v0,0.991145,0.466632,0.524512,0.016602,8ea73f6f-9689-42ad-8c60-195bbf06a7ba
potion-base-32m,gimp,upper,8ea73f6f-9689-42ad-8c60-195bbf06a7ba::v1,0.80787,0.515497,0.292374,0.39655,8ea73f6f-9689-42ad-8c60-195bbf06a7ba
potion-base-32m,gimp,upper,8ea73f6f-9689-42ad-8c60-195bbf06a7ba::v2,0.877572,0.397628,0.479943,0.203244,8ea73f6f-9689-42ad-8c60-195bbf06a7ba
potion-base-32m,gimp,upper,8ea73f6f-9689-42ad-8c60-195bbf06a7ba::v3,0.983382,0.468473,0.514909,0.031264,8ea73f6f-9689-42ad-8c60-195bbf06a7ba
potion-base-32m,gimp,upper,8ea73f6f-9689-42ad-8c60-195bbf06a7ba::v4,0.842724,0.407316,0.435409,0.265362,8ea73f6f-9689-42ad-8c60-195bbf06a7ba
potion-base-32m,gimp,upper,a746add2-cab0-4740-ac36-c3769d9bfb46::v0,0.926422,0.238592,0.68783,0.096634,a746add2-cab0-4740-ac36-c3769d9bfb46
potion-base-32m,gimp,upper,a746add2-cab0-4740-ac36-c3769d9bfb46::v1,0.881694,0.305442,0.576253,0.170332,a746add2-cab0-4740-ac36-c3769d9bfb46
potion-base-32m,gimp,upper,a746add2-cab0-4740-ac36-c3769d9bfb46::v2,0.938512,0.25252,0.685992,0.08226,a746add2-cab0-4740-ac36-c3769d9bfb46
potion-base-32m,gimp,upper,a746add2-cab0-4740-ac36-c3769d9bfb46::v3,0.843507,0.266167,0.577341,0.213254,a746add2-cab0-4740-ac36-c3769d9bfb46
potion-base-32m,gimp,upper,a746add2-cab0-4740-ac36-c3769d9bfb46::v4,0.874869,0.283817,0.591052,0.174719,a746add2-cab0-4740-ac36-c3769d9bfb46
potion-base-32m,gimp,upper,b148e375-fe0b-4bec-90e7-38632b0d73c2::v0,0.787856,0.410587,0.37727,0.359923,b148e375-fe0b-4bec-90e7-38632b0d73c2
potion-base-32m,gimp,upper,b148e375-fe0b-4bec-90e7-38632b0d73c2::v1,0.835188,0.391732,0.443456,0.270953,b148e375-fe0b-4bec-90e7-38632b0d73c2
potion-base-32m,gimp,upper,b148e375-fe0b-4bec-90e7-38632b0d73c2::v2,0.614251,0.335661,0.27859,0.580651,b148e375-fe0b-4bec-90e7-38632b0d73c2
potion-base-32m,gimp,upper,b148e375-fe0b-4bec-90e7-38632b0d73c2::v3,0.67045,0.396175,0.274275,0.545771,b148e375-fe0b-4bec-90e7-38632b0d73c2
potion-base-32m,gimp,upper,b148e375-fe0b-4bec-90e7-38632b0d73c2::v4,0.580245,0.437653,0.142592,0.746435,b148e375-fe0b-4bec-90e7-38632b0d73c2
potion-base-32m,gimp,upper,d16c99dc-2a1e-46f2-b350-d97c86c85c15::v0,0.914273,0.475511,0.438762,0.163449,d16c99dc-2a1e-46f2-b350-d97c86c85c15
potion-base-32m,gimp,upper,d16c99dc-2a1e-46f2-b350-d97c86c85c15::v1,0.934276,0.416499,0.517777,0.112637,d16c99dc-2a1e-46f2-b350-d97c86c85c15
potion-base-32m,gimp,upper,d16c99dc-2a1e-46f2-b350-d97c86c85c15::v2,0.896474,0.45759,0.438884,0.190863,d16c99dc-2a1e-46f2-b350-d97c86c85c15
potion-base-32m,gimp,upper,d16c99dc-2a1e-46f2-b350-d97c86c85c15::v3,0.920293,0.438628,0.481666,0.141986,d16c99dc-2a1e-46f2-b350-d97c86c85c15
potion-base-32m,gimp,upper,d16c99dc-2a1e-46f2-b350-d97c86c85c15::v4,0.855314,0.448274,0.40704,0.262243,d16c99dc-2a1e-46f2-b350-d97c86c85c15
potion-base-32m,gimp,upper,d52d6308-ec58-42b7-a2c9-de80e4837b2b::v0,0.941582,0.412343,0.529239,0.099409,d52d6308-ec58-42b7-a2c9-de80e4837b2b
potion-base-32m,gimp,upper,d52d6308-ec58-42b7-a2c9-de80e4837b2b::v1,0.917979,0.434119,0.48386,0.144943,d52d6308-ec58-42b7-a2c9-de80e4837b2b
potion-base-32m,gimp,upper,d52d6308-ec58-42b7-a2c9-de80e4837b2b::v2,0.916093,0.418921,0.497171,0.144399,d52d6308-ec58-42b7-a2c9-de80e4837b2b
potion-base-32m,gimp,upper,d52d6308-ec58-42b7-a2c9-de80e4837b2b::v3,0.936493,0.463875,0.472619,0.118455,d52d6308-ec58-42b7-a2c9-de80e4837b2b
potion-base-32m,gimp,upper,d52d6308-ec58-42b7-a2c9-de80e4837b2b::v4,0.872405,0.39524,0.477165,0.210985,d52d6308-ec58-42b7-a2c9-de80e4837b2b
potion-base-32m,gimp,upper,dbbf4b99-2253-4b10-9274-45f246af2466::v0,0.995039,0.670535,0.324504,0.015059,dbbf4b99-2253-4b10-9274-45f246af2466
potion-base-32m,gimp,upper,dbbf4b99-2253-4b10-9274-45f246af2466::v1,0.920986,0.62633,0.294656,0.211454,dbbf4b99-2253-4b10-9274-45f246af2466
potion-base-32m,gimp,upper,dbbf4b99-2253-4b10-9274-45f246af2466::v2,0.96623,0.646801,0.319429,0.095611,dbbf4b99-2253-4b10-9274-45f246af2466
potion-base-32m,gimp,upper,dbbf4b99-2253-4b10-9274-45f246af2466::v3,0.983363,0.672574,0.31079,0.05081,dbbf4b99-2253-4b10-9274-45f246af2466
potion-base-32m,gimp,upper,dbbf4b99-2253-4b10-9274-45f246af2466::v4,0.940984,0.638828,0.302156,0.163402,dbbf4b99-2253-4b10-9274-45f246af2466
potion-base-32m,gimp,upper,e19bd559-633b-4b02-940f-d946248f088e::v0,0.929024,0.808356,0.120669,0.370351,e19bd559-633b-4b02-940f-d946248f088e
potion-base-32m,gimp,upper,e19bd559-633b-4b02-940f-d946248f088e::v1,0.772417,0.644134,0.128283,0.639518,e19bd559-633b-4b02-940f-d946248f088e
potion-base-32m,gimp,upper,e19bd559-633b-4b02-940f-d946248f088e::v2,0.794462,0.618165,0.176297,0.53829,e19bd559-633b-4b02-940f-d946248f088e
potion-base-32m,gimp,upper,e19bd559-633b-4b02-940f-d946248f088e::v3,0.94106,0.83325,0.107811,0.35346,e19bd559-633b-4b02-940f-d946248f088e
potion-base-32m,gimp,upper,e19bd559-633b-4b02-940f-d946248f088e::v4,0.840936,0.690923,0.150012,0.514643,e19bd559-633b-4b02-940f-d946248f088e
potion-base-32m,gimp,upper,e2dd0213-26db-4349-abe5-d5667bfd725c::v0,0.83671,0.402143,0.434567,0.273125,e2dd0213-26db-4349-abe5-d5667bfd725c
potion-base-32m,gimp,upper,e2dd0213-26db-4349-abe5-d5667bfd725c::v1,0.849778,0.439213,0.410564,0.267878,e2dd0213-26db-4349-abe5-d5667bfd725c
potion-base-32m,gimp,upper,e2dd0213-26db-4349-abe5-d5667bfd725c::v2,0.815125,0.452685,0.36244,0.337786,e2dd0213-26db-4349-abe5-d5667bfd725c
potion-base-32m,gimp,upper,e2dd0213-26db-4349-abe5-d5667bfd725c::v3,0.89896,0.413941,0.48502,0.172405,e2dd0213-26db-4349-abe5-d5667bfd725c
potion-base-32m,gimp,upper,e2dd0213-26db-4349-abe5-d5667bfd725c::v4,0.738909,0.434979,0.30393,0.462091,e2dd0213-26db-4349-abe5-d5667bfd725c
potion-base-32m,gimp,upper,f4aec372-4fb0-4df5-a52b-79e0e2a5d6ce::v0,0.894058,0.326386,0.567672,0.157274,f4aec372-4fb0-4df5-a52b-79e0e2a5d6ce
potion-base-32m,gimp,upper,f4aec372-4fb0-4df5-a52b-79e0e2a5d6ce::v1,0.844423,0.385184,0.459239,0.253047,f4aec372-4fb0-4df5-a52b-79e0e2a5d6ce
potion-base-32m,gimp,upper,f4aec372-4fb0-4df5-a52b-79e0e2a5d6ce::v2,0.878702,0.348252,0.53045,0.186111,f4aec372-4fb0-4df5-a52b-79e0e2a5d6ce
potion-base-32m,gimp,upper,f4aec372-4fb0-4df5-a52b-79e0e2a5d6ce::v3,0.867089,0.332014,0.535075,0.198973,f4aec372-4fb0-4df5-a52b-79e0e2a5d6ce
potion-base-32m,gimp,upper,f4aec372-4fb0-4df5-a52b-79e0e2a5d6ce::v4,0.774995,0.281173,0.493822,0.313017,f4aec372-4fb0-4df5-a52b-79e0e2a5d6ce
potion-base-32m,gimp,upper,f723c744-e62c-4ae6-98d1-750d3cd7d79d::v0,0.729842,0.360195,0.369647,0.422251,f723c744-e62c-4ae6-98d1-750d3cd7d79d
potion-base-32m,gimp,upper,f723c744-e62c-4ae6-98d1-750d3cd7d79d::v1,0.769642,0.401083,0.368559,0.384624,f723c744-e62c-4ae6-98d1-750d3cd7d79d
potion-base-32m,gimp,upper,f723c744-e62c-4ae6-98d1-750d3cd7d79d::v2,0.712695,0.331093,0.381602,0.429514,f723c744-e62c-4ae6-98d1-750d3cd7d79d
potion-base-32m,gimp,upper,f723c744-e62c-4ae6-98d1-750d3cd7d79d::v3,0.826645,0.373998,0.452647,0.276924,f723c744-e62c-4ae6-98d1-750d3cd7d79d
potion-base-32m,gimp,upper,f723c744-e62c-4ae6-98d1-750d3cd7d79d::v4,0.566194,0.283529,0.282665,0.605476,f723c744-e62c-4ae6-98d1-750d3cd7d79d
potion-base-32m,gimp,upper,fbb548ca-c2a6-4601-9204-e39a2efc507b::v0,0.892049,0.752617,0.139432,0.436372,fbb548ca-c2a6-4601-9204-e39a2efc507b
potion-base-32m,gimp,upper,fbb548ca-c2a6-4601-9204-e39a2efc507b::v1,0.935938,0.584329,0.351609,0.154117,fbb548ca-c2a6-4601-9204-e39a2efc507b
potion-base-32m,gimp,upper,fbb548ca-c2a6-4601-9204-e39a2efc507b::v2,0.941358,0.597291,0.344067,0.145618,fbb548ca-c2a6-4601-9204-e39a2efc507b
potion-base-32m,gimp,upper,fbb548ca-c2a6-4601-9204-e39a2efc507b::v3,0.905168,0.776049,0.129119,0.423449,fbb548ca-c2a6-4601-9204-e39a2efc507b
potion-base-32m,gimp,upper,fbb548ca-c2a6-4601-9204-e39a2efc507b::v4,0.849416,0.697495,0.151921,0.497789,fbb548ca-c2a6-4601-9204-e39a2efc507b
potion-base-32m,vlc,verdict,vlc_always_start_fullscreen,0.683242,0.561428,0.121814,0.722249,8d9fd4e2-6fdb-46b0-b9b9-02f06495c62f
potion-base-32m,vlc,verdict,vlc_audio_desync_200ms,0.517094,0.508928,0.008166,0.983372,59f21cfb-0120-4326-b255-a5b827b38967
potion-base-32m,vlc,verdict,vlc_audio_visualization,0.425022,0.422358,0.002665,0.995387,8f080098-ddb1-424c-b438-4e96e5e4786e
potion-base-32m,vlc,verdict,vlc_bgcone_expand,0.391901,0.377134,0.014768,0.976291,efcf0d81-0835-4880-b2fd-d866e8bc2294
potion-base-32m,vlc,verdict,vlc_boost_saturation,0.497037,0.363609,0.133428,0.790336,cb130f0d-d36f-4302-9838-b3baf46139b6
potion-base-32m,vlc,verdict,vlc_convert_flac,0.563263,0.510133,0.05313,0.891542,8f080098-ddb1-424c-b438-4e96e5e4786e
potion-base-32m,vlc,verdict,vlc_convert_ogg,0.525986,0.449412,0.076574,0.860923,8f080098-ddb1-424c-b438-4e96e5e4786e
potion-base-32m,vlc,verdict,vlc_crop_top_100,0.384078,0.340077,0.044,0.933325,8d9fd4e2-6fdb-46b0-b9b9-02f06495c62f
potion-base-32m,vlc,verdict,vlc_default_aspect_16_9,0.312966,0.310443,0.002524,0.99634,8d9fd4e2-6fdb-46b0-b9b9-02f06495c62f
potion-base-32m,vlc,verdict,vlc_deinterlace_yadif,0.186549,0.168324,0.018225,0.978086,a5bbbcd5-b398-4c91-83d4-55e1e31bbb81
potion-base-32m,vlc,verdict,vlc_disable_hw_decoding,0.369843,0.330063,0.039781,0.94062,386dbd0e-0241-4a0a-b6a2-6704fba26b1c
potion-base-32m,vlc,verdict,vlc_edit_track_metadata,0.376499,0.340976,0.035523,0.946097,8f080098-ddb1-424c-b438-4e96e5e4786e
potion-base-32m,vlc,verdict,vlc_equalizer_rock_preset,0.426641,0.36962,0.057021,0.909544,cb130f0d-d36f-4302-9838-b3baf46139b6
potion-base-32m,vlc,verdict,vlc_global_volume_hotkey,0.481662,0.455669,0.025993,0.952247,a5bbbcd5-b398-4c91-83d4-55e1e31bbb81
potion-base-32m,vlc,verdict,vlc_headphone_surround,0.516506,0.510078,0.006428,0.986879,a5bbbcd5-b398-4c91-83d4-55e1e31bbb81
potion-base-32m,vlc,verdict,vlc_hide_title_filename,0.697324,0.47957,0.217754,0.581588,a5bbbcd5-b398-4c91-83d4-55e1e31bbb81
potion-base-32m,vlc,verdict,vlc_hide_title_on_video,0.590056,0.575955,0.014101,0.966747,a5bbbcd5-b398-4c91-83d4-55e1e31bbb81
potion-base-32m,vlc,verdict,vlc_loop_current_video,0.650958,0.517626,0.133332,0.723592,5ac2891a-eacd-4954-b339-98abba077adb
potion-base-32m,vlc,verdict,vlc_loop_music_video,0.563261,0.512836,0.050426,0.896491,59f21cfb-0120-4326-b255-a5b827b38967
potion-base-32m,vlc,verdict,vlc_loop_whole_playlist,0.466038,0.440255,0.025783,0.953938,59f21cfb-0120-4326-b255-a5b827b38967
potion-base-32m,vlc,verdict,vlc_marquee_overlay_text,0.335779,0.326369,0.00941,0.98603,8d9fd4e2-6fdb-46b0-b9b9-02f06495c62f
potion-base-32m,vlc,verdict,vlc_max_volume_150,0.60999,0.35121,0.25878,0.601134,9195653c-f4aa-453d-aa95-787f6ccfaae9
potion-base-32m,vlc,verdict,vlc_metadata_network_on,0.535821,0.484017,0.051804,0.899602,59f21cfb-0120-4326-b255-a5b827b38967
potion-base-32m,vlc,verdict,vlc_mirror_video_hflip,0.415687,0.378133,0.037554,0.939611,8d9fd4e2-6fdb-46b0-b9b9-02f06495c62f
potion-base-32m,vlc,verdict,vlc_network_caching_1500,0.293871,0.272351,0.02152,0.970426,386dbd0e-0241-4a0a-b6a2-6704fba26b1c
potion-base-32m,vlc,verdict,vlc_never_resume_playback,0.563686,0.557432,0.006254,0.985869,386dbd0e-0241-4a0a-b6a2-6704fba26b1c
potion-base-32m,vlc,verdict,vlc_no_track_change_popup,0.458268,0.390308,0.067961,0.888533,a5bbbcd5-b398-4c91-83d4-55e1e31bbb81
potion-base-32m,vlc,verdict,vlc_no_window_autoresize,0.583726,0.576794,0.006932,0.983621,a5bbbcd5-b398-4c91-83d4-55e1e31bbb81
potion-base-32m,vlc,verdict,vlc_pause_on_minimize,0.774663,0.590974,0.183689,0.550911,a5bbbcd5-b398-4c91-83d4-55e1e31bbb81
potion-base-32m,vlc,verdict,vlc_recordings_folder_videos,0.619975,0.514949,0.105026,0.783475,59f21cfb-0120-4326-b255-a5b827b38967
potion-base-32m,vlc,verdict,vlc_remap_snapshot_hotkey,0.376842,0.346012,0.030831,0.952857,a5bbbcd5-b398-4c91-83d4-55e1e31bbb81
potion-base-32m,vlc,verdict,vlc_replay_gain_track,0.370209,0.309466,0.060743,0.912035,9195653c-f4aa-453d-aa95-787f6ccfaae9
potion-base-32m,vlc,verdict,vlc_rotate_video_clockwise,0.481536,0.445074,0.036462,0.934295,aa4b5023-aef6-4ed9-bdc9-705f59ab9ad6
potion-base-32m,vlc,verdict,vlc_sepia_effect_on,0.302584,0.271002,0.031582,0.956678,efcf0d81-0835-4880-b2fd-d866e8bc2294
potion-base-32m,vlc,verdict,vlc_sharpen_video,0.339273,0.287807,0.051467,0.927735,cb130f0d-d36f-4302-9838-b3baf46139b6
potion-base-32m,vlc,verdict,vlc_shuffle_by_default,0.552951,0.547564,0.005387,0.988092,7882ed6e-bece-4bf0-bada-c32dc1ddae72
potion-base-32m,vlc,verdict,vlc_single_instance_reuse,0.585793,0.492452,0.093342,0.816093,f3977615-2b45-4ac5-8bba-80c17dbe2a37
potion-base-32m,vlc,verdict,vlc_slider_color_red,0.315302,0.257001,0.058301,0.921532,9195653c-f4aa-453d-aa95-787f6ccfaae9
potion-base-32m,vlc,verdict,vlc_snap_scene_jpg,0.683757,0.536275,0.147483,0.681961,fba2c100-79e8-42df-ae74-b592418d54f4
potion-base-32m,vlc,verdict,vlc_snapshot_prefix_shot,0.428616,0.377141,0.051475,0.917357,a5bbbcd5-b398-4c91-83d4-55e1e31bbb81
potion-base-32m,vlc,verdict,vlc_spatializer_on,0.316001,0.306591,0.009409,0.98643,386dbd0e-0241-4a0a-b6a2-6704fba26b1c
potion-base-32m,vlc,verdict,vlc_stream_url,0.548523,0.264721,0.283802,0.614021,bba3381f-b5eb-4439-bd9e-80c22218d5a7
potion-base-32m,vlc,verdict,vlc_subtitle_encoding_cp949,0.282771,0.253036,0.029734,0.960193,386dbd0e-0241-4a0a-b6a2-6704fba26b1c
potion-base-32m,vlc,verdict,vlc_subtitle_force_bold,0.310489,0.257444,0.053045,0.928564,8d9fd4e2-6fdb-46b0-b9b9-02f06495c62f
potion-base-32m,vlc,verdict,vlc_subtitle_yellow,0.373431,0.333573,0.039859,0.94019,d06f0d4d-2cd5-4ede-8de9-598629438c6e
potion-base-32m,vlc,verdict,vlc_transcode_mp4,0.453759,0.451055,0.002704,0.995074,8f080098-ddb1-424c-b438-4e96e5e4786e
potion-base-32m,vlc,verdict,vlc_volume_normalizer_on,0.617139,0.431086,0.186052,0.672969,9195653c-f4aa-453d-aa95-787f6ccfaae9
potion-base-32m,vlc,verdict,vlc_wallpaper_fit_screen,0.578436,0.524556,0.05388,0.886675,8d9fd4e2-6fdb-46b0-b9b9-02f06495c62f
potion-base-32m,vlc,lower,215dfd39-f493-4bc3-a027-8a97d72c61bf,0.279388,0.251947,0.027441,0.963317,8d9fd4e2-6fdb-46b0-b9b9-02f06495c62f
potion-base-32m,vlc,lower,386dbd0e-0241-4a0a-b6a2-6704fba26b1c,0.557055,0.483609,0.073446,0.857771,a5bbbcd5-b398-4c91-83d4-55e1e31bbb81
potion-base-32m,vlc,lower,59f21cfb-0120-4326-b255-a5b827b38967,0.597032,0.536387,0.060645,0.86919,8f080098-ddb1-424c-b438-4e96e5e4786e
potion-base-32m,vlc,lower,5ac2891a-eacd-4954-b339-98abba077adb,0.482948,0.459744,0.023204,0.95705,a5bbbcd5-b398-4c91-83d4-55e1e31bbb81
potion-base-32m,vlc,lower,7882ed6e-bece-4bf0-bada-c32dc1ddae72,0.530825,0.523325,0.0075,0.984265,59f21cfb-0120-4326-b255-a5b827b38967
potion-base-32m,vlc,lower,8ba5ae7a-5ae5-4eab-9fcc-5dd4fe3abf89,0.487178,0.452071,0.035108,0.935927,59f21cfb-0120-4326-b255-a5b827b38967
potion-base-32m,vlc,lower,8d9fd4e2-6fdb-46b0-b9b9-02f06495c62f,0.629149,0.525889,0.10326,0.782202,a5bbbcd5-b398-4c91-83d4-55e1e31bbb81
potion-base-32m,vlc,lower,8f080098-ddb1-424c-b438-4e96e5e4786e,0.597032,0.502298,0.094733,0.809658,59f21cfb-0120-4326-b255-a5b827b38967
potion-base-32m,vlc,lower,9195653c-f4aa-453d-aa95-787f6ccfaae9,0.454449,0.448744,0.005704,0.989652,8d9fd4e2-6fdb-46b0-b9b9-02f06495c62f
potion-base-32m,vlc,lower,a5bbbcd5-b398-4c91-83d4-55e1e31bbb81,0.629149,0.557055,0.072094,0.83724,8d9fd4e2-6fdb-46b0-b9b9-02f06495c62f
potion-base-32m,vlc,lower,aa4b5023-aef6-4ed9-bdc9-705f59ab9ad6,0.510991,0.502298,0.008692,0.982535,59f21cfb-0120-4326-b255-a5b827b38967
potion-base-32m,vlc,lower,bba3381f-b5eb-4439-bd9e-80c22218d5a7,0.393631,0.36527,0.028361,0.955317,f3977615-2b45-4ac5-8bba-80c17dbe2a37
potion-base-32m,vlc,lower,cb130f0d-d36f-4302-9838-b3baf46139b6,0.514635,0.42792,0.086714,0.848422,d06f0d4d-2cd5-4ede-8de9-598629438c6e
potion-base-32m,vlc,lower,d06f0d4d-2cd5-4ede-8de9-598629438c6e,0.514635,0.356324,0.15831,0.754053,cb130f0d-d36f-4302-9838-b3baf46139b6
potion-base-32m,vlc,lower,efcf0d81-0835-4880-b2fd-d866e8bc2294,0.497801,0.348333,0.149468,0.770638,fba2c100-79e8-42df-ae74-b592418d54f4
potion-base-32m,vlc,lower,f3977615-2b45-4ac5-8bba-80c17dbe2a37,0.523325,0.518727,0.004598,0.990445,7882ed6e-bece-4bf0-bada-c32dc1ddae72
potion-base-32m,vlc,lower,fba2c100-79e8-42df-ae74-b592418d54f4,0.536387,0.497801,0.038586,0.923166,59f21cfb-0120-4326-b255-a5b827b38967
potion-base-32m,vlc,cross_floor,215dfd39-f493-4bc3-a027-8a97d72c61bf,0.407704,0.324018,0.083686,0.876201,d52d6308-ec58-42b7-a2c9-de80e4837b2b
potion-base-32m,vlc,cross_floor,386dbd0e-0241-4a0a-b6a2-6704fba26b1c,0.413097,0.401135,0.011962,0.980026,93eabf48-6a27-4cb6-b963-7d5fe1e0d3a9
potion-base-32m,vlc,cross_floor,59f21cfb-0120-4326-b255-a5b827b38967,0.455605,0.445788,0.009817,0.982286,e19bd559-633b-4b02-940f-d946248f088e
potion-base-32m,vlc,cross_floor,5ac2891a-eacd-4954-b339-98abba077adb,0.377093,0.360935,0.016158,0.974716,06fe7178-4491-4589-810f-2e2bc9502122
potion-base-32m,vlc,cross_floor,7882ed6e-bece-4bf0-bada-c32dc1ddae72,0.330185,0.292899,0.037286,0.947269,cabb3bae-cccb-41bd-9f5d-0f3a9fecd825
potion-base-32m,vlc,cross_floor,8ba5ae7a-5ae5-4eab-9fcc-5dd4fe3abf89,0.529714,0.527611,0.002103,0.995547,6766f2b8-8a72-417f-a9e5-56fcaa735837
potion-base-32m,vlc,cross_floor,8d9fd4e2-6fdb-46b0-b9b9-02f06495c62f,0.497803,0.430827,0.066976,0.882328,38f48d40-764e-4e77-a7cf-51dfce880291
potion-base-32m,vlc,cross_floor,8f080098-ddb1-424c-b438-4e96e5e4786e,0.5035,0.484194,0.019305,0.962573,e1e75309-3ddb-4d09-92ec-de869c928143
potion-base-32m,vlc,cross_floor,9195653c-f4aa-453d-aa95-787f6ccfaae9,0.310102,0.30966,0.000443,0.999358,8ea73f6f-9689-42ad-8c60-195bbf06a7ba
potion-base-32m,vlc,cross_floor,a5bbbcd5-b398-4c91-83d4-55e1e31bbb81,0.434419,0.400083,0.034336,0.942765,93eabf48-6a27-4cb6-b963-7d5fe1e0d3a9
potion-base-32m,vlc,cross_floor,aa4b5023-aef6-4ed9-bdc9-705f59ab9ad6,0.471986,0.412759,0.059227,0.899143,38f48d40-764e-4e77-a7cf-51dfce880291
potion-base-32m,vlc,cross_floor,bba3381f-b5eb-4439-bd9e-80c22218d5a7,0.406067,0.335593,0.070474,0.893929,38f48d40-764e-4e77-a7cf-51dfce880291
potion-base-32m,vlc,cross_floor,cb130f0d-d36f-4302-9838-b3baf46139b6,0.533703,0.515704,0.017998,0.962836,7a4deb26-d57d-4ea9-9a73-630f66a7b568
potion-base-32m,vlc,cross_floor,d06f0d4d-2cd5-4ede-8de9-598629438c6e,0.529088,0.516527,0.012561,0.97402,7a4deb26-d57d-4ea9-9a73-630f66a7b568
potion-base-32m,vlc,cross_floor,efcf0d81-0835-4880-b2fd-d866e8bc2294,0.496114,0.45011,0.046004,0.91634,2a729ded-3296-423d-aec4-7dd55ed5fbb3
potion-base-32m,vlc,cross_floor,f3977615-2b45-4ac5-8bba-80c17dbe2a37,0.380529,0.313858,0.066671,0.902832,38f48d40-764e-4e77-a7cf-51dfce880291
potion-base-32m,vlc,cross_floor,fba2c100-79e8-42df-ae74-b592418d54f4,0.536628,0.51177,0.024858,0.949085,77b8ab4d-994f-43ac-8930-8ca087d7c4b4
potion-base-32m,vlc,upper,215dfd39-f493-4bc3-a027-8a97d72c61bf::v0,0.789392,0.363662,0.42573,0.330969,215dfd39-f493-4bc3-a027-8a97d72c61bf
potion-base-32m,vlc,upper,215dfd39-f493-4bc3-a027-8a97d72c61bf::v1,0.953815,0.277786,0.676028,0.063949,215dfd39-f493-4bc3-a027-8a97d72c61bf
potion-base-32m,vlc,upper,215dfd39-f493-4bc3-a027-8a97d72c61bf::v2,0.86494,0.277548,0.587392,0.186947,215dfd39-f493-4bc3-a027-8a97d72c61bf
potion-base-32m,vlc,upper,215dfd39-f493-4bc3-a027-8a97d72c61bf::v3,0.791544,0.373751,0.417793,0.332864,215dfd39-f493-4bc3-a027-8a97d72c61bf
potion-base-32m,vlc,upper,215dfd39-f493-4bc3-a027-8a97d72c61bf::v4,0.732806,0.352403,0.380402,0.412594,215dfd39-f493-4bc3-a027-8a97d72c61bf
potion-base-32m,vlc,upper,386dbd0e-0241-4a0a-b6a2-6704fba26b1c::v0,0.751521,0.652795,0.098726,0.715656,386dbd0e-0241-4a0a-b6a2-6704fba26b1c
potion-base-32m,vlc,upper,386dbd0e-0241-4a0a-b6a2-6704fba26b1c::v1,0.798614,0.644013,0.154601,0.565712,386dbd0e-0241-4a0a-b6a2-6704fba26b1c
potion-base-32m,vlc,upper,386dbd0e-0241-4a0a-b6a2-6704fba26b1c::v2,0.822007,0.662841,0.159166,0.527921,386dbd0e-0241-4a0a-b6a2-6704fba26b1c
potion-base-32m,vlc,upper,386dbd0e-0241-4a0a-b6a2-6704fba26b1c::v3,0.803545,0.644918,0.158627,0.553265,386dbd0e-0241-4a0a-b6a2-6704fba26b1c
potion-base-32m,vlc,upper,386dbd0e-0241-4a0a-b6a2-6704fba26b1c::v4,0.74088,0.590557,0.150323,0.632859,386dbd0e-0241-4a0a-b6a2-6704fba26b1c
potion-base-32m,vlc,upper,59f21cfb-0120-4326-b255-a5b827b38967::v0,0.918956,0.596466,0.32249,0.200837,59f21cfb-0120-4326-b255-a5b827b38967
potion-base-32m,vlc,upper,59f21cfb-0120-4326-b255-a5b827b38967::v1,0.937718,0.533393,0.404325,0.133478,59f21cfb-0120-4326-b255-a5b827b38967
potion-base-32m,vlc,upper,59f21cfb-0120-4326-b255-a5b827b38967::v2,0.912641,0.58928,0.323362,0.212697,59f21cfb-0120-4326-b255-a5b827b38967
potion-base-32m,vlc,upper,59f21cfb-0120-4326-b255-a5b827b38967::v3,0.861049,0.532932,0.328117,0.297496,59f21cfb-0120-4326-b255-a5b827b38967
potion-base-32m,vlc,upper,59f21cfb-0120-4326-b255-a5b827b38967::v4,0.823916,0.592961,0.230955,0.432598,59f21cfb-0120-4326-b255-a5b827b38967
potion-base-32m,vlc,upper,5ac2891a-eacd-4954-b339-98abba077adb::v0,0.899366,0.514991,0.384376,0.207488,5ac2891a-eacd-4954-b339-98abba077adb
potion-base-32m,vlc,upper,5ac2891a-eacd-4954-b339-98abba077adb::v1,0.773906,0.598101,0.175805,0.562564,5ac2891a-eacd-4954-b339-98abba077adb
potion-base-32m,vlc,upper,5ac2891a-eacd-4954-b339-98abba077adb::v2,0.848912,0.466331,0.382581,0.283112,5ac2891a-eacd-4954-b339-98abba077adb
potion-base-32m,vlc,upper,5ac2891a-eacd-4954-b339-98abba077adb::v3,0.907924,0.492541,0.415383,0.181445,5ac2891a-eacd-4954-b339-98abba077adb
potion-base-32m,vlc,upper,5ac2891a-eacd-4954-b339-98abba077adb::v4,0.833087,0.602292,0.230795,0.419687,5ac2891a-eacd-4954-b339-98abba077adb
potion-base-32m,vlc,upper,7882ed6e-bece-4bf0-bada-c32dc1ddae72::v0,0.918405,0.493503,0.424902,0.161096,7882ed6e-bece-4bf0-bada-c32dc1ddae72
potion-base-32m,vlc,upper,7882ed6e-bece-4bf0-bada-c32dc1ddae72::v1,0.863279,0.489041,0.374238,0.267577,7882ed6e-bece-4bf0-bada-c32dc1ddae72
potion-base-32m,vlc,upper,7882ed6e-bece-4bf0-bada-c32dc1ddae72::v2,0.945645,0.494507,0.451138,0.107528,7882ed6e-bece-4bf0-bada-c32dc1ddae72
potion-base-32m,vlc,upper,7882ed6e-bece-4bf0-bada-c32dc1ddae72::v3,0.964401,0.530445,0.433956,0.075814,7882ed6e-bece-4bf0-bada-c32dc1ddae72
potion-base-32m,vlc,upper,7882ed6e-bece-4bf0-bada-c32dc1ddae72::v4,0.909145,0.477583,0.431563,0.173912,7882ed6e-bece-4bf0-bada-c32dc1ddae72
potion-base-32m,vlc,upper,8ba5ae7a-5ae5-4eab-9fcc-5dd4fe3abf89::v0,0.71439,0.457908,0.256481,0.526867,8ba5ae7a-5ae5-4eab-9fcc-5dd4fe3abf89
potion-base-32m,vlc,upper,8ba5ae7a-5ae5-4eab-9fcc-5dd4fe3abf89::v1,0.757201,0.490671,0.266529,0.476704,8ba5ae7a-5ae5-4eab-9fcc-5dd4fe3abf89
potion-base-32m,vlc,upper,8ba5ae7a-5ae5-4eab-9fcc-5dd4fe3abf89::v2,0.691014,0.442481,0.248534,0.554215,8ba5ae7a-5ae5-4eab-9fcc-5dd4fe3abf89
potion-base-32m,vlc,upper,8ba5ae7a-5ae5-4eab-9fcc-5dd4fe3abf89::v3,0.928844,0.451778,0.477066,0.129794,8ba5ae7a-5ae5-4eab-9fcc-5dd4fe3abf89
potion-base-32m,vlc,upper,8ba5ae7a-5ae5-4eab-9fcc-5dd4fe3abf89::v4,0.722942,0.463456,0.259485,0.516376,8ba5ae7a-5ae5-4eab-9fcc-5dd4fe3abf89
potion-base-32m,vlc,upper,8d9fd4e2-6fdb-46b0-b9b9-02f06495c62f::v0,0.961942,0.639038,0.322903,0.105436,8d9fd4e2-6fdb-46b0-b9b9-02f06495c62f
potion-base-32m,vlc,upper,8d9fd4e2-6fdb-46b0-b9b9-02f06495c62f::v1,0.862054,0.603896,0.258158,0.348257,8d9fd4e2-6fdb-46b0-b9b9-02f06495c62f
potion-base-32m,vlc,upper,8d9fd4e2-6fdb-46b0-b9b9-02f06495c62f::v2,0.860605,0.610935,0.249669,0.358283,8d9fd4e2-6fdb-46b0-b9b9-02f06495c62f
potion-base-32m,vlc,upper,8d9fd4e2-6fdb-46b0-b9b9-02f06495c62f::v3,0.940308,0.585122,0.355186,0.143879,8d9fd4e2-6fdb-46b0-b9b9-02f06495c62f
potion-base-32m,vlc,upper,8d9fd4e2-6fdb-46b0-b9b9-02f06495c62f::v4,0.826089,0.533327,0.292761,0.372662,8d9fd4e2-6fdb-46b0-b9b9-02f06495c62f
potion-base-32m,vlc,upper,8f080098-ddb1-424c-b438-4e96e5e4786e::v0,0.883656,0.569859,0.313797,0.270478,8f080098-ddb1-424c-b438-4e96e5e4786e
potion-base-32m,vlc,upper,8f080098-ddb1-424c-b438-4e96e5e4786e::v1,0.870761,0.511817,0.358945,0.264734,8f080098-ddb1-424c-b438-4e96e5e4786e
potion-base-32m,vlc,upper,8f080098-ddb1-424c-b438-4e96e5e4786e::v2,0.779486,0.518701,0.260785,0.458164,8f080098-ddb1-424c-b438-4e96e5e4786e
potion-base-32m,vlc,upper,8f080098-ddb1-424c-b438-4e96e5e4786e::v3,0.852871,0.555008,0.297863,0.330633,8f080098-ddb1-424c-b438-4e96e5e4786e
potion-base-32m,vlc,upper,8f080098-ddb1-424c-b438-4e96e5e4786e::v4,0.855516,0.550664,0.304852,0.32155,8f080098-ddb1-424c-b438-4e96e5e4786e
potion-base-32m,vlc,upper,9195653c-f4aa-453d-aa95-787f6ccfaae9::v0,0.833847,0.396282,0.437565,0.275217,9195653c-f4aa-453d-aa95-787f6ccfaae9
potion-base-32m,vlc,upper,9195653c-f4aa-453d-aa95-787f6ccfaae9::v1,0.755884,0.403875,0.352009,0.409505,9195653c-f4aa-453d-aa95-787f6ccfaae9
potion-base-32m,vlc,upper,9195653c-f4aa-453d-aa95-787f6ccfaae9::v2,0.786301,0.33333,0.452971,0.320547,9195653c-f4aa-453d-aa95-787f6ccfaae9
potion-base-32m,vlc,upper,9195653c-f4aa-453d-aa95-787f6ccfaae9::v3,0.788261,0.344563,0.443698,0.32305,9195653c-f4aa-453d-aa95-787f6ccfaae9
potion-base-32m,vlc,upper,9195653c-f4aa-453d-aa95-787f6ccfaae9::v4,0.767813,0.480982,0.28683,0.447359,9195653c-f4aa-453d-aa95-787f6ccfaae9
potion-base-32m,vlc,upper,a5bbbcd5-b398-4c91-83d4-55e1e31bbb81::v0,0.875701,0.566866,0.308835,0.286976,a5bbbcd5-b398-4c91-83d4-55e1e31bbb81
potion-base-32m,vlc,upper,a5bbbcd5-b398-4c91-83d4-55e1e31bbb81::v1,0.838967,0.552043,0.286923,0.359484,a5bbbcd5-b398-4c91-83d4-55e1e31bbb81
potion-base-32m,vlc,upper,a5bbbcd5-b398-4c91-83d4-55e1e31bbb81::v2,0.772269,0.56952,0.202749,0.529016,a5bbbcd5-b398-4c91-83d4-55e1e31bbb81
potion-base-32m,vlc,upper,a5bbbcd5-b398-4c91-83d4-55e1e31bbb81::v3,0.853017,0.60858,0.244437,0.375512,a5bbbcd5-b398-4c91-83d4-55e1e31bbb81
potion-base-32m,vlc,upper,a5bbbcd5-b398-4c91-83d4-55e1e31bbb81::v4,0.860679,0.572811,0.287869,0.326133,a5bbbcd5-b398-4c91-83d4-55e1e31bbb81
potion-base-32m,vlc,upper,aa4b5023-aef6-4ed9-bdc9-705f59ab9ad6::v0,0.72713,0.458402,0.268729,0.503823,aa4b5023-aef6-4ed9-bdc9-705f59ab9ad6
potion-base-32m,vlc,upper,aa4b5023-aef6-4ed9-bdc9-705f59ab9ad6::v1,0.751179,0.482091,0.269088,0.480434,aa4b5023-aef6-4ed9-bdc9-705f59ab9ad6
potion-base-32m,vlc,upper,aa4b5023-aef6-4ed9-bdc9-705f59ab9ad6::v2,0.743575,0.53754,0.206035,0.55448,aa4b5023-aef6-4ed9-bdc9-705f59ab9ad6
potion-base-32m,vlc,upper,aa4b5023-aef6-4ed9-bdc9-705f59ab9ad6::v3,0.760477,0.507973,0.252504,0.486809,aa4b5023-aef6-4ed9-bdc9-705f59ab9ad6
potion-base-32m,vlc,upper,aa4b5023-aef6-4ed9-bdc9-705f59ab9ad6::v4,0.761779,0.47465,0.28713,0.453451,aa4b5023-aef6-4ed9-bdc9-705f59ab9ad6
potion-base-32m,vlc,upper,bba3381f-b5eb-4439-bd9e-80c22218d5a7::v0,0.989272,0.383358,0.605915,0.017397,bba3381f-b5eb-4439-bd9e-80c22218d5a7
potion-base-32m,vlc,upper,bba3381f-b5eb-4439-bd9e-80c22218d5a7::v1,0.9793,0.40152,0.57778,0.034587,bba3381f-b5eb-4439-bd9e-80c22218d5a7
potion-base-32m,vlc,upper,bba3381f-b5eb-4439-bd9e-80c22218d5a7::v2,0.976652,0.423548,0.553104,0.040503,bba3381f-b5eb-4439-bd9e-80c22218d5a7
potion-base-32m,vlc,upper,bba3381f-b5eb-4439-bd9e-80c22218d5a7::v3,0.995425,0.399204,0.596221,0.007615,bba3381f-b5eb-4439-bd9e-80c22218d5a7
potion-base-32m,vlc,upper,bba3381f-b5eb-4439-bd9e-80c22218d5a7::v4,0.975976,0.453852,0.522124,0.043988,bba3381f-b5eb-4439-bd9e-80c22218d5a7
potion-base-32m,vlc,upper,cb130f0d-d36f-4302-9838-b3baf46139b6::v0,0.89934,0.521588,0.377752,0.210404,cb130f0d-d36f-4302-9838-b3baf46139b6
potion-base-32m,vlc,upper,cb130f0d-d36f-4302-9838-b3baf46139b6::v1,0.902137,0.514787,0.38735,0.201692,cb130f0d-d36f-4302-9838-b3baf46139b6
potion-base-32m,vlc,upper,cb130f0d-d36f-4302-9838-b3baf46139b6::v2,0.912066,0.448471,0.463596,0.159437,cb130f0d-d36f-4302-9838-b3baf46139b6
potion-base-32m,vlc,upper,cb130f0d-d36f-4302-9838-b3baf46139b6::v3,0.979257,0.514446,0.464812,0.042719,cb130f0d-d36f-4302-9838-b3baf46139b6
potion-base-32m,vlc,upper,cb130f0d-d36f-4302-9838-b3baf46139b6::v4,0.877815,0.489517,0.388297,0.239353,cb130f0d-d36f-4302-9838-b3baf46139b6
potion-base-32m,vlc,upper,d06f0d4d-2cd5-4ede-8de9-598629438c6e::v0,0.781085,0.507162,0.273922,0.444194,d06f0d4d-2cd5-4ede-8de9-598629438c6e
potion-base-32m,vlc,upper,d06f0d4d-2cd5-4ede-8de9-598629438c6e::v1,0.723305,0.444119,0.279186,0.497759,d06f0d4d-2cd5-4ede-8de9-598629438c6e
potion-base-32m,vlc,upper,d06f0d4d-2cd5-4ede-8de9-598629438c6e::v2,0.753668,0.399196,0.354472,0.410004,d06f0d4d-2cd5-4ede-8de9-598629438c6e
potion-base-32m,vlc,upper,d06f0d4d-2cd5-4ede-8de9-598629438c6e::v3,0.762383,0.443976,0.318407,0.427349,d06f0d4d-2cd5-4ede-8de9-598629438c6e
potion-base-32m,vlc,upper,d06f0d4d-2cd5-4ede-8de9-598629438c6e::v4,0.760899,0.523572,0.237327,0.501862,d06f0d4d-2cd5-4ede-8de9-598629438c6e
potion-base-32m,vlc,upper,efcf0d81-0835-4880-b2fd-d866e8bc2294::v0,0.702222,0.475332,0.226891,0.567554,efcf0d81-0835-4880-b2fd-d866e8bc2294
potion-base-32m,vlc,upper,efcf0d81-0835-4880-b2fd-d866e8bc2294::v1,0.77675,0.563465,0.213285,0.511413,efcf0d81-0835-4880-b2fd-d866e8bc2294
potion-base-32m,vlc,upper,efcf0d81-0835-4880-b2fd-d866e8bc2294::v2,0.760264,0.60234,0.157925,0.602866,efcf0d81-0835-4880-b2fd-d866e8bc2294
potion-base-32m,vlc,upper,efcf0d81-0835-4880-b2fd-d866e8bc2294::v3,0.896249,0.525711,0.370537,0.218751,efcf0d81-0835-4880-b2fd-d866e8bc2294
potion-base-32m,vlc,upper,efcf0d81-0835-4880-b2fd-d866e8bc2294::v4,0.704401,0.568498,0.135902,0.685048,efcf0d81-0835-4880-b2fd-d866e8bc2294
potion-base-32m,vlc,upper,f3977615-2b45-4ac5-8bba-80c17dbe2a37::v0,0.777295,0.569266,0.208029,0.517035,f3977615-2b45-4ac5-8bba-80c17dbe2a37
potion-base-32m,vlc,upper,f3977615-2b45-4ac5-8bba-80c17dbe2a37::v1,0.724195,0.585484,0.138711,0.665366,f3977615-2b45-4ac5-8bba-80c17dbe2a37
potion-base-32m,vlc,upper,f3977615-2b45-4ac5-8bba-80c17dbe2a37::v2,0.695952,0.476618,0.219334,0.580929,f3977615-2b45-4ac5-8bba-80c17dbe2a37
potion-base-32m,vlc,upper,f3977615-2b45-4ac5-8bba-80c17dbe2a37::v3,0.874515,0.483171,0.391344,0.242798,f3977615-2b45-4ac5-8bba-80c17dbe2a37
potion-base-32m,vlc,upper,f3977615-2b45-4ac5-8bba-80c17dbe2a37::v4,0.68024,0.594343,0.085897,0.788252,f3977615-2b45-4ac5-8bba-80c17dbe2a37
potion-base-32m,vlc,upper,fba2c100-79e8-42df-ae74-b592418d54f4::v0,0.896012,0.560811,0.335201,0.236773,fba2c100-79e8-42df-ae74-b592418d54f4
potion-base-32m,vlc,upper,fba2c100-79e8-42df-ae74-b592418d54f4::v1,0.861992,0.514715,0.347277,0.284386,fba2c100-79e8-42df-ae74-b592418d54f4
potion-base-32m,vlc,upper,fba2c100-79e8-42df-ae74-b592418d54f4::v2,0.856138,0.558545,0.297593,0.325882,fba2c100-79e8-42df-ae74-b592418d54f4
potion-base-32m,vlc,upper,fba2c100-79e8-42df-ae74-b592418d54f4::v3,0.907656,0.536389,0.371267,0.199184,fba2c100-79e8-42df-ae74-b592418d54f4
potion-base-32m,vlc,upper,fba2c100-79e8-42df-ae74-b592418d54f4::v4,0.811963,0.541776,0.270187,0.410361,fba2c100-79e8-42df-ae74-b592418d54f4
