model,domain,dataset,left_id,top1,top2,gap,ratio,top1_right_id
uae-large-v1,chrome,verdict,altdate_cheapest,0.600218,0.594644,0.005574,0.986249,f79439ad-3ee8-4f99-a518-0eb60e5652b0
uae-large-v1,chrome,verdict,attraction_view_london_eye,0.540251,0.539746,0.000504,0.998904,b7895e80-f4d1-4648-bee0-4eb45a6f1fa8
uae-large-v1,chrome,verdict,car_electric_fuel,0.661052,0.630276,0.030776,0.91676,82279c77-8fc6-46f6-9622-3ba96f61b477
uae-large-v1,chrome,verdict,car_large_price_sort,0.718237,0.643607,0.07463,0.790598,1704f00f-79e6-43a7-961b-cedd3724d5fd
uae-large-v1,chrome,verdict,car_rating_sort,0.680077,0.621898,0.058179,0.846128,1704f00f-79e6-43a7-961b-cedd3724d5fd
uae-large-v1,chrome,verdict,checkout_fill_email_stop,0.580148,0.552353,0.027795,0.937908,da46d875-6b82-4681-9284-653b0c7ae241
uae-large-v1,chrome,verdict,currency_switch_eur,0.573318,0.554775,0.018543,0.958351,3720f614-37fd-4d04-8a6b-76f54f8c222d
uae-large-v1,chrome,verdict,flight_business_cabin,0.624801,0.617541,0.007261,0.981015,6c4c23a1-42a4-43cc-9db1-2f86ff3738cc
uae-large-v1,chrome,verdict,flight_oneway_2adults,0.725546,0.578136,0.147411,0.650573,f79439ad-3ee8-4f99-a518-0eb60e5652b0
uae-large-v1,chrome,verdict,flight_route_date_tomorrow,0.713003,0.592905,0.120097,0.704989,fc6d8143-9452-4171-9459-7f515143419a
uae-large-v1,chrome,verdict,flight_route_next_monday,0.759275,0.695507,0.063768,0.790576,82bc8d6a-36eb-4d2d-8801-ef714fb1e55a
uae-large-v1,chrome,verdict,geo_hierarchy_italy_rome,0.615655,0.527676,0.087979,0.813732,b7895e80-f4d1-4648-bee0-4eb45a6f1fa8
uae-large-v1,chrome,verdict,geo_hierarchy_spain_madrid,0.580109,0.575176,0.004933,0.988388,f79439ad-3ee8-4f99-a518-0eb60e5652b0
uae-large-v1,chrome,verdict,help_category_manage_booking,0.661022,0.651158,0.009864,0.971725,f3b19d1e-2d48-44e9-b4e1-defcae1a0197
uae-large-v1,chrome,verdict,help_search_cancel,0.620094,0.559341,0.060753,0.862131,f3b19d1e-2d48-44e9-b4e1-defcae1a0197
uae-large-v1,chrome,verdict,help_search_refund,0.572281,0.545249,0.027032,0.940557,f3b19d1e-2d48-44e9-b4e1-defcae1a0197
uae-large-v1,chrome,verdict,hotel_multi_filter_genius_review,0.539597,0.483506,0.05609,0.891401,b7895e80-f4d1-4648-bee0-4eb45a6f1fa8
uae-large-v1,chrome,verdict,hotel_open_detail,0.627041,0.547441,0.079601,0.82411,b7895e80-f4d1-4648-bee0-4eb45a6f1fa8
uae-large-v1,chrome,verdict,hotel_price_sort,0.824996,0.531584,0.293412,0.373608,b7895e80-f4d1-4648-bee0-4eb45a6f1fa8
uae-large-v1,chrome,verdict,hotel_review_genius_filter,0.68134,0.535739,0.145601,0.686381,b7895e80-f4d1-4648-bee0-4eb45a6f1fa8
uae-large-v1,chrome,verdict,hotel_search_price_sort,0.760122,0.550346,0.209776,0.533471,b7895e80-f4d1-4648-bee0-4eb45a6f1fa8
uae-large-v1,chrome,verdict,hotel_top_reviewed_open,0.532596,0.493362,0.039234,0.92256,b7895e80-f4d1-4648-bee0-4eb45a6f1fa8
uae-large-v1,chrome,verdict,info_sustainability,0.597486,0.581209,0.016276,0.961135,c1fa57f3-c3db-4596-8f09-020701085416
uae-large-v1,chrome,verdict,language_switch_french,0.61236,0.467623,0.144737,0.728131,3720f614-37fd-4d04-8a6b-76f54f8c222d
uae-large-v1,chrome,verdict,multicity_three_segments,0.635567,0.611118,0.02445,0.937128,f79439ad-3ee8-4f99-a518-0eb60e5652b0
uae-large-v1,chrome,verdict,package_filter_4star,0.579566,0.526704,0.052862,0.888311,b7895e80-f4d1-4648-bee0-4eb45a6f1fa8
uae-large-v1,chrome,verdict,package_free_cancellation_filter,0.563995,0.538023,0.025972,0.943781,6c4c23a1-42a4-43cc-9db1-2f86ff3738cc
uae-large-v1,chrome,verdict,package_search_london_barcelona,0.681888,0.598541,0.083347,0.792389,f79439ad-3ee8-4f99-a518-0eb60e5652b0
uae-large-v1,chrome,verdict,package_sort_lowest_price,0.669047,0.629701,0.039346,0.893745,b7895e80-f4d1-4648-bee0-4eb45a6f1fa8
uae-large-v1,chrome,verdict,taxi_filter_luxury,0.584836,0.538044,0.046792,0.898709,1704f00f-79e6-43a7-961b-cedd3724d5fd
uae-large-v1,chrome,verdict,taxi_search_lhr_3pax,0.586027,0.559292,0.026735,0.939336,f79439ad-3ee8-4f99-a518-0eb60e5652b0
uae-large-v1,chrome,verdict,taxi_sort_most_passengers,0.706383,0.638216,0.068166,0.811583,47543840-672a-467d-80df-8f7c3b9788c9
uae-large-v1,chrome,verdict,trips_cancel_booking,0.535594,0.523661,0.011933,0.974949,b7895e80-f4d1-4648-bee0-4eb45a6f1fa8
uae-large-v1,chrome,verdict,trips_modify_checkin_date,0.496049,0.472396,0.023653,0.955168,b7895e80-f4d1-4648-bee0-4eb45a6f1fa8
uae-large-v1,chrome,verdict,trips_signin_email,0.55255,0.53416,0.01839,0.960523,da46d875-6b82-4681-9284-653b0c7ae241
uae-large-v1,chrome,verdict,trips_status_filter_cancelled,0.566006,0.517408,0.048598,0.899298,6c4c23a1-42a4-43cc-9db1-2f86ff3738cc
uae-large-v1,chrome,lower,030eeff7-b492-4218-b312-701ec99ee0cc,0.745439,0.671474,0.073965,0.774857,9656a811-9b5b-4ddf-99c7-5117bcef0626
uae-large-v1,chrome,lower,06fe7178-4491-4589-810f-2e2bc9502122,0.667042,0.651475,0.015567,0.955334,7a5a7856-f1b6-42a4-ade9-1ca81ca0f263
uae-large-v1,chrome,lower,0d8b7de3-e8de-4d86-b9fd-dd2dce58a217,0.55405,0.539051,0.014999,0.967461,9f935cce-0a9f-435f-8007-817732bfc0a5
uae-large-v1,chrome,lower,12086550-11c0-466b-b367-1d9e75b3910e,0.633693,0.620899,0.012793,0.966254,35253b65-1c19-4304-8aa4-6884b8218fc0
uae-large-v1,chrome,lower,121ba48f-9e17-48ce-9bc6-a4fb17a7ebba,0.537711,0.521039,0.016672,0.965191,f3b19d1e-2d48-44e9-b4e1-defcae1a0197
uae-large-v1,chrome,lower,1704f00f-79e6-43a7-961b-cedd3724d5fd,0.649524,0.601999,0.047525,0.880591,47543840-672a-467d-80df-8f7c3b9788c9
uae-large-v1,chrome,lower,2888b4e6-5b47-4b57-8bf5-c73827890774,0.53221,0.501034,0.031176,0.937519,9f3f70fc-5afc-4958-a7b7-3bb4fcb01805
uae-large-v1,chrome,lower,2ad9387a-65d8-4e33-ad5b-7580065a27ca,0.750174,0.644933,0.105241,0.703602,7a5a7856-f1b6-42a4-ade9-1ca81ca0f263
uae-large-v1,chrome,lower,2ae9ba84-3a0d-4d4c-8338-3a1478dc5fe3,0.644548,0.563502,0.081046,0.814327,3720f614-37fd-4d04-8a6b-76f54f8c222d
uae-large-v1,chrome,lower,3299584d-8f11-4457-bf4c-ce98f7600250,0.619209,0.606428,0.01278,0.967528,9656a811-9b5b-4ddf-99c7-5117bcef0626
uae-large-v1,chrome,lower,35253b65-1c19-4304-8aa4-6884b8218fc0,0.705701,0.67857,0.027131,0.915592,7a5a7856-f1b6-42a4-ade9-1ca81ca0f263
uae-large-v1,chrome,lower,368d9ba4-203c-40c1-9fa3-da2f1430ce63,0.507542,0.494394,0.013147,0.973997,b4f95342-463e-4179-8c3f-193cd7241fb2
uae-large-v1,chrome,lower,3720f614-37fd-4d04-8a6b-76f54f8c222d,0.644548,0.637688,0.00686,0.981066,2ae9ba84-3a0d-4d4c-8338-3a1478dc5fe3
uae-large-v1,chrome,lower,44ee5668-ecd5-4366-a6ce-c1c9b8d4e938,0.606052,0.577436,0.028616,0.93228,7b6c7e24-c58a-49fc-a5bb-d57b80e5b4c3
uae-large-v1,chrome,lower,47543840-672a-467d-80df-8f7c3b9788c9,0.649524,0.582112,0.067412,0.838684,1704f00f-79e6-43a7-961b-cedd3724d5fd
uae-large-v1,chrome,lower,480bcfea-d68f-4aaa-a0a9-2589ef319381,0.674586,0.621781,0.052805,0.860385,af630914-714e-4a24-a7bb-f9af687d3b91
uae-large-v1,chrome,lower,59155008-fe71-45ec-8a8f-dc35497b6aa8,0.462491,0.439804,0.022687,0.959501,2ae9ba84-3a0d-4d4c-8338-3a1478dc5fe3
uae-large-v1,chrome,lower,6766f2b8-8a72-417f-a9e5-56fcaa735837,0.67857,0.593221,0.085349,0.790183,35253b65-1c19-4304-8aa4-6884b8218fc0
uae-large-v1,chrome,lower,6c4c23a1-42a4-43cc-9db1-2f86ff3738cc,0.62989,0.605293,0.024597,0.937682,fc6d8143-9452-4171-9459-7f515143419a
uae-large-v1,chrome,lower,7a5a7856-f1b6-42a4-ade9-1ca81ca0f263,0.750174,0.705701,0.044473,0.848886,2ad9387a-65d8-4e33-ad5b-7580065a27ca
uae-large-v1,chrome,lower,7b6c7e24-c58a-49fc-a5bb-d57b80e5b4c3,0.649448,0.620899,0.028548,0.924695,030eeff7-b492-4218-b312-701ec99ee0cc
uae-large-v1,chrome,lower,7f52cab9-535c-4835-ac8c-391ee64dc930,0.512008,0.476751,0.035257,0.93262,b7895e80-f4d1-4648-bee0-4eb45a6f1fa8
uae-large-v1,chrome,lower,82279c77-8fc6-46f6-9622-3ba96f61b477,0.598137,0.53364,0.064497,0.861702,1704f00f-79e6-43a7-961b-cedd3724d5fd
uae-large-v1,chrome,lower,82bc8d6a-36eb-4d2d-8801-ef714fb1e55a,0.642246,0.608525,0.033721,0.913861,fc6d8143-9452-4171-9459-7f515143419a
uae-large-v1,chrome,lower,93eabf48-6a27-4cb6-b963-7d5fe1e0d3a9,0.714927,0.621781,0.093146,0.753724,af630914-714e-4a24-a7bb-f9af687d3b91
uae-large-v1,chrome,lower,9656a811-9b5b-4ddf-99c7-5117bcef0626,0.745439,0.670545,0.074894,0.772673,030eeff7-b492-4218-b312-701ec99ee0cc
uae-large-v1,chrome,lower,99146c54-4f37-4ab8-9327-5f3291665e1e,0.671474,0.670545,0.000929,0.997182,030eeff7-b492-4218-b312-701ec99ee0cc
uae-large-v1,chrome,lower,9f3f70fc-5afc-4958-a7b7-3bb4fcb01805,0.53221,0.510246,0.021964,0.955153,2888b4e6-5b47-4b57-8bf5-c73827890774
uae-large-v1,chrome,lower,9f935cce-0a9f-435f-8007-817732bfc0a5,0.55405,0.52704,0.02701,0.942892,0d8b7de3-e8de-4d86-b9fd-dd2dce58a217
uae-large-v1,chrome,lower,a728a36e-8bf1-4bb6-9a03-ef039a5233f0,0.520453,0.508209,0.012243,0.975105,9f935cce-0a9f-435f-8007-817732bfc0a5
uae-large-v1,chrome,lower,a96b564e-dbe9-42c3-9ccf-b4498073438a,0.582112,0.581175,0.000937,0.997762,47543840-672a-467d-80df-8f7c3b9788c9
uae-large-v1,chrome,lower,ae78f875-5b98-4907-bbb5-9c737fc68c03,0.562392,0.559322,0.00307,0.993033,44ee5668-ecd5-4366-a6ce-c1c9b8d4e938
uae-large-v1,chrome,lower,af630914-714e-4a24-a7bb-f9af687d3b91,0.714927,0.674585,0.040341,0.876031,93eabf48-6a27-4cb6-b963-7d5fe1e0d3a9
uae-large-v1,chrome,lower,b070486d-e161-459b-aa2b-ef442d973b92,0.505604,0.42888,0.076724,0.865661,0d8b7de3-e8de-4d86-b9fd-dd2dce58a217
uae-large-v1,chrome,lower,b4f95342-463e-4179-8c3f-193cd7241fb2,0.535787,0.533944,0.001842,0.996047,b7895e80-f4d1-4648-bee0-4eb45a6f1fa8
uae-large-v1,chrome,lower,b7895e80-f4d1-4648-bee0-4eb45a6f1fa8,0.604048,0.601999,0.002048,0.994853,6c4c23a1-42a4-43cc-9db1-2f86ff3738cc
uae-large-v1,chrome,lower,bb5e4c0d-f964-439c-97b6-bdb9747de3f4,0.545676,0.539176,0.0065,0.985894,2ad9387a-65d8-4e33-ad5b-7580065a27ca
uae-large-v1,chrome,lower,c1fa57f3-c3db-4596-8f09-020701085416,0.58211,0.567565,0.014545,0.966365,47543840-672a-467d-80df-8f7c3b9788c9
uae-large-v1,chrome,lower,cabb3bae-cccb-41bd-9f5d-0f3a9fecd825,0.513572,0.498765,0.014807,0.97046,b7895e80-f4d1-4648-bee0-4eb45a6f1fa8
uae-large-v1,chrome,lower,da46d875-6b82-4681-9284-653b0c7ae241,0.511044,0.508209,0.002834,0.994237,6c4c23a1-42a4-43cc-9db1-2f86ff3738cc
uae-large-v1,chrome,lower,e1e75309-3ddb-4d09-92ec-de869c928143,0.677278,0.604117,0.073161,0.815196,7a5a7856-f1b6-42a4-ade9-1ca81ca0f263
uae-large-v1,chrome,lower,f0b971a1-6831-4b9b-a50e-22a6e47f45ba,0.478329,0.469877,0.008451,0.984058,b7895e80-f4d1-4648-bee0-4eb45a6f1fa8
uae-large-v1,chrome,lower,f3b19d1e-2d48-44e9-b4e1-defcae1a0197,0.581175,0.567565,0.01361,0.968527,a96b564e-dbe9-42c3-9ccf-b4498073438a
uae-large-v1,chrome,lower,f5d96daf-83a8-4c86-9686-bada31fc66ab,0.40272,0.390941,0.011779,0.98066,9f3f70fc-5afc-4958-a7b7-3bb4fcb01805
uae-large-v1,chrome,lower,f79439ad-3ee8-4f99-a518-0eb60e5652b0,0.608525,0.591576,0.016949,0.958502,82bc8d6a-36eb-4d2d-8801-ef714fb1e55a
uae-large-v1,chrome,lower,fc6d8143-9452-4171-9459-7f515143419a,0.642246,0.62989,0.012356,0.966616,82bc8d6a-36eb-4d2d-8801-ef714fb1e55a
uae-large-v1,chrome,cross_floor,030eeff7-b492-4218-b312-701ec99ee0cc,0.505439,0.490578,0.01486,0.970829,efcf0d81-0835-4880-b2fd-d866e8bc2294
uae-large-v1,chrome,cross_floor,06fe7178-4491-4589-810f-2e2bc9502122,0.572694,0.546144,0.026551,0.9415,a5bbbcd5-b398-4c91-83d4-55e1e31bbb81
uae-large-v1,chrome,cross_floor,0d8b7de3-e8de-4d86-b9fd-dd2dce58a217,0.528136,0.455173,0.072964,0.866079,a746add2-cab0-4740-ac36-c3769d9bfb46
uae-large-v1,chrome,cross_floor,12086550-11c0-466b-b367-1d9e75b3910e,0.530071,0.4988,0.031272,0.937606,a746add2-cab0-4740-ac36-c3769d9bfb46
uae-large-v1,chrome,cross_floor,121ba48f-9e17-48ce-9bc6-a4fb17a7ebba,0.506072,0.484848,0.021223,0.958802,7882ed6e-bece-4bf0-bada-c32dc1ddae72
uae-large-v1,chrome,cross_floor,1704f00f-79e6-43a7-961b-cedd3724d5fd,0.403706,0.398209,0.005497,0.990866,f4aec372-4fb0-4df5-a52b-79e0e2a5d6ce
uae-large-v1,chrome,cross_floor,2888b4e6-5b47-4b57-8bf5-c73827890774,0.455422,0.441973,0.013449,0.975899,2e6f678f-472d-4c55-99cc-8e7c5c402a71
uae-large-v1,chrome,cross_floor,2ad9387a-65d8-4e33-ad5b-7580065a27ca,0.574814,0.548139,0.026675,0.940965,8ba5ae7a-5ae5-4eab-9fcc-5dd4fe3abf89
uae-large-v1,chrome,cross_floor,2ae9ba84-3a0d-4d4c-8338-3a1478dc5fe3,0.458644,0.455507,0.003137,0.994238,b148e375-fe0b-4bec-90e7-38632b0d73c2
uae-large-v1,chrome,cross_floor,3299584d-8f11-4457-bf4c-ce98f7600250,0.539844,0.511563,0.028282,0.942098,215dfd39-f493-4bc3-a027-8a97d72c61bf
uae-large-v1,chrome,cross_floor,35253b65-1c19-4304-8aa4-6884b8218fc0,0.567483,0.553599,0.013884,0.968897,efcf0d81-0835-4880-b2fd-d866e8bc2294
uae-large-v1,chrome,cross_floor,368d9ba4-203c-40c1-9fa3-da2f1430ce63,0.418184,0.396997,0.021187,0.964864,b148e375-fe0b-4bec-90e7-38632b0d73c2
uae-large-v1,chrome,cross_floor,3720f614-37fd-4d04-8a6b-76f54f8c222d,0.524503,0.498598,0.025905,0.948335,215dfd39-f493-4bc3-a027-8a97d72c61bf
uae-large-v1,chrome,cross_floor,44ee5668-ecd5-4366-a6ce-c1c9b8d4e938,0.502185,0.482389,0.019796,0.961756,38f48d40-764e-4e77-a7cf-51dfce880291
uae-large-v1,chrome,cross_floor,47543840-672a-467d-80df-8f7c3b9788c9,0.422064,0.409366,0.012698,0.9785,fba2c100-79e8-42df-ae74-b592418d54f4
uae-large-v1,chrome,cross_floor,480bcfea-d68f-4aaa-a0a9-2589ef319381,0.599233,0.501573,0.09766,0.804064,215dfd39-f493-4bc3-a027-8a97d72c61bf
uae-large-v1,chrome,cross_floor,59155008-fe71-45ec-8a8f-dc35497b6aa8,0.393227,0.374875,0.018352,0.970642,b148e375-fe0b-4bec-90e7-38632b0d73c2
uae-large-v1,chrome,cross_floor,6766f2b8-8a72-417f-a9e5-56fcaa735837,0.614804,0.577841,0.036963,0.912442,8ba5ae7a-5ae5-4eab-9fcc-5dd4fe3abf89
uae-large-v1,chrome,cross_floor,6c4c23a1-42a4-43cc-9db1-2f86ff3738cc,0.433765,0.430565,0.0032,0.99438,a746add2-cab0-4740-ac36-c3769d9bfb46
uae-large-v1,chrome,cross_floor,7a5a7856-f1b6-42a4-ade9-1ca81ca0f263,0.573465,0.563376,0.010089,0.976893,efcf0d81-0835-4880-b2fd-d866e8bc2294
uae-large-v1,chrome,cross_floor,7b6c7e24-c58a-49fc-a5bb-d57b80e5b4c3,0.543103,0.529631,0.013472,0.971358,aa4b5023-aef6-4ed9-bdc9-705f59ab9ad6
uae-large-v1,chrome,cross_floor,7f52cab9-535c-4835-ac8c-391ee64dc930,0.475941,0.458606,0.017335,0.967981,d06f0d4d-2cd5-4ede-8de9-598629438c6e
uae-large-v1,chrome,cross_floor,82279c77-8fc6-46f6-9622-3ba96f61b477,0.391892,0.363795,0.028098,0.955836,2e6f678f-472d-4c55-99cc-8e7c5c402a71
uae-large-v1,chrome,cross_floor,82bc8d6a-36eb-4d2d-8801-ef714fb1e55a,0.416437,0.400618,0.015819,0.973608,fba2c100-79e8-42df-ae74-b592418d54f4
uae-large-v1,chrome,cross_floor,93eabf48-6a27-4cb6-b963-7d5fe1e0d3a9,0.60719,0.601566,0.005625,0.985883,e19bd559-633b-4b02-940f-d946248f088e
uae-large-v1,chrome,cross_floor,9656a811-9b5b-4ddf-99c7-5117bcef0626,0.482576,0.462178,0.020398,0.962072,a746add2-cab0-4740-ac36-c3769d9bfb46
uae-large-v1,chrome,cross_floor,99146c54-4f37-4ab8-9327-5f3291665e1e,0.505206,0.500805,0.004401,0.991184,a5bbbcd5-b398-4c91-83d4-55e1e31bbb81
uae-large-v1,chrome,cross_floor,9f3f70fc-5afc-4958-a7b7-3bb4fcb01805,0.376711,0.352779,0.023931,0.963024,a746add2-cab0-4740-ac36-c3769d9bfb46
uae-large-v1,chrome,cross_floor,9f935cce-0a9f-435f-8007-817732bfc0a5,0.517653,0.47429,0.043364,0.917514,a746add2-cab0-4740-ac36-c3769d9bfb46
uae-large-v1,chrome,cross_floor,a728a36e-8bf1-4bb6-9a03-ef039a5233f0,0.449685,0.423991,0.025694,0.955393,a746add2-cab0-4740-ac36-c3769d9bfb46
uae-large-v1,chrome,cross_floor,a96b564e-dbe9-42c3-9ccf-b4498073438a,0.543434,0.435855,0.107579,0.809306,a746add2-cab0-4740-ac36-c3769d9bfb46
uae-large-v1,chrome,cross_floor,ae78f875-5b98-4907-bbb5-9c737fc68c03,0.543862,0.543373,0.000489,0.99893,2e6f678f-472d-4c55-99cc-8e7c5c402a71
uae-large-v1,chrome,cross_floor,af630914-714e-4a24-a7bb-f9af687d3b91,0.539657,0.525845,0.013812,0.97087,215dfd39-f493-4bc3-a027-8a97d72c61bf
uae-large-v1,chrome,cross_floor,b070486d-e161-459b-aa2b-ef442d973b92,0.443459,0.425654,0.017805,0.969,a5bbbcd5-b398-4c91-83d4-55e1e31bbb81
uae-large-v1,chrome,cross_floor,b4f95342-463e-4179-8c3f-193cd7241fb2,0.445629,0.438503,0.007126,0.987308,f4aec372-4fb0-4df5-a52b-79e0e2a5d6ce
uae-large-v1,chrome,cross_floor,b7895e80-f4d1-4648-bee0-4eb45a6f1fa8,0.442904,0.408489,0.034416,0.941817,a746add2-cab0-4740-ac36-c3769d9bfb46
uae-large-v1,chrome,cross_floor,bb5e4c0d-f964-439c-97b6-bdb9747de3f4,0.519029,0.497216,0.021814,0.956615,efcf0d81-0835-4880-b2fd-d866e8bc2294
uae-large-v1,chrome,cross_floor,c1fa57f3-c3db-4596-8f09-020701085416,0.462273,0.453442,0.008831,0.983843,a746add2-cab0-4740-ac36-c3769d9bfb46
uae-large-v1,chrome,cross_floor,cabb3bae-cccb-41bd-9f5d-0f3a9fecd825,0.423092,0.421765,0.001327,0.997705,a746add2-cab0-4740-ac36-c3769d9bfb46
uae-large-v1,chrome,cross_floor,da46d875-6b82-4681-9284-653b0c7ae241,0.413884,0.406917,0.006967,0.988252,a746add2-cab0-4740-ac36-c3769d9bfb46
uae-large-v1,chrome,cross_floor,e1e75309-3ddb-4d09-92ec-de869c928143,0.643512,0.607685,0.035827,0.908678,77b8ab4d-994f-43ac-8930-8ca087d7c4b4
uae-large-v1,chrome,cross_floor,f0b971a1-6831-4b9b-a50e-22a6e47f45ba,0.421542,0.394608,0.026934,0.95551,aa4b5023-aef6-4ed9-bdc9-705f59ab9ad6
uae-large-v1,chrome,cross_floor,f3b19d1e-2d48-44e9-b4e1-defcae1a0197,0.470303,0.443615,0.026688,0.952032,a746add2-cab0-4740-ac36-c3769d9bfb46
uae-large-v1,chrome,cross_floor,f5d96daf-83a8-4c86-9686-bada31fc66ab,0.411185,0.408357,0.002828,0.99522,aa4b5023-aef6-4ed9-bdc9-705f59ab9ad6
uae-large-v1,chrome,cross_floor,f79439ad-3ee8-4f99-a518-0eb60e5652b0,0.400204,0.389288,0.010916,0.982125,f4aec372-4fb0-4df5-a52b-79e0e2a5d6ce
uae-large-v1,chrome,cross_floor,fc6d8143-9452-4171-9459-7f515143419a,0.39939,0.380262,0.019128,0.969136,a746add2-cab0-4740-ac36-c3769d9bfb46
uae-large-v1,chrome,upper,030eeff7-b492-4218-b312-701ec99ee0cc::v0,0.947923,0.73627,0.211654,0.197461,030eeff7-b492-4218-b312-701ec99ee0cc
uae-large-v1,chrome,upper,030eeff7-b492-4218-b312-701ec99ee0cc::v1,0.9682,0.728568,0.239632,0.117155,030eeff7-b492-4218-b312-701ec99ee0cc
uae-large-v1,chrome,upper,030eeff7-b492-4218-b312-701ec99ee0cc::v2,0.94809,0.744311,0.203779,0.203022,030eeff7-b492-4218-b312-701ec99ee0cc
uae-large-v1,chrome,upper,030eeff7-b492-4218-b312-701ec99ee0cc::v3,0.938285,0.724606,0.213678,0.224098,030eeff7-b492-4218-b312-701ec99ee0cc
uae-large-v1,chrome,upper,030eeff7-b492-4218-b312-701ec99ee0cc::v4,0.962192,0.732338,0.229855,0.141251,030eeff7-b492-4218-b312-701ec99ee0cc
uae-large-v1,chrome,upper,06fe7178-4491-4589-810f-2e2bc9502122::v0,0.861392,0.664273,0.19712,0.412858,06fe7178-4491-4589-810f-2e2bc9502122
uae-large-v1,chrome,upper,06fe7178-4491-4589-810f-2e2bc9502122::v1,0.889453,0.670836,0.218617,0.335843,06fe7178-4491-4589-810f-2e2bc9502122
uae-large-v1,chrome,upper,06fe7178-4491-4589-810f-2e2bc9502122::v2,0.971812,0.676524,0.295288,0.087141,06fe7178-4491-4589-810f-2e2bc9502122
uae-large-v1,chrome,upper,06fe7178-4491-4589-810f-2e2bc9502122::v3,0.865132,0.675054,0.190078,0.415046,06fe7178-4491-4589-810f-2e2bc9502122
uae-large-v1,chrome,upper,06fe7178-4491-4589-810f-2e2bc9502122::v4,0.8575,0.680748,0.176752,0.446356,06fe7178-4491-4589-810f-2e2bc9502122
uae-large-v1,chrome,upper,0d8b7de3-e8de-4d86-b9fd-dd2dce58a217::v0,0.96101,0.532153,0.428858,0.083339,0d8b7de3-e8de-4d86-b9fd-dd2dce58a217
uae-large-v1,chrome,upper,0d8b7de3-e8de-4d86-b9fd-dd2dce58a217::v1,0.921464,0.560563,0.360901,0.17872,0d8b7de3-e8de-4d86-b9fd-dd2dce58a217
uae-large-v1,chrome,upper,0d8b7de3-e8de-4d86-b9fd-dd2dce58a217::v2,0.897354,0.534212,0.363142,0.22037,0d8b7de3-e8de-4d86-b9fd-dd2dce58a217
uae-large-v1,chrome,upper,0d8b7de3-e8de-4d86-b9fd-dd2dce58a217::v3,0.938992,0.539249,0.399742,0.13241,0d8b7de3-e8de-4d86-b9fd-dd2dce58a217
uae-large-v1,chrome,upper,0d8b7de3-e8de-4d86-b9fd-dd2dce58a217::v4,0.906129,0.541379,0.36475,0.204681,0d8b7de3-e8de-4d86-b9fd-dd2dce58a217
uae-large-v1,chrome,upper,12086550-11c0-466b-b367-1d9e75b3910e::v0,0.931165,0.590938,0.340227,0.168275,12086550-11c0-466b-b367-1d9e75b3910e
uae-large-v1,chrome,upper,12086550-11c0-466b-b367-1d9e75b3910e::v1,0.923305,0.617246,0.306059,0.200377,12086550-11c0-466b-b367-1d9e75b3910e
uae-large-v1,chrome,upper,12086550-11c0-466b-b367-1d9e75b3910e::v2,0.925449,0.62093,0.304518,0.196669,12086550-11c0-466b-b367-1d9e75b3910e
uae-large-v1,chrome,upper,12086550-11c0-466b-b367-1d9e75b3910e::v3,0.947544,0.620058,0.327486,0.138063,12086550-11c0-466b-b367-1d9e75b3910e
uae-large-v1,chrome,upper,12086550-11c0-466b-b367-1d9e75b3910e::v4,0.918199,0.582659,0.335539,0.196006,12086550-11c0-466b-b367-1d9e75b3910e
uae-large-v1,chrome,upper,121ba48f-9e17-48ce-9bc6-a4fb17a7ebba::v0,0.97921,0.523813,0.455398,0.043659,121ba48f-9e17-48ce-9bc6-a4fb17a7ebba
uae-large-v1,chrome,upper,121ba48f-9e17-48ce-9bc6-a4fb17a7ebba::v1,0.915898,0.51028,0.405618,0.171735,121ba48f-9e17-48ce-9bc6-a4fb17a7ebba
uae-large-v1,chrome,upper,121ba48f-9e17-48ce-9bc6-a4fb17a7ebba::v2,0.930941,0.526492,0.404449,0.145846,121ba48f-9e17-48ce-9bc6-a4fb17a7ebba
uae-large-v1,chrome,upper,121ba48f-9e17-48ce-9bc6-a4fb17a7ebba::v3,0.937582,0.51074,0.426842,0.127577,121ba48f-9e17-48ce-9bc6-a4fb17a7ebba
uae-large-v1,chrome,upper,121ba48f-9e17-48ce-9bc6-a4fb17a7ebba::v4,0.918607,0.541397,0.37721,0.177481,121ba48f-9e17-48ce-9bc6-a4fb17a7ebba
uae-large-v1,chrome,upper,1704f00f-79e6-43a7-961b-cedd3724d5fd::v0,0.932435,0.661746,0.27069,0.199745,1704f00f-79e6-43a7-961b-cedd3724d5fd
uae-large-v1,chrome,upper,1704f00f-79e6-43a7-961b-cedd3724d5fd::v1,0.941685,0.607185,0.3345,0.148454,1704f00f-79e6-43a7-961b-cedd3724d5fd
uae-large-v1,chrome,upper,1704f00f-79e6-43a7-961b-cedd3724d5fd::v2,0.952147,0.636899,0.315248,0.13179,1704f00f-79e6-43a7-961b-cedd3724d5fd
uae-large-v1,chrome,upper,1704f00f-79e6-43a7-961b-cedd3724d5fd::v3,0.955462,0.654566,0.300897,0.128932,1704f00f-79e6-43a7-961b-cedd3724d5fd
uae-large-v1,chrome,upper,1704f00f-79e6-43a7-961b-cedd3724d5fd::v4,0.92866,0.611402,0.317258,0.183583,1704f00f-79e6-43a7-961b-cedd3724d5fd
uae-large-v1,chrome,upper,2888b4e6-5b47-4b57-8bf5-c73827890774::v0,0.932483,0.516008,0.416475,0.139501,2888b4e6-5b47-4b57-8bf5-c73827890774
uae-large-v1,chrome,upper,2888b4e6-5b47-4b57-8bf5-c73827890774::v1,0.96935,0.517834,0.451516,0.063568,2888b4e6-5b47-4b57-8bf5-c73827890774
uae-large-v1,chrome,upper,2888b4e6-5b47-4b57-8bf5-c73827890774::v2,0.971379,0.537734,0.433645,0.061914,2888b4e6-5b47-4b57-8bf5-c73827890774
uae-large-v1,chrome,upper,2888b4e6-5b47-4b57-8bf5-c73827890774::v3,0.946713,0.536013,0.4107,0.114845,2888b4e6-5b47-4b57-8bf5-c73827890774
uae-large-v1,chrome,upper,2888b4e6-5b47-4b57-8bf5-c73827890774::v4,0.897352,0.525155,0.372197,0.216172,2888b4e6-5b47-4b57-8bf5-c73827890774
uae-large-v1,chrome,upper,2ad9387a-65d8-4e33-ad5b-7580065a27ca::v0,0.913155,0.714835,0.19832,0.304543,2ad9387a-65d8-4e33-ad5b-7580065a27ca
uae-large-v1,chrome,upper,2ad9387a-65d8-4e33-ad5b-7580065a27ca::v1,0.933492,0.792032,0.14146,0.319797,2ad9387a-65d8-4e33-ad5b-7580065a27ca
uae-large-v1,chrome,upper,2ad9387a-65d8-4e33-ad5b-7580065a27ca::v2,0.935242,0.734526,0.200716,0.243932,2ad9387a-65d8-4e33-ad5b-7580065a27ca
uae-large-v1,chrome,upper,2ad9387a-65d8-4e33-ad5b-7580065a27ca::v3,0.959723,0.744272,0.215451,0.1575,2ad9387a-65d8-4e33-ad5b-7580065a27ca
uae-large-v1,chrome,upper,2ad9387a-65d8-4e33-ad5b-7580065a27ca::v4,0.925511,0.752593,0.172919,0.301077,2ad9387a-65d8-4e33-ad5b-7580065a27ca
uae-large-v1,chrome,upper,2ae9ba84-3a0d-4d4c-8338-3a1478dc5fe3::v0,0.945387,0.686488,0.258899,0.174197,2ae9ba84-3a0d-4d4c-8338-3a1478dc5fe3
uae-large-v1,chrome,upper,2ae9ba84-3a0d-4d4c-8338-3a1478dc5fe3::v1,0.954231,0.682952,0.271279,0.144359,2ae9ba84-3a0d-4d4c-8338-3a1478dc5fe3
uae-large-v1,chrome,upper,2ae9ba84-3a0d-4d4c-8338-3a1478dc5fe3::v2,0.947109,0.682292,0.264817,0.166478,2ae9ba84-3a0d-4d4c-8338-3a1478dc5fe3
uae-large-v1,chrome,upper,2ae9ba84-3a0d-4d4c-8338-3a1478dc5fe3::v3,0.947257,0.687055,0.260202,0.168538,2ae9ba84-3a0d-4d4c-8338-3a1478dc5fe3
uae-large-v1,chrome,upper,2ae9ba84-3a0d-4d4c-8338-3a1478dc5fe3::v4,0.89736,0.610929,0.286432,0.263807,2ae9ba84-3a0d-4d4c-8338-3a1478dc5fe3
uae-large-v1,chrome,upper,3299584d-8f11-4457-bf4c-ce98f7600250::v0,0.916739,0.670995,0.245744,0.25307,3299584d-8f11-4457-bf4c-ce98f7600250
uae-large-v1,chrome,upper,3299584d-8f11-4457-bf4c-ce98f7600250::v1,0.940347,0.632185,0.308162,0.162183,3299584d-8f11-4457-bf4c-ce98f7600250
uae-large-v1,chrome,upper,3299584d-8f11-4457-bf4c-ce98f7600250::v2,0.943027,0.676167,0.26686,0.175935,3299584d-8f11-4457-bf4c-ce98f7600250
uae-large-v1,chrome,upper,3299584d-8f11-4457-bf4c-ce98f7600250::v3,0.96011,0.625673,0.334437,0.106565,3299584d-8f11-4457-bf4c-ce98f7600250
uae-large-v1,chrome,upper,3299584d-8f11-4457-bf4c-ce98f7600250::v4,0.909031,0.608338,0.300692,0.232265,3299584d-8f11-4457-bf4c-ce98f7600250
uae-large-v1,chrome,upper,35253b65-1c19-4304-8aa4-6884b8218fc0::v0,0.879454,0.647414,0.232041,0.34189,35253b65-1c19-4304-8aa4-6884b8218fc0
uae-large-v1,chrome,upper,35253b65-1c19-4304-8aa4-6884b8218fc0::v1,0.906282,0.687647,0.218635,0.300039,35253b65-1c19-4304-8aa4-6884b8218fc0
uae-large-v1,chrome,upper,35253b65-1c19-4304-8aa4-6884b8218fc0::v2,0.85677,0.662204,0.194565,0.424014,35253b65-1c19-4304-8aa4-6884b8218fc0
uae-large-v1,chrome,upper,35253b65-1c19-4304-8aa4-6884b8218fc0::v3,0.926317,0.693926,0.232392,0.240735,35253b65-1c19-4304-8aa4-6884b8218fc0
uae-large-v1,chrome,upper,35253b65-1c19-4304-8aa4-6884b8218fc0::v4,0.930389,0.678843,0.251546,0.216751,35253b65-1c19-4304-8aa4-6884b8218fc0
uae-large-v1,chrome,upper,368d9ba4-203c-40c1-9fa3-da2f1430ce63::v0,0.949302,0.47816,0.471142,0.097152,368d9ba4-203c-40c1-9fa3-da2f1430ce63
uae-large-v1,chrome,upper,368d9ba4-203c-40c1-9fa3-da2f1430ce63::v1,0.943527,0.465654,0.477872,0.105687,368d9ba4-203c-40c1-9fa3-da2f1430ce63
uae-large-v1,chrome,upper,368d9ba4-203c-40c1-9fa3-da2f1430ce63::v2,0.937244,0.520923,0.416321,0.130993,368d9ba4-203c-40c1-9fa3-da2f1430ce63
uae-large-v1,chrome,upper,368d9ba4-203c-40c1-9fa3-da2f1430ce63::v3,0.939506,0.504851,0.434655,0.122173,368d9ba4-203c-40c1-9fa3-da2f1430ce63
uae-large-v1,chrome,upper,368d9ba4-203c-40c1-9fa3-da2f1430ce63::v4,0.908997,0.43413,0.474868,0.160819,368d9ba4-203c-40c1-9fa3-da2f1430ce63
uae-large-v1,chrome,upper,3720f614-37fd-4d04-8a6b-76f54f8c222d::v0,0.828001,0.636055,0.191946,0.472596,3720f614-37fd-4d04-8a6b-76f54f8c222d
uae-large-v1,chrome,upper,3720f614-37fd-4d04-8a6b-76f54f8c222d::v1,0.887856,0.668159,0.219697,0.337946,3720f614-37fd-4d04-8a6b-76f54f8c222d
uae-large-v1,chrome,upper,3720f614-37fd-4d04-8a6b-76f54f8c222d::v2,0.867679,0.649881,0.217799,0.37793,3720f614-37fd-4d04-8a6b-76f54f8c222d
uae-large-v1,chrome,upper,3720f614-37fd-4d04-8a6b-76f54f8c222d::v3,0.837384,0.651934,0.185451,0.467197,3720f614-37fd-4d04-8a6b-76f54f8c222d
uae-large-v1,chrome,upper,3720f614-37fd-4d04-8a6b-76f54f8c222d::v4,0.834646,0.627194,0.207452,0.443538,3720f614-37fd-4d04-8a6b-76f54f8c222d
uae-large-v1,chrome,upper,44ee5668-ecd5-4366-a6ce-c1c9b8d4e938::v0,0.852988,0.665659,0.187328,0.439708,44ee5668-ecd5-4366-a6ce-c1c9b8d4e938
uae-large-v1,chrome,upper,44ee5668-ecd5-4366-a6ce-c1c9b8d4e938::v1,0.842863,0.659921,0.182942,0.46206,44ee5668-ecd5-4366-a6ce-c1c9b8d4e938
uae-large-v1,chrome,upper,44ee5668-ecd5-4366-a6ce-c1c9b8d4e938::v2,0.838514,0.669998,0.168516,0.489349,44ee5668-ecd5-4366-a6ce-c1c9b8d4e938
uae-large-v1,chrome,upper,44ee5668-ecd5-4366-a6ce-c1c9b8d4e938::v3,0.841003,0.665784,0.175219,0.475731,44ee5668-ecd5-4366-a6ce-c1c9b8d4e938
uae-large-v1,chrome,upper,44ee5668-ecd5-4366-a6ce-c1c9b8d4e938::v4,0.865771,0.624888,0.240883,0.357837,44ee5668-ecd5-4366-a6ce-c1c9b8d4e938
uae-large-v1,chrome,upper,47543840-672a-467d-80df-8f7c3b9788c9::v0,0.940496,0.630354,0.310142,0.160976,47543840-672a-467d-80df-8f7c3b9788c9
uae-large-v1,chrome,upper,47543840-672a-467d-80df-8f7c3b9788c9::v1,0.897886,0.614703,0.283183,0.265026,47543840-672a-467d-80df-8f7c3b9788c9
uae-large-v1,chrome,upper,47543840-672a-467d-80df-8f7c3b9788c9::v2,0.901516,0.641695,0.259821,0.274861,47543840-672a-467d-80df-8f7c3b9788c9
uae-large-v1,chrome,upper,47543840-672a-467d-80df-8f7c3b9788c9::v3,0.937653,0.635328,0.302325,0.170968,47543840-672a-467d-80df-8f7c3b9788c9
uae-large-v1,chrome,upper,47543840-672a-467d-80df-8f7c3b9788c9::v4,0.911817,0.633534,0.278283,0.24063,47543840-672a-467d-80df-8f7c3b9788c9
uae-large-v1,chrome,upper,480bcfea-d68f-4aaa-a0a9-2589ef319381::v0,0.883613,0.631157,0.252456,0.315545,480bcfea-d68f-4aaa-a0a9-2589ef319381
uae-large-v1,chrome,upper,480bcfea-d68f-4aaa-a0a9-2589ef319381::v1,0.886879,0.695377,0.191502,0.371348,480bcfea-d68f-4aaa-a0a9-2589ef319381
uae-large-v1,chrome,upper,480bcfea-d68f-4aaa-a0a9-2589ef319381::v2,0.869529,0.648395,0.221134,0.371073,480bcfea-d68f-4aaa-a0a9-2589ef319381
uae-large-v1,chrome,upper,480bcfea-d68f-4aaa-a0a9-2589ef319381::v3,0.856285,0.619812,0.236473,0.37801,480bcfea-d68f-4aaa-a0a9-2589ef319381
uae-large-v1,chrome,upper,480bcfea-d68f-4aaa-a0a9-2589ef319381::v4,0.887263,0.622012,0.265251,0.298256,480bcfea-d68f-4aaa-a0a9-2589ef319381
uae-large-v1,chrome,upper,59155008-fe71-45ec-8a8f-dc35497b6aa8::v0,0.92787,0.539683,0.388187,0.156696,59155008-fe71-45ec-8a8f-dc35497b6aa8
uae-large-v1,chrome,upper,59155008-fe71-45ec-8a8f-dc35497b6aa8::v1,0.92522,0.487701,0.437519,0.145969,59155008-fe71-45ec-8a8f-dc35497b6aa8
uae-large-v1,chrome,upper,59155008-fe71-45ec-8a8f-dc35497b6aa8::v2,0.920228,0.491797,0.428431,0.156969,59155008-fe71-45ec-8a8f-dc35497b6aa8
uae-large-v1,chrome,upper,59155008-fe71-45ec-8a8f-dc35497b6aa8::v3,0.970996,0.449338,0.521659,0.052671,59155008-fe71-45ec-8a8f-dc35497b6aa8
uae-large-v1,chrome,upper,59155008-fe71-45ec-8a8f-dc35497b6aa8::v4,0.893592,0.504902,0.38869,0.214924,59155008-fe71-45ec-8a8f-dc35497b6aa8
uae-large-v1,chrome,upper,6766f2b8-8a72-417f-a9e5-56fcaa735837::v0,0.946736,0.671123,0.275613,0.161956,6766f2b8-8a72-417f-a9e5-56fcaa735837
uae-large-v1,chrome,upper,6766f2b8-8a72-417f-a9e5-56fcaa735837::v1,0.952923,0.701485,0.251438,0.157703,6766f2b8-8a72-417f-a9e5-56fcaa735837
uae-large-v1,chrome,upper,6766f2b8-8a72-417f-a9e5-56fcaa735837::v2,0.932195,0.670294,0.261902,0.205651,6766f2b8-8a72-417f-a9e5-56fcaa735837
uae-large-v1,chrome,upper,6766f2b8-8a72-417f-a9e5-56fcaa735837::v3,0.896437,0.712476,0.183961,0.360189,6766f2b8-8a72-417f-a9e5-56fcaa735837
uae-large-v1,chrome,upper,6766f2b8-8a72-417f-a9e5-56fcaa735837::v4,0.860587,0.64089,0.219696,0.38822,6766f2b8-8a72-417f-a9e5-56fcaa735837
uae-large-v1,chrome,upper,6c4c23a1-42a4-43cc-9db1-2f86ff3738cc::v0,0.910966,0.654918,0.256048,0.258009,6c4c23a1-42a4-43cc-9db1-2f86ff3738cc
uae-large-v1,chrome,upper,6c4c23a1-42a4-43cc-9db1-2f86ff3738cc::v1,0.894251,0.637534,0.256718,0.291748,6c4c23a1-42a4-43cc-9db1-2f86ff3738cc
uae-large-v1,chrome,upper,6c4c23a1-42a4-43cc-9db1-2f86ff3738cc::v2,0.927177,0.644854,0.282323,0.20505,6c4c23a1-42a4-43cc-9db1-2f86ff3738cc
uae-large-v1,chrome,upper,6c4c23a1-42a4-43cc-9db1-2f86ff3738cc::v3,0.904599,0.638189,0.26641,0.263677,6c4c23a1-42a4-43cc-9db1-2f86ff3738cc
uae-large-v1,chrome,upper,6c4c23a1-42a4-43cc-9db1-2f86ff3738cc::v4,0.889057,0.615258,0.273799,0.288357,6c4c23a1-42a4-43cc-9db1-2f86ff3738cc
uae-large-v1,chrome,upper,7a5a7856-f1b6-42a4-ade9-1ca81ca0f263::v0,0.902061,0.701103,0.200958,0.32767,7a5a7856-f1b6-42a4-ade9-1ca81ca0f263
uae-large-v1,chrome,upper,7a5a7856-f1b6-42a4-ade9-1ca81ca0f263::v1,0.88554,0.769258,0.116281,0.496054,7a5a7856-f1b6-42a4-ade9-1ca81ca0f263
uae-large-v1,chrome,upper,7a5a7856-f1b6-42a4-ade9-1ca81ca0f263::v2,0.884501,0.70874,0.175762,0.396547,7a5a7856-f1b6-42a4-ade9-1ca81ca0f263
uae-large-v1,chrome,upper,7a5a7856-f1b6-42a4-ade9-1ca81ca0f263::v3,0.91569,0.748602,0.167088,0.335363,7a5a7856-f1b6-42a4-ade9-1ca81ca0f263
uae-large-v1,chrome,upper,7a5a7856-f1b6-42a4-ade9-1ca81ca0f263::v4,0.856724,0.726022,0.130702,0.522946,7a5a7856-f1b6-42a4-ade9-1ca81ca0f263
uae-large-v1,chrome,upper,7b6c7e24-c58a-49fc-a5bb-d57b80e5b4c3::v0,0.800204,0.572987,0.227217,0.467891,7b6c7e24-c58a-49fc-a5bb-d57b80e5b4c3
uae-large-v1,chrome,upper,7b6c7e24-c58a-49fc-a5bb-d57b80e5b4c3::v1,0.881323,0.653631,0.227692,0.342633,7b6c7e24-c58a-49fc-a5bb-d57b80e5b4c3
uae-large-v1,chrome,upper,7b6c7e24-c58a-49fc-a5bb-d57b80e5b4c3::v2,0.879417,0.653055,0.226362,0.347556,7b6c7e24-c58a-49fc-a5bb-d57b80e5b4c3
uae-large-v1,chrome,upper,7b6c7e24-c58a-49fc-a5bb-d57b80e5b4c3::v3,0.811038,0.634967,0.176072,0.517656,7b6c7e24-c58a-49fc-a5bb-d57b80e5b4c3
uae-large-v1,chrome,upper,7b6c7e24-c58a-49fc-a5bb-d57b80e5b4c3::v4,0.895596,0.649781,0.245815,0.298111,7b6c7e24-c58a-49fc-a5bb-d57b80e5b4c3
uae-large-v1,chrome,upper,7f52cab9-535c-4835-ac8c-391ee64dc930::v0,0.974446,0.504116,0.470331,0.051531,7f52cab9-535c-4835-ac8c-391ee64dc930
uae-large-v1,chrome,upper,7f52cab9-535c-4835-ac8c-391ee64dc930::v1,0.934664,0.544635,0.39003,0.143479,7f52cab9-535c-4835-ac8c-391ee64dc930
uae-large-v1,chrome,upper,7f52cab9-535c-4835-ac8c-391ee64dc930::v2,0.905418,0.587268,0.318149,0.229162,7f52cab9-535c-4835-ac8c-391ee64dc930
uae-large-v1,chrome,upper,7f52cab9-535c-4835-ac8c-391ee64dc930::v3,0.961457,0.537783,0.423674,0.083387,7f52cab9-535c-4835-ac8c-391ee64dc930
uae-large-v1,chrome,upper,7f52cab9-535c-4835-ac8c-391ee64dc930::v4,0.884755,0.5732,0.311555,0.270021,7f52cab9-535c-4835-ac8c-391ee64dc930
uae-large-v1,chrome,upper,82279c77-8fc6-46f6-9622-3ba96f61b477::v0,0.935622,0.59988,0.335741,0.160898,82279c77-8fc6-46f6-9622-3ba96f61b477
uae-large-v1,chrome,upper,82279c77-8fc6-46f6-9622-3ba96f61b477::v1,0.927679,0.550327,0.377352,0.160831,82279c77-8fc6-46f6-9622-3ba96f61b477
uae-large-v1,chrome,upper,82279c77-8fc6-46f6-9622-3ba96f61b477::v2,0.950644,0.610562,0.340082,0.126736,82279c77-8fc6-46f6-9622-3ba96f61b477
uae-large-v1,chrome,upper,82279c77-8fc6-46f6-9622-3ba96f61b477::v3,0.968535,0.570547,0.397988,0.073267,82279c77-8fc6-46f6-9622-3ba96f61b477
uae-large-v1,chrome,upper,82279c77-8fc6-46f6-9622-3ba96f61b477::v4,0.918293,0.52998,0.388313,0.173838,82279c77-8fc6-46f6-9622-3ba96f61b477
uae-large-v1,chrome,upper,82bc8d6a-36eb-4d2d-8801-ef714fb1e55a::v0,0.952058,0.655824,0.296234,0.139295,82bc8d6a-36eb-4d2d-8801-ef714fb1e55a
uae-large-v1,chrome,upper,82bc8d6a-36eb-4d2d-8801-ef714fb1e55a::v1,0.948707,0.619847,0.32886,0.134927,82bc8d6a-36eb-4d2d-8801-ef714fb1e55a
uae-large-v1,chrome,upper,82bc8d6a-36eb-4d2d-8801-ef714fb1e55a::v2,0.921793,0.648225,0.273568,0.222321,82bc8d6a-36eb-4d2d-8801-ef714fb1e55a
uae-large-v1,chrome,upper,82bc8d6a-36eb-4d2d-8801-ef714fb1e55a::v3,0.938439,0.640731,0.297708,0.171352,82bc8d6a-36eb-4d2d-8801-ef714fb1e55a
uae-large-v1,chrome,upper,82bc8d6a-36eb-4d2d-8801-ef714fb1e55a::v4,0.911545,0.641348,0.270196,0.246633,82bc8d6a-36eb-4d2d-8801-ef714fb1e55a
uae-large-v1,chrome,upper,93eabf48-6a27-4cb6-b963-7d5fe1e0d3a9::v0,0.882139,0.706486,0.175654,0.40155,93eabf48-6a27-4cb6-b963-7d5fe1e0d3a9
uae-large-v1,chrome,upper,93eabf48-6a27-4cb6-b963-7d5fe1e0d3a9::v1,0.909412,0.712128,0.197283,0.314683,93eabf48-6a27-4cb6-b963-7d5fe1e0d3a9
uae-large-v1,chrome,upper,93eabf48-6a27-4cb6-b963-7d5fe1e0d3a9::v2,0.889283,0.68632,0.202963,0.352961,93eabf48-6a27-4cb6-b963-7d5fe1e0d3a9
uae-large-v1,chrome,upper,93eabf48-6a27-4cb6-b963-7d5fe1e0d3a9::v3,0.902975,0.7043,0.198674,0.328121,93eabf48-6a27-4cb6-b963-7d5fe1e0d3a9
uae-large-v1,chrome,upper,93eabf48-6a27-4cb6-b963-7d5fe1e0d3a9::v4,0.901065,0.696654,0.204411,0.326147,93eabf48-6a27-4cb6-b963-7d5fe1e0d3a9
uae-large-v1,chrome,upper,9656a811-9b5b-4ddf-99c7-5117bcef0626::v0,0.922887,0.712073,0.210814,0.267821,9656a811-9b5b-4ddf-99c7-5117bcef0626
uae-large-v1,chrome,upper,9656a811-9b5b-4ddf-99c7-5117bcef0626::v1,0.917779,0.68027,0.237509,0.257157,9656a811-9b5b-4ddf-99c7-5117bcef0626
uae-large-v1,chrome,upper,9656a811-9b5b-4ddf-99c7-5117bcef0626::v2,0.916808,0.724872,0.191936,0.302377,9656a811-9b5b-4ddf-99c7-5117bcef0626
uae-large-v1,chrome,upper,9656a811-9b5b-4ddf-99c7-5117bcef0626::v3,0.876179,0.704895,0.171284,0.419584,9656a811-9b5b-4ddf-99c7-5117bcef0626
uae-large-v1,chrome,upper,9656a811-9b5b-4ddf-99c7-5117bcef0626::v4,0.90155,0.685101,0.216449,0.31264,9656a811-9b5b-4ddf-99c7-5117bcef0626
uae-large-v1,chrome,upper,99146c54-4f37-4ab8-9327-5f3291665e1e::v0,0.939888,0.695228,0.24466,0.197235,99146c54-4f37-4ab8-9327-5f3291665e1e
uae-large-v1,chrome,upper,99146c54-4f37-4ab8-9327-5f3291665e1e::v1,0.942631,0.68288,0.259751,0.180906,99146c54-4f37-4ab8-9327-5f3291665e1e
uae-large-v1,chrome,upper,99146c54-4f37-4ab8-9327-5f3291665e1e::v2,0.91778,0.692054,0.225726,0.266994,99146c54-4f37-4ab8-9327-5f3291665e1e
uae-large-v1,chrome,upper,99146c54-4f37-4ab8-9327-5f3291665e1e::v3,0.927666,0.662938,0.264727,0.214602,99146c54-4f37-4ab8-9327-5f3291665e1e
uae-large-v1,chrome,upper,99146c54-4f37-4ab8-9327-5f3291665e1e::v4,0.910906,0.675273,0.235633,0.274365,99146c54-4f37-4ab8-9327-5f3291665e1e
uae-large-v1,chrome,upper,9f3f70fc-5afc-4958-a7b7-3bb4fcb01805::v0,0.95733,0.506097,0.451233,0.086394,9f3f70fc-5afc-4958-a7b7-3bb4fcb01805
uae-large-v1,chrome,upper,9f3f70fc-5afc-4958-a7b7-3bb4fcb01805::v1,0.940969,0.530702,0.410267,0.125786,9f3f70fc-5afc-4958-a7b7-3bb4fcb01805
uae-large-v1,chrome,upper,9f3f70fc-5afc-4958-a7b7-3bb4fcb01805::v2,0.893986,0.571322,0.322664,0.247304,9f3f70fc-5afc-4958-a7b7-3bb4fcb01805
uae-large-v1,chrome,upper,9f3f70fc-5afc-4958-a7b7-3bb4fcb01805::v3,0.966233,0.559147,0.407086,0.076594,9f3f70fc-5afc-4958-a7b7-3bb4fcb01805
uae-large-v1,chrome,upper,9f3f70fc-5afc-4958-a7b7-3bb4fcb01805::v4,0.901542,0.528823,0.372719,0.208962,9f3f70fc-5afc-4958-a7b7-3bb4fcb01805
uae-large-v1,chrome,upper,9f935cce-0a9f-435f-8007-817732bfc0a5::v0,0.942363,0.523575,0.418788,0.120979,9f935cce-0a9f-435f-8007-817732bfc0a5
uae-large-v1,chrome,upper,9f935cce-0a9f-435f-8007-817732bfc0a5::v1,0.941241,0.534101,0.40714,0.126119,9f935cce-0a9f-435f-8007-817732bfc0a5
uae-large-v1,chrome,upper,9f935cce-0a9f-435f-8007-817732bfc0a5::v2,0.931357,0.543202,0.388155,0.15027,9f935cce-0a9f-435f-8007-817732bfc0a5
uae-large-v1,chrome,upper,9f935cce-0a9f-435f-8007-817732bfc0a5::v3,0.918959,0.520546,0.398414,0.169027,9f935cce-0a9f-435f-8007-817732bfc0a5
uae-large-v1,chrome,upper,9f935cce-0a9f-435f-8007-817732bfc0a5::v4,0.944042,0.497995,0.446047,0.11147,9f935cce-0a9f-435f-8007-817732bfc0a5
uae-large-v1,chrome,upper,a728a36e-8bf1-4bb6-9a03-ef039a5233f0::v0,0.964581,0.534017,0.430564,0.07601,a728a36e-8bf1-4bb6-9a03-ef039a5233f0
uae-large-v1,chrome,upper,a728a36e-8bf1-4bb6-9a03-ef039a5233f0::v1,0.891685,0.507703,0.383982,0.22002,a728a36e-8bf1-4bb6-9a03-ef039a5233f0
uae-large-v1,chrome,upper,a728a36e-8bf1-4bb6-9a03-ef039a5233f0::v2,0.901786,0.576999,0.324787,0.232184,a728a36e-8bf1-4bb6-9a03-ef039a5233f0
uae-large-v1,chrome,upper,a728a36e-8bf1-4bb6-9a03-ef039a5233f0::v3,0.911394,0.574257,0.337137,0.208121,a728a36e-8bf1-4bb6-9a03-ef039a5233f0
uae-large-v1,chrome,upper,a728a36e-8bf1-4bb6-9a03-ef039a5233f0::v4,0.900762,0.530321,0.370441,0.211289,a728a36e-8bf1-4bb6-9a03-ef039a5233f0
uae-large-v1,chrome,upper,a96b564e-dbe9-42c3-9ccf-b4498073438a::v0,0.937643,0.586778,0.350865,0.150905,a96b564e-dbe9-42c3-9ccf-b4498073438a
uae-large-v1,chrome,upper,a96b564e-dbe9-42c3-9ccf-b4498073438a::v1,0.850097,0.580712,0.269385,0.357518,a96b564e-dbe9-42c3-9ccf-b4498073438a
uae-large-v1,chrome,upper,a96b564e-dbe9-42c3-9ccf-b4498073438a::v2,0.886726,0.560538,0.326189,0.257755,a96b564e-dbe9-42c3-9ccf-b4498073438a
uae-large-v1,chrome,upper,a96b564e-dbe9-42c3-9ccf-b4498073438a::v3,0.937704,0.581149,0.356554,0.148732,a96b564e-dbe9-42c3-9ccf-b4498073438a
uae-large-v1,chrome,upper,a96b564e-dbe9-42c3-9ccf-b4498073438a::v4,0.891585,0.571666,0.319919,0.253109,a96b564e-dbe9-42c3-9ccf-b4498073438a
uae-large-v1,chrome,upper,ae78f875-5b98-4907-bbb5-9c737fc68c03::v0,0.805291,0.514855,0.290436,0.401342,ae78f875-5b98-4907-bbb5-9c737fc68c03
uae-large-v1,chrome,upper,ae78f875-5b98-4907-bbb5-9c737fc68c03::v1,0.897318,0.547649,0.349668,0.226997,ae78f875-5b98-4907-bbb5-9c737fc68c03
uae-large-v1,chrome,upper,ae78f875-5b98-4907-bbb5-9c737fc68c03::v2,0.796166,0.594097,0.202069,0.502174,ae78f875-5b98-4907-bbb5-9c737fc68c03
uae-large-v1,chrome,upper,ae78f875-5b98-4907-bbb5-9c737fc68c03::v3,0.817166,0.540823,0.276343,0.398178,ae78f875-5b98-4907-bbb5-9c737fc68c03
uae-large-v1,chrome,upper,ae78f875-5b98-4907-bbb5-9c737fc68c03::v4,0.868003,0.566567,0.301436,0.304537,ae78f875-5b98-4907-bbb5-9c737fc68c03
uae-large-v1,chrome,upper,af630914-714e-4a24-a7bb-f9af687d3b91::v0,0.921064,0.657949,0.263115,0.230772,af630914-714e-4a24-a7bb-f9af687d3b91
uae-large-v1,chrome,upper,af630914-714e-4a24-a7bb-f9af687d3b91::v1,0.913183,0.623892,0.289291,0.23083,af630914-714e-4a24-a7bb-f9af687d3b91
uae-large-v1,chrome,upper,af630914-714e-4a24-a7bb-f9af687d3b91::v2,0.891478,0.596362,0.295116,0.26886,af630914-714e-4a24-a7bb-f9af687d3b91
uae-large-v1,chrome,upper,af630914-714e-4a24-a7bb-f9af687d3b91::v3,0.934522,0.658518,0.276004,0.191747,af630914-714e-4a24-a7bb-f9af687d3b91
uae-large-v1,chrome,upper,af630914-714e-4a24-a7bb-f9af687d3b91::v4,0.90797,0.595469,0.312501,0.227498,af630914-714e-4a24-a7bb-f9af687d3b91
uae-large-v1,chrome,upper,b070486d-e161-459b-aa2b-ef442d973b92::v0,0.965781,0.510314,0.455467,0.06988,b070486d-e161-459b-aa2b-ef442d973b92
uae-large-v1,chrome,upper,b070486d-e161-459b-aa2b-ef442d973b92::v1,0.912449,0.469224,0.443225,0.164949,b070486d-e161-459b-aa2b-ef442d973b92
uae-large-v1,chrome,upper,b070486d-e161-459b-aa2b-ef442d973b92::v2,0.892299,0.529149,0.36315,0.228736,b070486d-e161-459b-aa2b-ef442d973b92
uae-large-v1,chrome,upper,b070486d-e161-459b-aa2b-ef442d973b92::v3,0.923392,0.479284,0.444107,0.147121,b070486d-e161-459b-aa2b-ef442d973b92
uae-large-v1,chrome,upper,b070486d-e161-459b-aa2b-ef442d973b92::v4,0.899055,0.517641,0.381414,0.209273,b070486d-e161-459b-aa2b-ef442d973b92
uae-large-v1,chrome,upper,b4f95342-463e-4179-8c3f-193cd7241fb2::v0,0.98825,0.543695,0.444556,0.025749,b4f95342-463e-4179-8c3f-193cd7241fb2
uae-large-v1,chrome,upper,b4f95342-463e-4179-8c3f-193cd7241fb2::v1,0.924057,0.532541,0.391517,0.162458,b4f95342-463e-4179-8c3f-193cd7241fb2
uae-large-v1,chrome,upper,b4f95342-463e-4179-8c3f-193cd7241fb2::v2,0.925208,0.541184,0.384024,0.163011,b4f95342-463e-4179-8c3f-193cd7241fb2
uae-large-v1,chrome,upper,b4f95342-463e-4179-8c3f-193cd7241fb2::v3,0.931218,0.556676,0.374542,0.155152,b4f95342-463e-4179-8c3f-193cd7241fb2
uae-large-v1,chrome,upper,b4f95342-463e-4179-8c3f-193cd7241fb2::v4,0.928848,0.509791,0.419057,0.145146,b4f95342-463e-4179-8c3f-193cd7241fb2
uae-large-v1,chrome,upper,b7895e80-f4d1-4648-bee0-4eb45a6f1fa8::v0,0.941479,0.608314,0.333165,0.149409,b7895e80-f4d1-4648-bee0-4eb45a6f1fa8
uae-large-v1,chrome,upper,b7895e80-f4d1-4648-bee0-4eb45a6f1fa8::v1,0.899743,0.570988,0.328755,0.233694,b7895e80-f4d1-4648-bee0-4eb45a6f1fa8
uae-large-v1,chrome,upper,b7895e80-f4d1-4648-bee0-4eb45a6f1fa8::v2,0.915309,0.601719,0.31359,0.212642,b7895e80-f4d1-4648-bee0-4eb45a6f1fa8
uae-large-v1,chrome,upper,b7895e80-f4d1-4648-bee0-4eb45a6f1fa8::v3,0.918023,0.594577,0.323446,0.202201,b7895e80-f4d1-4648-bee0-4eb45a6f1fa8
uae-large-v1,chrome,upper,b7895e80-f4d1-4648-bee0-4eb45a6f1fa8::v4,0.920951,0.578993,0.341957,0.187763,b7895e80-f4d1-4648-bee0-4eb45a6f1fa8
uae-large-v1,chrome,upper,bb5e4c0d-f964-439c-97b6-bdb9747de3f4::v0,0.791679,0.591664,0.200015,0.51017,bb5e4c0d-f964-439c-97b6-bdb9747de3f4
uae-large-v1,chrome,upper,bb5e4c0d-f964-439c-97b6-bdb9747de3f4::v1,0.903688,0.582349,0.321339,0.230604,bb5e4c0d-f964-439c-97b6-bdb9747de3f4
uae-large-v1,chrome,upper,bb5e4c0d-f964-439c-97b6-bdb9747de3f4::v2,0.832486,0.602575,0.229912,0.421498,bb5e4c0d-f964-439c-97b6-bdb9747de3f4
uae-large-v1,chrome,upper,bb5e4c0d-f964-439c-97b6-bdb9747de3f4::v3,0.822349,0.579155,0.243194,0.422129,bb5e4c0d-f964-439c-97b6-bdb9747de3f4
uae-large-v1,chrome,upper,bb5e4c0d-f964-439c-97b6-bdb9747de3f4::v4,0.867519,0.567258,0.30026,0.306144,bb5e4c0d-f964-439c-97b6-bdb9747de3f4
uae-large-v1,chrome,upper,c1fa57f3-c3db-4596-8f09-020701085416::v0,0.980157,0.569871,0.410286,0.046133,c1fa57f3-c3db-4596-8f09-020701085416
uae-large-v1,chrome,upper,c1fa57f3-c3db-4596-8f09-020701085416::v1,0.94455,0.557276,0.387274,0.125247,c1fa57f3-c3db-4596-8f09-020701085416
uae-large-v1,chrome,upper,c1fa57f3-c3db-4596-8f09-020701085416::v2,0.954265,0.595912,0.358353,0.113182,c1fa57f3-c3db-4596-8f09-020701085416
uae-large-v1,chrome,upper,c1fa57f3-c3db-4596-8f09-020701085416::v3,0.973654,0.578553,0.395101,0.062514,c1fa57f3-c3db-4596-8f09-020701085416
uae-large-v1,chrome,upper,c1fa57f3-c3db-4596-8f09-020701085416::v4,0.905733,0.544788,0.360945,0.207085,c1fa57f3-c3db-4596-8f09-020701085416
uae-large-v1,chrome,upper,cabb3bae-cccb-41bd-9f5d-0f3a9fecd825::v0,0.981603,0.522007,0.459597,0.038487,cabb3bae-cccb-41bd-9f5d-0f3a9fecd825
uae-large-v1,chrome,upper,cabb3bae-cccb-41bd-9f5d-0f3a9fecd825::v1,0.916704,0.52767,0.389034,0.176351,cabb3bae-cccb-41bd-9f5d-0f3a9fecd825
uae-large-v1,chrome,upper,cabb3bae-cccb-41bd-9f5d-0f3a9fecd825::v2,0.915682,0.535176,0.380506,0.181398,cabb3bae-cccb-41bd-9f5d-0f3a9fecd825
uae-large-v1,chrome,upper,cabb3bae-cccb-41bd-9f5d-0f3a9fecd825::v3,0.975088,0.502155,0.472933,0.050039,cabb3bae-cccb-41bd-9f5d-0f3a9fecd825
uae-large-v1,chrome,upper,cabb3bae-cccb-41bd-9f5d-0f3a9fecd825::v4,0.938259,0.529399,0.408859,0.131197,cabb3bae-cccb-41bd-9f5d-0f3a9fecd825
uae-large-v1,chrome,upper,da46d875-6b82-4681-9284-653b0c7ae241::v0,0.948313,0.547905,0.400408,0.114328,da46d875-6b82-4681-9284-653b0c7ae241
uae-large-v1,chrome,upper,da46d875-6b82-4681-9284-653b0c7ae241::v1,0.89977,0.573534,0.326236,0.235024,da46d875-6b82-4681-9284-653b0c7ae241
uae-large-v1,chrome,upper,da46d875-6b82-4681-9284-653b0c7ae241::v2,0.890884,0.568131,0.322753,0.252659,da46d875-6b82-4681-9284-653b0c7ae241
uae-large-v1,chrome,upper,da46d875-6b82-4681-9284-653b0c7ae241::v3,0.912488,0.523034,0.389454,0.183476,da46d875-6b82-4681-9284-653b0c7ae241
uae-large-v1,chrome,upper,da46d875-6b82-4681-9284-653b0c7ae241::v4,0.925109,0.546035,0.379074,0.164971,da46d875-6b82-4681-9284-653b0c7ae241
uae-large-v1,chrome,upper,e1e75309-3ddb-4d09-92ec-de869c928143::v0,0.890177,0.635209,0.254968,0.301058,e1e75309-3ddb-4d09-92ec-de869c928143
uae-large-v1,chrome,upper,e1e75309-3ddb-4d09-92ec-de869c928143::v1,0.899341,0.642891,0.25645,0.281871,e1e75309-3ddb-4d09-92ec-de869c928143
uae-large-v1,chrome,upper,e1e75309-3ddb-4d09-92ec-de869c928143::v2,0.891266,0.639307,0.251958,0.30146,e1e75309-3ddb-4d09-92ec-de869c928143
uae-large-v1,chrome,upper,e1e75309-3ddb-4d09-92ec-de869c928143::v3,0.89571,0.608667,0.287043,0.2665,e1e75309-3ddb-4d09-92ec-de869c928143
uae-large-v1,chrome,upper,e1e75309-3ddb-4d09-92ec-de869c928143::v4,0.881984,0.604365,0.27762,0.298294,e1e75309-3ddb-4d09-92ec-de869c928143
uae-large-v1,chrome,upper,f0b971a1-6831-4b9b-a50e-22a6e47f45ba::v0,0.960009,0.487068,0.472941,0.077965,f0b971a1-6831-4b9b-a50e-22a6e47f45ba
uae-large-v1,chrome,upper,f0b971a1-6831-4b9b-a50e-22a6e47f45ba::v1,0.910798,0.448985,0.461813,0.161887,f0b971a1-6831-4b9b-a50e-22a6e47f45ba
uae-large-v1,chrome,upper,f0b971a1-6831-4b9b-a50e-22a6e47f45ba::v2,0.955696,0.503029,0.452666,0.089149,f0b971a1-6831-4b9b-a50e-22a6e47f45ba
uae-large-v1,chrome,upper,f0b971a1-6831-4b9b-a50e-22a6e47f45ba::v3,0.945834,0.495583,0.450251,0.107384,f0b971a1-6831-4b9b-a50e-22a6e47f45ba
uae-large-v1,chrome,upper,f0b971a1-6831-4b9b-a50e-22a6e47f45ba::v4,0.947617,0.437757,0.50986,0.093168,f0b971a1-6831-4b9b-a50e-22a6e47f45ba
uae-large-v1,chrome,upper,f3b19d1e-2d48-44e9-b4e1-defcae1a0197::v0,0.959541,0.602346,0.357195,0.101745,f3b19d1e-2d48-44e9-b4e1-defcae1a0197
uae-large-v1,chrome,upper,f3b19d1e-2d48-44e9-b4e1-defcae1a0197::v1,0.924593,0.574554,0.350039,0.177242,f3b19d1e-2d48-44e9-b4e1-defcae1a0197
uae-large-v1,chrome,upper,f3b19d1e-2d48-44e9-b4e1-defcae1a0197::v2,0.948552,0.55887,0.389682,0.116627,f3b19d1e-2d48-44e9-b4e1-defcae1a0197
uae-large-v1,chrome,upper,f3b19d1e-2d48-44e9-b4e1-defcae1a0197::v3,0.961918,0.565732,0.396185,0.087694,f3b19d1e-2d48-44e9-b4e1-defcae1a0197
uae-large-v1,chrome,upper,f3b19d1e-2d48-44e9-b4e1-defcae1a0197::v4,0.903324,0.568666,0.334658,0.224132,f3b19d1e-2d48-44e9-b4e1-defcae1a0197
uae-large-v1,chrome,upper,f5d96daf-83a8-4c86-9686-bada31fc66ab::v0,0.907969,0.4581,0.44987,0.169829,f5d96daf-83a8-4c86-9686-bada31fc66ab
uae-large-v1,chrome,upper,f5d96daf-83a8-4c86-9686-bada31fc66ab::v1,0.970029,0.390374,0.579655,0.049163,f5d96daf-83a8-4c86-9686-bada31fc66ab
uae-large-v1,chrome,upper,f5d96daf-83a8-4c86-9686-bada31fc66ab::v2,0.874193,0.489336,0.384857,0.24636,f5d96daf-83a8-4c86-9686-bada31fc66ab
uae-large-v1,chrome,upper,f5d96daf-83a8-4c86-9686-bada31fc66ab::v3,0.918468,0.433944,0.484524,0.144035,f5d96daf-83a8-4c86-9686-bada31fc66ab
uae-large-v1,chrome,upper,f5d96daf-83a8-4c86-9686-bada31fc66ab::v4,0.944211,0.387667,0.556544,0.091109,f5d96daf-83a8-4c86-9686-bada31fc66ab
uae-large-v1,chrome,upper,f79439ad-3ee8-4f99-a518-0eb60e5652b0::v0,0.970562,0.591314,0.379248,0.07203,f79439ad-3ee8-4f99-a518-0eb60e5652b0
uae-large-v1,chrome,upper,f79439ad-3ee8-4f99-a518-0eb60e5652b0::v1,0.961961,0.564142,0.397818,0.087275,f79439ad-3ee8-4f99-a518-0eb60e5652b0
uae-large-v1,chrome,upper,f79439ad-3ee8-4f99-a518-0eb60e5652b0::v2,0.963789,0.607012,0.356777,0.092142,f79439ad-3ee8-4f99-a518-0eb60e5652b0
uae-large-v1,chrome,upper,f79439ad-3ee8-4f99-a518-0eb60e5652b0::v3,0.970046,0.623289,0.346758,0.079514,f79439ad-3ee8-4f99-a518-0eb60e5652b0
uae-large-v1,chrome,upper,f79439ad-3ee8-4f99-a518-0eb60e5652b0::v4,0.954761,0.575168,0.379593,0.106487,f79439ad-3ee8-4f99-a518-0eb60e5652b0
uae-large-v1,chrome,upper,fc6d8143-9452-4171-9459-7f515143419a::v0,0.972462,0.653824,0.318638,0.079548,fc6d8143-9452-4171-9459-7f515143419a
uae-large-v1,chrome,upper,fc6d8143-9452-4171-9459-7f515143419a::v1,0.960664,0.628411,0.332253,0.105858,fc6d8143-9452-4171-9459-7f515143419a
uae-large-v1,chrome,upper,fc6d8143-9452-4171-9459-7f515143419a::v2,0.939443,0.638398,0.301045,0.167469,fc6d8143-9452-4171-9459-7f515143419a
uae-large-v1,chrome,upper,fc6d8143-9452-4171-9459-7f515143419a::v3,0.950167,0.671854,0.278314,0.151861,fc6d8143-9452-4171-9459-7f515143419a
uae-large-v1,chrome,upper,fc6d8143-9452-4171-9459-7f515143419a::v4,0.935932,0.617929,0.318004,0.167685,fc6d8143-9452-4171-9459-7f515143419a
uae-large-v1,gimp,verdict,gimp_add_border_export,0.664405,0.649799,0.014605,0.958295,06ca5602-62ca-47f6-ad4f-da151cde54cc
uae-large-v1,gimp,verdict,gimp_add_guide_50pct,0.718536,0.705324,0.013212,0.955164,f4aec372-4fb0-4df5-a52b-79e0e2a5d6ce
uae-large-v1,gimp,verdict,gimp_add_layer_mask_black,0.651389,0.634582,0.016807,0.954007,2a729ded-3296-423d-aec4-7dd55ed5fbb3
uae-large-v1,gimp,verdict,gimp_alpha_channel_erase,0.650773,0.620983,0.02979,0.921403,b148e375-fe0b-4bec-90e7-38632b0d73c2
uae-large-v1,gimp,verdict,gimp_brighten_photo,0.850472,0.802758,0.047713,0.758097,7a4deb26-d57d-4ea9-9a73-630f66a7b568
uae-large-v1,gimp,verdict,gimp_canvas_size_white_fill,0.638632,0.637177,0.001455,0.995989,d16c99dc-2a1e-46f2-b350-d97c86c85c15
uae-large-v1,gimp,verdict,gimp_channel_new_mask,0.655147,0.529609,0.125538,0.73312,b148e375-fe0b-4bec-90e7-38632b0d73c2
uae-large-v1,gimp,verdict,gimp_convert_webp,0.657328,0.64241,0.014919,0.95828,62f7fd55-0687-4a43-b6e1-3eda16fc6252
uae-large-v1,gimp,verdict,gimp_crop_square_512,0.67713,0.652269,0.024861,0.928506,d16c99dc-2a1e-46f2-b350-d97c86c85c15
uae-large-v1,gimp,verdict,gimp_curves_adjustment,0.696114,0.671646,0.024468,0.925484,554785e9-4523-4e7a-b8e1-8016f565f56a
uae-large-v1,gimp,verdict,gimp_drop_shadow_filter,0.704096,0.667363,0.036733,0.88957,2a729ded-3296-423d-aec4-7dd55ed5fbb3
uae-large-v1,gimp,verdict,gimp_export_gif,0.682434,0.668927,0.013507,0.959202,dbbf4b99-2253-4b10-9274-45f246af2466
uae-large-v1,gimp,verdict,gimp_export_output_png,0.885034,0.698617,0.186417,0.381462,77b8ab4d-994f-43ac-8930-8ca087d7c4b4
uae-large-v1,gimp,verdict,gimp_export_pdf,0.68822,0.591955,0.096265,0.764081,77b8ab4d-994f-43ac-8930-8ca087d7c4b4
uae-large-v1,gimp,verdict,gimp_export_psd,0.769128,0.669554,0.099574,0.698669,77b8ab4d-994f-43ac-8930-8ca087d7c4b4
uae-large-v1,gimp,verdict,gimp_export_tiff,0.68763,0.669825,0.017804,0.946076,77b8ab4d-994f-43ac-8930-8ca087d7c4b4
uae-large-v1,gimp,verdict,gimp_flip_vertical,0.815825,0.570833,0.244992,0.429146,72f83cdc-bf76-4531-9a1b-eb893a13f8aa
uae-large-v1,gimp,verdict,gimp_fuzzy_select_fill,0.672269,0.637249,0.03502,0.903461,fbb548ca-c2a6-4601-9204-e39a2efc507b
uae-large-v1,gimp,verdict,gimp_gaussian_blur_dialog,0.74877,0.669001,0.079769,0.759005,a746add2-cab0-4740-ac36-c3769d9bfb46
uae-large-v1,gimp,verdict,gimp_gradient_fill_canvas,0.607862,0.58443,0.023432,0.943614,06ca5602-62ca-47f6-ad4f-da151cde54cc
uae-large-v1,gimp,verdict,gimp_grayscale_mode,0.79841,0.698803,0.099608,0.669294,06ca5602-62ca-47f6-ad4f-da151cde54cc
uae-large-v1,gimp,verdict,gimp_group_layers,0.579563,0.528024,0.051539,0.890801,b148e375-fe0b-4bec-90e7-38632b0d73c2
uae-large-v1,gimp,verdict,gimp_hide_right_docks,0.77556,0.644109,0.131451,0.630643,d52d6308-ec58-42b7-a2c9-de80e4837b2b
uae-large-v1,gimp,verdict,gimp_icon_theme_legacy,0.787576,0.699216,0.088359,0.706236,7767eef2-56a3-4cea-8c9f-48c070c7d65b
uae-large-v1,gimp,verdict,gimp_indexed_16_colors,0.658647,0.624679,0.033968,0.909496,06ca5602-62ca-47f6-ad4f-da151cde54cc
uae-large-v1,gimp,verdict,gimp_indexed_color_mode,0.777711,0.745009,0.032701,0.871754,045bf3ff-9077-4b86-b483-a1040a949cff
uae-large-v1,gimp,verdict,gimp_layer_blend_screen,0.705373,0.682953,0.02242,0.929285,7767eef2-56a3-4cea-8c9f-48c070c7d65b
uae-large-v1,gimp,verdict,gimp_layer_preview_large,0.644553,0.617421,0.027132,0.92908,d16c99dc-2a1e-46f2-b350-d97c86c85c15
uae-large-v1,gimp,verdict,gimp_levels_adjustment,0.635594,0.597164,0.038431,0.9046,7767eef2-56a3-4cea-8c9f-48c070c7d65b
uae-large-v1,gimp,verdict,gimp_lower_contrast,0.805008,0.77418,0.030828,0.863486,7a4deb26-d57d-4ea9-9a73-630f66a7b568
uae-large-v1,gimp,verdict,gimp_merge_visible_clip,0.630881,0.628839,0.002042,0.994498,2a729ded-3296-423d-aec4-7dd55ed5fbb3
uae-large-v1,gimp,verdict,gimp_moon_top_left,0.766292,0.668326,0.097965,0.704634,f4aec372-4fb0-4df5-a52b-79e0e2a5d6ce
uae-large-v1,gimp,verdict,gimp_new_layer_half_opacity,0.66789,0.661029,0.006861,0.97976,2e6f678f-472d-4c55-99cc-8e7c5c402a71
uae-large-v1,gimp,verdict,gimp_new_layer_multiply,0.707582,0.626111,0.08147,0.7821,b148e375-fe0b-4bec-90e7-38632b0d73c2
uae-large-v1,gimp,verdict,gimp_new_layer_name,0.824224,0.623405,0.200819,0.46675,b148e375-fe0b-4bec-90e7-38632b0d73c2
uae-large-v1,gimp,verdict,gimp_new_layer_white_fill,0.682213,0.645057,0.037156,0.895319,b148e375-fe0b-4bec-90e7-38632b0d73c2
uae-large-v1,gimp,verdict,gimp_new_text_sale,0.658712,0.6506,0.008112,0.976784,e2dd0213-26db-4349-abe5-d5667bfd725c
uae-large-v1,gimp,verdict,gimp_path_new_outline,0.657925,0.54501,0.112915,0.75183,b148e375-fe0b-4bec-90e7-38632b0d73c2
uae-large-v1,gimp,verdict,gimp_pointer_crosshair,0.578522,0.541907,0.036615,0.92007,d52d6308-ec58-42b7-a2c9-de80e4837b2b
uae-large-v1,gimp,verdict,gimp_posterize_effect,0.600721,0.599278,0.001443,0.996398,2a729ded-3296-423d-aec4-7dd55ed5fbb3
uae-large-v1,gimp,verdict,gimp_recent_files_20,0.692549,0.661074,0.031475,0.907133,2e6f678f-472d-4c55-99cc-8e7c5c402a71
uae-large-v1,gimp,verdict,gimp_red_background_layer,0.739659,0.68621,0.053449,0.829667,734d6579-c07d-47a8-9ae2-13339795476b
uae-large-v1,gimp,verdict,gimp_reduce_saturation,0.829346,0.785271,0.044075,0.794739,7a4deb26-d57d-4ea9-9a73-630f66a7b568
uae-large-v1,gimp,verdict,gimp_resize_layer_256,0.77192,0.629531,0.142389,0.615653,d16c99dc-2a1e-46f2-b350-d97c86c85c15
uae-large-v1,gimp,verdict,gimp_rotate_90_export,0.742285,0.648794,0.093491,0.7338,72f83cdc-bf76-4531-9a1b-eb893a13f8aa
uae-large-v1,gimp,verdict,gimp_save_project_xcf,0.715443,0.697025,0.018418,0.939209,dbbf4b99-2253-4b10-9274-45f246af2466
uae-large-v1,gimp,verdict,gimp_scale_image_800x600,0.671469,0.648009,0.02346,0.933349,77b8ab4d-994f-43ac-8930-8ca087d7c4b4
uae-large-v1,gimp,verdict,gimp_scriptfu_export,0.670152,0.644755,0.025397,0.928508,dbbf4b99-2253-4b10-9274-45f246af2466
uae-large-v1,gimp,verdict,gimp_selection_feather_25,0.6276,0.626778,0.000822,0.997798,06ca5602-62ca-47f6-ad4f-da151cde54cc
uae-large-v1,gimp,verdict,gimp_selection_grow_10,0.644146,0.63899,0.005156,0.985717,2e6f678f-472d-4c55-99cc-8e7c5c402a71
uae-large-v1,gimp,verdict,gimp_text_box_right,0.819729,0.622784,0.196945,0.477899,e2dd0213-26db-4349-abe5-d5667bfd725c
uae-large-v1,gimp,verdict,gimp_toggle_multi_window_mode,0.710321,0.705206,0.005115,0.98265,7767eef2-56a3-4cea-8c9f-48c070c7d65b
uae-large-v1,gimp,verdict,gimp_toolbox_logo_off,0.650322,0.608963,0.041359,0.894233,d52d6308-ec58-42b7-a2c9-de80e4837b2b
uae-large-v1,gimp,verdict,gimp_undo_levels_50,0.723901,0.680688,0.043213,0.864668,7b7617bd-57cc-468e-9c91-40c4ec2bcb3d
uae-large-v1,gimp,verdict,gimp_white_background,0.766812,0.675701,0.091111,0.719053,2a729ded-3296-423d-aec4-7dd55ed5fbb3
uae-large-v1,gimp,lower,045bf3ff-9077-4b86-b483-a1040a949cff,0.734078,0.71842,0.015658,0.944392,62f7fd55-0687-4a43-b6e1-3eda16fc6252
uae-large-v1,gimp,lower,06ca5602-62ca-47f6-ad4f-da151cde54cc,0.745338,0.720562,0.024776,0.911335,7767eef2-56a3-4cea-8c9f-48c070c7d65b
uae-large-v1,gimp,lower,2a729ded-3296-423d-aec4-7dd55ed5fbb3,0.697044,0.684762,0.012283,0.961037,06ca5602-62ca-47f6-ad4f-da151cde54cc
uae-large-v1,gimp,lower,2e6f678f-472d-4c55-99cc-8e7c5c402a71,0.747929,0.732456,0.015472,0.942169,e19bd559-633b-4b02-940f-d946248f088e
uae-large-v1,gimp,lower,38f48d40-764e-4e77-a7cf-51dfce880291,0.63642,0.635196,0.001224,0.996644,dbbf4b99-2253-4b10-9274-45f246af2466
uae-large-v1,gimp,lower,554785e9-4523-4e7a-b8e1-8016f565f56a,0.787631,0.758302,0.029329,0.878653,f723c744-e62c-4ae6-98d1-750d3cd7d79d
uae-large-v1,gimp,lower,58d3eeeb-e9d0-499f-962e-fd0db2a744d8,0.47139,0.4512,0.02019,0.96321,a746add2-cab0-4740-ac36-c3769d9bfb46
uae-large-v1,gimp,lower,5ca86c6f-f317-49d8-b6a7-b527541caae8,0.743229,0.642799,0.10043,0.718842,62f7fd55-0687-4a43-b6e1-3eda16fc6252
uae-large-v1,gimp,lower,62f7fd55-0687-4a43-b6e1-3eda16fc6252,0.743229,0.734078,0.009151,0.965588,5ca86c6f-f317-49d8-b6a7-b527541caae8
uae-large-v1,gimp,lower,72f83cdc-bf76-4531-9a1b-eb893a13f8aa,0.632093,0.584029,0.048065,0.884452,f4aec372-4fb0-4df5-a52b-79e0e2a5d6ce
uae-large-v1,gimp,lower,734d6579-c07d-47a8-9ae2-13339795476b,0.684762,0.677223,0.007538,0.976645,2a729ded-3296-423d-aec4-7dd55ed5fbb3
uae-large-v1,gimp,lower,7767eef2-56a3-4cea-8c9f-48c070c7d65b,0.815084,0.745338,0.069746,0.726125,fbb548ca-c2a6-4601-9204-e39a2efc507b
uae-large-v1,gimp,lower,77b8ab4d-994f-43ac-8930-8ca087d7c4b4,0.677229,0.675741,0.001488,0.99541,dbbf4b99-2253-4b10-9274-45f246af2466
uae-large-v1,gimp,lower,7a4deb26-d57d-4ea9-9a73-630f66a7b568,0.924543,0.758302,0.166241,0.312195,e19bd559-633b-4b02-940f-d946248f088e
uae-large-v1,gimp,lower,7b7617bd-57cc-468e-9c91-40c4ec2bcb3d,0.538882,0.481158,0.057725,0.888744,2e6f678f-472d-4c55-99cc-8e7c5c402a71
uae-large-v1,gimp,lower,8ea73f6f-9689-42ad-8c60-195bbf06a7ba,0.659938,0.6545,0.005438,0.98426,554785e9-4523-4e7a-b8e1-8016f565f56a
uae-large-v1,gimp,lower,a746add2-cab0-4740-ac36-c3769d9bfb46,0.619263,0.613376,0.005887,0.984773,06ca5602-62ca-47f6-ad4f-da151cde54cc
uae-large-v1,gimp,lower,b148e375-fe0b-4bec-90e7-38632b0d73c2,0.652617,0.631348,0.021269,0.942307,734d6579-c07d-47a8-9ae2-13339795476b
uae-large-v1,gimp,lower,d16c99dc-2a1e-46f2-b350-d97c86c85c15,0.648778,0.607229,0.04155,0.894214,8ea73f6f-9689-42ad-8c60-195bbf06a7ba
uae-large-v1,gimp,lower,d52d6308-ec58-42b7-a2c9-de80e4837b2b,0.686622,0.631286,0.055336,0.849921,e2dd0213-26db-4349-abe5-d5667bfd725c
uae-large-v1,gimp,lower,dbbf4b99-2253-4b10-9274-45f246af2466,0.71842,0.693635,0.024785,0.919099,045bf3ff-9077-4b86-b483-a1040a949cff
uae-large-v1,gimp,lower,e19bd559-633b-4b02-940f-d946248f088e,0.924543,0.747929,0.176614,0.299348,7a4deb26-d57d-4ea9-9a73-630f66a7b568
uae-large-v1,gimp,lower,e2dd0213-26db-4349-abe5-d5667bfd725c,0.686622,0.602993,0.08363,0.78935,d52d6308-ec58-42b7-a2c9-de80e4837b2b
uae-large-v1,gimp,lower,f4aec372-4fb0-4df5-a52b-79e0e2a5d6ce,0.660023,0.632093,0.02793,0.924085,06ca5602-62ca-47f6-ad4f-da151cde54cc
uae-large-v1,gimp,lower,f723c744-e62c-4ae6-98d1-750d3cd7d79d,0.787631,0.71888,0.068751,0.755439,554785e9-4523-4e7a-b8e1-8016f565f56a
uae-large-v1,gimp,lower,fbb548ca-c2a6-4601-9204-e39a2efc507b,0.815084,0.696124,0.118959,0.608526,7767eef2-56a3-4cea-8c9f-48c070c7d65b
uae-large-v1,gimp,cross_floor,045bf3ff-9077-4b86-b483-a1040a949cff,0.619606,0.612865,0.006741,0.982587,fba2c100-79e8-42df-ae74-b592418d54f4
uae-large-v1,gimp,cross_floor,06ca5602-62ca-47f6-ad4f-da151cde54cc,0.661807,0.629606,0.032201,0.913062,cb130f0d-d36f-4302-9838-b3baf46139b6
uae-large-v1,gimp,cross_floor,2a729ded-3296-423d-aec4-7dd55ed5fbb3,0.698786,0.602436,0.09635,0.757649,efcf0d81-0835-4880-b2fd-d866e8bc2294
uae-large-v1,gimp,cross_floor,2e6f678f-472d-4c55-99cc-8e7c5c402a71,0.685132,0.638132,0.047,0.87012,cb130f0d-d36f-4302-9838-b3baf46139b6
uae-large-v1,gimp,cross_floor,38f48d40-764e-4e77-a7cf-51dfce880291,0.671875,0.66511,0.006765,0.979799,aa4b5023-aef6-4ed9-bdc9-705f59ab9ad6
uae-large-v1,gimp,cross_floor,554785e9-4523-4e7a-b8e1-8016f565f56a,0.645516,0.577474,0.068042,0.838965,cb130f0d-d36f-4302-9838-b3baf46139b6
uae-large-v1,gimp,cross_floor,58d3eeeb-e9d0-499f-962e-fd0db2a744d8,0.483572,0.473429,0.010144,0.980736,fba2c100-79e8-42df-ae74-b592418d54f4
uae-large-v1,gimp,cross_floor,5ca86c6f-f317-49d8-b6a7-b527541caae8,0.583019,0.554162,0.028857,0.935276,fba2c100-79e8-42df-ae74-b592418d54f4
uae-large-v1,gimp,cross_floor,62f7fd55-0687-4a43-b6e1-3eda16fc6252,0.587611,0.577841,0.00977,0.976857,fba2c100-79e8-42df-ae74-b592418d54f4
uae-large-v1,gimp,cross_floor,72f83cdc-bf76-4531-9a1b-eb893a13f8aa,0.582368,0.552413,0.029955,0.933074,efcf0d81-0835-4880-b2fd-d866e8bc2294
uae-large-v1,gimp,cross_floor,734d6579-c07d-47a8-9ae2-13339795476b,0.593816,0.526684,0.067131,0.858168,efcf0d81-0835-4880-b2fd-d866e8bc2294
uae-large-v1,gimp,cross_floor,7767eef2-56a3-4cea-8c9f-48c070c7d65b,0.653561,0.623085,0.030476,0.919144,cb130f0d-d36f-4302-9838-b3baf46139b6
uae-large-v1,gimp,cross_floor,77b8ab4d-994f-43ac-8930-8ca087d7c4b4,0.693846,0.660633,0.033213,0.902134,fba2c100-79e8-42df-ae74-b592418d54f4
uae-large-v1,gimp,cross_floor,7a4deb26-d57d-4ea9-9a73-630f66a7b568,0.637672,0.601566,0.036106,0.909379,cb130f0d-d36f-4302-9838-b3baf46139b6
uae-large-v1,gimp,cross_floor,7b7617bd-57cc-468e-9c91-40c4ec2bcb3d,0.482706,0.47014,0.012566,0.976285,99146c54-4f37-4ab8-9327-5f3291665e1e
uae-large-v1,gimp,cross_floor,8ea73f6f-9689-42ad-8c60-195bbf06a7ba,0.618953,0.575306,0.043646,0.897229,fba2c100-79e8-42df-ae74-b592418d54f4
uae-large-v1,gimp,cross_floor,a746add2-cab0-4740-ac36-c3769d9bfb46,0.630893,0.608023,0.02287,0.941656,efcf0d81-0835-4880-b2fd-d866e8bc2294
uae-large-v1,gimp,cross_floor,b148e375-fe0b-4bec-90e7-38632b0d73c2,0.525489,0.522143,0.003346,0.992999,fba2c100-79e8-42df-ae74-b592418d54f4
uae-large-v1,gimp,cross_floor,d16c99dc-2a1e-46f2-b350-d97c86c85c15,0.551613,0.550509,0.001105,0.997542,efcf0d81-0835-4880-b2fd-d866e8bc2294
uae-large-v1,gimp,cross_floor,d52d6308-ec58-42b7-a2c9-de80e4837b2b,0.614668,0.544962,0.069706,0.846813,215dfd39-f493-4bc3-a027-8a97d72c61bf
uae-large-v1,gimp,cross_floor,dbbf4b99-2253-4b10-9274-45f246af2466,0.62965,0.62171,0.00794,0.97901,fba2c100-79e8-42df-ae74-b592418d54f4
uae-large-v1,gimp,cross_floor,e19bd559-633b-4b02-940f-d946248f088e,0.672215,0.648,0.024215,0.931208,cb130f0d-d36f-4302-9838-b3baf46139b6
uae-large-v1,gimp,cross_floor,e2dd0213-26db-4349-abe5-d5667bfd725c,0.546848,0.538686,0.008162,0.982307,efcf0d81-0835-4880-b2fd-d866e8bc2294
uae-large-v1,gimp,cross_floor,f4aec372-4fb0-4df5-a52b-79e0e2a5d6ce,0.569917,0.556259,0.013657,0.969222,efcf0d81-0835-4880-b2fd-d866e8bc2294
uae-large-v1,gimp,cross_floor,f723c744-e62c-4ae6-98d1-750d3cd7d79d,0.661909,0.582904,0.079006,0.810582,cb130f0d-d36f-4302-9838-b3baf46139b6
uae-large-v1,gimp,cross_floor,fbb548ca-c2a6-4601-9204-e39a2efc507b,0.562031,0.548243,0.013788,0.96948,d06f0d4d-2cd5-4ede-8de9-598629438c6e
uae-large-v1,gimp,upper,045bf3ff-9077-4b86-b483-a1040a949cff::v0,0.966528,0.754962,0.211566,0.136598,045bf3ff-9077-4b86-b483-a1040a949cff
uae-large-v1,gimp,upper,045bf3ff-9077-4b86-b483-a1040a949cff::v1,0.986467,0.746583,0.239884,0.053401,045bf3ff-9077-4b86-b483-a1040a949cff
uae-large-v1,gimp,upper,045bf3ff-9077-4b86-b483-a1040a949cff::v2,0.951813,0.728518,0.223295,0.177496,045bf3ff-9077-4b86-b483-a1040a949cff
uae-large-v1,gimp,upper,045bf3ff-9077-4b86-b483-a1040a949cff::v3,0.952062,0.751432,0.20063,0.192856,045bf3ff-9077-4b86-b483-a1040a949cff
uae-large-v1,gimp,upper,045bf3ff-9077-4b86-b483-a1040a949cff::v4,0.945587,0.707186,0.238401,0.185828,045bf3ff-9077-4b86-b483-a1040a949cff
uae-large-v1,gimp,upper,06ca5602-62ca-47f6-ad4f-da151cde54cc::v0,0.944623,0.697075,0.247548,0.182809,06ca5602-62ca-47f6-ad4f-da151cde54cc
uae-large-v1,gimp,upper,06ca5602-62ca-47f6-ad4f-da151cde54cc::v1,0.927881,0.773516,0.154365,0.318428,06ca5602-62ca-47f6-ad4f-da151cde54cc
uae-large-v1,gimp,upper,06ca5602-62ca-47f6-ad4f-da151cde54cc::v2,0.970193,0.741082,0.229111,0.11512,06ca5602-62ca-47f6-ad4f-da151cde54cc
uae-large-v1,gimp,upper,06ca5602-62ca-47f6-ad4f-da151cde54cc::v3,0.967567,0.697028,0.270539,0.10705,06ca5602-62ca-47f6-ad4f-da151cde54cc
uae-large-v1,gimp,upper,06ca5602-62ca-47f6-ad4f-da151cde54cc::v4,0.916818,0.740771,0.176047,0.320882,06ca5602-62ca-47f6-ad4f-da151cde54cc
uae-large-v1,gimp,upper,2a729ded-3296-423d-aec4-7dd55ed5fbb3::v0,0.938911,0.689497,0.249413,0.196743,2a729ded-3296-423d-aec4-7dd55ed5fbb3
uae-large-v1,gimp,upper,2a729ded-3296-423d-aec4-7dd55ed5fbb3::v1,0.985859,0.696294,0.289565,0.046562,2a729ded-3296-423d-aec4-7dd55ed5fbb3
uae-large-v1,gimp,upper,2a729ded-3296-423d-aec4-7dd55ed5fbb3::v2,0.94303,0.749117,0.193912,0.22708,2a729ded-3296-423d-aec4-7dd55ed5fbb3
uae-large-v1,gimp,upper,2a729ded-3296-423d-aec4-7dd55ed5fbb3::v3,0.969431,0.71817,0.251261,0.108466,2a729ded-3296-423d-aec4-7dd55ed5fbb3
uae-large-v1,gimp,upper,2a729ded-3296-423d-aec4-7dd55ed5fbb3::v4,0.910451,0.718398,0.192053,0.317997,2a729ded-3296-423d-aec4-7dd55ed5fbb3
uae-large-v1,gimp,upper,2e6f678f-472d-4c55-99cc-8e7c5c402a71::v0,0.970605,0.732451,0.238154,0.109869,2e6f678f-472d-4c55-99cc-8e7c5c402a71
uae-large-v1,gimp,upper,2e6f678f-472d-4c55-99cc-8e7c5c402a71::v1,0.947786,0.780157,0.16763,0.237504,2e6f678f-472d-4c55-99cc-8e7c5c402a71
uae-large-v1,gimp,upper,2e6f678f-472d-4c55-99cc-8e7c5c402a71::v2,0.94644,0.753176,0.193264,0.216997,2e6f678f-472d-4c55-99cc-8e7c5c402a71
uae-large-v1,gimp,upper,2e6f678f-472d-4c55-99cc-8e7c5c402a71::v3,0.983925,0.739007,0.244918,0.061592,2e6f678f-472d-4c55-99cc-8e7c5c402a71
uae-large-v1,gimp,upper,2e6f678f-472d-4c55-99cc-8e7c5c402a71::v4,0.918157,0.717934,0.200224,0.290153,2e6f678f-472d-4c55-99cc-8e7c5c402a71
uae-large-v1,gimp,upper,38f48d40-764e-4e77-a7cf-51dfce880291::v0,0.939594,0.637321,0.302274,0.166554,38f48d40-764e-4e77-a7cf-51dfce880291
uae-large-v1,gimp,upper,38f48d40-764e-4e77-a7cf-51dfce880291::v1,0.970976,0.657585,0.313391,0.084763,38f48d40-764e-4e77-a7cf-51dfce880291
uae-large-v1,gimp,upper,38f48d40-764e-4e77-a7cf-51dfce880291::v2,0.958104,0.642015,0.316089,0.117033,38f48d40-764e-4e77-a7cf-51dfce880291
uae-large-v1,gimp,upper,38f48d40-764e-4e77-a7cf-51dfce880291::v3,0.961055,0.683567,0.277488,0.123075,38f48d40-764e-4e77-a7cf-51dfce880291
uae-large-v1,gimp,upper,38f48d40-764e-4e77-a7cf-51dfce880291::v4,0.903856,0.681569,0.222287,0.301929,38f48d40-764e-4e77-a7cf-51dfce880291
uae-large-v1,gimp,upper,554785e9-4523-4e7a-b8e1-8016f565f56a::v0,0.93708,0.754962,0.182118,0.256777,554785e9-4523-4e7a-b8e1-8016f565f56a
uae-large-v1,gimp,upper,554785e9-4523-4e7a-b8e1-8016f565f56a::v1,0.9505,0.816922,0.133578,0.270378,554785e9-4523-4e7a-b8e1-8016f565f56a
uae-large-v1,gimp,upper,554785e9-4523-4e7a-b8e1-8016f565f56a::v2,0.962399,0.790758,0.171641,0.1797,554785e9-4523-4e7a-b8e1-8016f565f56a
uae-large-v1,gimp,upper,554785e9-4523-4e7a-b8e1-8016f565f56a::v3,0.987179,0.781134,0.206045,0.05858,554785e9-4523-4e7a-b8e1-8016f565f56a
uae-large-v1,gimp,upper,554785e9-4523-4e7a-b8e1-8016f565f56a::v4,0.882628,0.769247,0.113382,0.508646,554785e9-4523-4e7a-b8e1-8016f565f56a
uae-large-v1,gimp,upper,58d3eeeb-e9d0-499f-962e-fd0db2a744d8::v0,0.988318,0.482587,0.505731,0.022577,58d3eeeb-e9d0-499f-962e-fd0db2a744d8
uae-large-v1,gimp,upper,58d3eeeb-e9d0-499f-962e-fd0db2a744d8::v1,0.950632,0.480035,0.470597,0.094945,58d3eeeb-e9d0-499f-962e-fd0db2a744d8
uae-large-v1,gimp,upper,58d3eeeb-e9d0-499f-962e-fd0db2a744d8::v2,0.949607,0.516686,0.432921,0.104266,58d3eeeb-e9d0-499f-962e-fd0db2a744d8
uae-large-v1,gimp,upper,58d3eeeb-e9d0-499f-962e-fd0db2a744d8::v3,0.983881,0.471267,0.512614,0.030487,58d3eeeb-e9d0-499f-962e-fd0db2a744d8
uae-large-v1,gimp,upper,58d3eeeb-e9d0-499f-962e-fd0db2a744d8::v4,0.946388,0.4798,0.466588,0.10306,58d3eeeb-e9d0-499f-962e-fd0db2a744d8
uae-large-v1,gimp,upper,5ca86c6f-f317-49d8-b6a7-b527541caae8::v0,0.946266,0.703849,0.242417,0.181442,5ca86c6f-f317-49d8-b6a7-b527541caae8
uae-large-v1,gimp,upper,5ca86c6f-f317-49d8-b6a7-b527541caae8::v1,0.960485,0.77306,0.187425,0.174123,5ca86c6f-f317-49d8-b6a7-b527541caae8
uae-large-v1,gimp,upper,5ca86c6f-f317-49d8-b6a7-b527541caae8::v2,0.95622,0.760927,0.195293,0.183125,5ca86c6f-f317-49d8-b6a7-b527541caae8
uae-large-v1,gimp,upper,5ca86c6f-f317-49d8-b6a7-b527541caae8::v3,0.954546,0.6862,0.268346,0.144851,5ca86c6f-f317-49d8-b6a7-b527541caae8
uae-large-v1,gimp,upper,5ca86c6f-f317-49d8-b6a7-b527541caae8::v4,0.962332,0.727941,0.23439,0.138456,5ca86c6f-f317-49d8-b6a7-b527541caae8
uae-large-v1,gimp,upper,62f7fd55-0687-4a43-b6e1-3eda16fc6252::v0,0.955786,0.732149,0.223637,0.165069,62f7fd55-0687-4a43-b6e1-3eda16fc6252
uae-large-v1,gimp,upper,62f7fd55-0687-4a43-b6e1-3eda16fc6252::v1,0.984679,0.749341,0.235338,0.061122,62f7fd55-0687-4a43-b6e1-3eda16fc6252
uae-large-v1,gimp,upper,62f7fd55-0687-4a43-b6e1-3eda16fc6252::v2,0.972753,0.735737,0.237016,0.103105,62f7fd55-0687-4a43-b6e1-3eda16fc6252
uae-large-v1,gimp,upper,62f7fd55-0687-4a43-b6e1-3eda16fc6252::v3,0.95449,0.728092,0.226397,0.167374,62f7fd55-0687-4a43-b6e1-3eda16fc6252
uae-large-v1,gimp,upper,62f7fd55-0687-4a43-b6e1-3eda16fc6252::v4,0.946683,0.740802,0.205881,0.205701,62f7fd55-0687-4a43-b6e1-3eda16fc6252
uae-large-v1,gimp,upper,72f83cdc-bf76-4531-9a1b-eb893a13f8aa::v0,0.959944,0.611205,0.348739,0.103026,72f83cdc-bf76-4531-9a1b-eb893a13f8aa
uae-large-v1,gimp,upper,72f83cdc-bf76-4531-9a1b-eb893a13f8aa::v1,0.973925,0.613502,0.360423,0.067464,72f83cdc-bf76-4531-9a1b-eb893a13f8aa
uae-large-v1,gimp,upper,72f83cdc-bf76-4531-9a1b-eb893a13f8aa::v2,0.908247,0.602186,0.306062,0.230642,72f83cdc-bf76-4531-9a1b-eb893a13f8aa
uae-large-v1,gimp,upper,72f83cdc-bf76-4531-9a1b-eb893a13f8aa::v3,0.992366,0.632502,0.359864,0.020774,72f83cdc-bf76-4531-9a1b-eb893a13f8aa
uae-large-v1,gimp,upper,72f83cdc-bf76-4531-9a1b-eb893a13f8aa::v4,0.883707,0.555462,0.328245,0.261605,72f83cdc-bf76-4531-9a1b-eb893a13f8aa
uae-large-v1,gimp,upper,734d6579-c07d-47a8-9ae2-13339795476b::v0,0.947066,0.679493,0.267573,0.165157,734d6579-c07d-47a8-9ae2-13339795476b
uae-large-v1,gimp,upper,734d6579-c07d-47a8-9ae2-13339795476b::v1,0.977382,0.721899,0.255482,0.08133,734d6579-c07d-47a8-9ae2-13339795476b
uae-large-v1,gimp,upper,734d6579-c07d-47a8-9ae2-13339795476b::v2,0.953927,0.697689,0.256238,0.152403,734d6579-c07d-47a8-9ae2-13339795476b
uae-large-v1,gimp,upper,734d6579-c07d-47a8-9ae2-13339795476b::v3,0.95391,0.684844,0.269065,0.146246,734d6579-c07d-47a8-9ae2-13339795476b
uae-large-v1,gimp,upper,734d6579-c07d-47a8-9ae2-13339795476b::v4,0.903951,0.648897,0.255054,0.273563,734d6579-c07d-47a8-9ae2-13339795476b
uae-large-v1,gimp,upper,7767eef2-56a3-4cea-8c9f-48c070c7d65b::v0,0.93156,0.768277,0.163283,0.295353,7767eef2-56a3-4cea-8c9f-48c070c7d65b
uae-large-v1,gimp,upper,7767eef2-56a3-4cea-8c9f-48c070c7d65b::v1,0.97627,0.828089,0.148181,0.138036,7767eef2-56a3-4cea-8c9f-48c070c7d65b
uae-large-v1,gimp,upper,7767eef2-56a3-4cea-8c9f-48c070c7d65b::v2,0.971825,0.813263,0.158562,0.150879,7767eef2-56a3-4cea-8c9f-48c070c7d65b
uae-large-v1,gimp,upper,7767eef2-56a3-4cea-8c9f-48c070c7d65b::v3,0.949252,0.787394,0.161858,0.238695,7767eef2-56a3-4cea-8c9f-48c070c7d65b
uae-large-v1,gimp,upper,7767eef2-56a3-4cea-8c9f-48c070c7d65b::v4,0.911589,0.761856,0.149733,0.371249,7767eef2-56a3-4cea-8c9f-48c070c7d65b
uae-large-v1,gimp,upper,77b8ab4d-994f-43ac-8930-8ca087d7c4b4::v0,0.950912,0.71934,0.231572,0.174902,77b8ab4d-994f-43ac-8930-8ca087d7c4b4
uae-large-v1,gimp,upper,77b8ab4d-994f-43ac-8930-8ca087d7c4b4::v1,0.986551,0.688717,0.297834,0.043204,77b8ab4d-994f-43ac-8930-8ca087d7c4b4
uae-large-v1,gimp,upper,77b8ab4d-994f-43ac-8930-8ca087d7c4b4::v2,0.944373,0.676922,0.267451,0.172178,77b8ab4d-994f-43ac-8930-8ca087d7c4b4
uae-large-v1,gimp,upper,77b8ab4d-994f-43ac-8930-8ca087d7c4b4::v3,0.953606,0.685198,0.268408,0.147375,77b8ab4d-994f-43ac-8930-8ca087d7c4b4
uae-large-v1,gimp,upper,77b8ab4d-994f-43ac-8930-8ca087d7c4b4::v4,0.949722,0.656557,0.293165,0.146394,77b8ab4d-994f-43ac-8930-8ca087d7c4b4
uae-large-v1,gimp,upper,7a4deb26-d57d-4ea9-9a73-630f66a7b568::v0,0.933921,0.886766,0.047155,0.583564,7a4deb26-d57d-4ea9-9a73-630f66a7b568
uae-large-v1,gimp,upper,7a4deb26-d57d-4ea9-9a73-630f66a7b568::v1,0.97759,0.903724,0.073866,0.232768,7a4deb26-d57d-4ea9-9a73-630f66a7b568
uae-large-v1,gimp,upper,7a4deb26-d57d-4ea9-9a73-630f66a7b568::v2,0.957156,0.896015,0.06114,0.412025,7a4deb26-d57d-4ea9-9a73-630f66a7b568
uae-large-v1,gimp,upper,7a4deb26-d57d-4ea9-9a73-630f66a7b568::v3,0.967221,0.902985,0.064236,0.337878,7a4deb26-d57d-4ea9-9a73-630f66a7b568
uae-large-v1,gimp,upper,7a4deb26-d57d-4ea9-9a73-630f66a7b568::v4,0.946362,0.880658,0.065704,0.449451,7a4deb26-d57d-4ea9-9a73-630f66a7b568
uae-large-v1,gimp,upper,7b7617bd-57cc-468e-9c91-40c4ec2bcb3d::v0,0.953984,0.587771,0.366213,0.111628,7b7617bd-57cc-468e-9c91-40c4ec2bcb3d
uae-large-v1,gimp,upper,7b7617bd-57cc-468e-9c91-40c4ec2bcb3d::v1,0.940456,0.5648,0.375655,0.136821,7b7617bd-57cc-468e-9c91-40c4ec2bcb3d
uae-large-v1,gimp,upper,7b7617bd-57cc-468e-9c91-40c4ec2bcb3d::v2,0.952063,0.551188,0.400874,0.106809,7b7617bd-57cc-468e-9c91-40c4ec2bcb3d
uae-large-v1,gimp,upper,7b7617bd-57cc-468e-9c91-40c4ec2bcb3d::v3,0.956026,0.541754,0.414272,0.095962,7b7617bd-57cc-468e-9c91-40c4ec2bcb3d
uae-large-v1,gimp,upper,7b7617bd-57cc-468e-9c91-40c4ec2bcb3d::v4,0.923086,0.517702,0.405384,0.159474,7b7617bd-57cc-468e-9c91-40c4ec2bcb3d
uae-large-v1,gimp,upper,8ea73f6f-9689-42ad-8c60-195bbf06a7ba::v0,0.932062,0.666543,0.265519,0.203739,8ea73f6f-9689-42ad-8c60-195bbf06a7ba
uae-large-v1,gimp,upper,8ea73f6f-9689-42ad-8c60-195bbf06a7ba::v1,0.936116,0.698384,0.237732,0.211807,8ea73f6f-9689-42ad-8c60-195bbf06a7ba
uae-large-v1,gimp,upper,8ea73f6f-9689-42ad-8c60-195bbf06a7ba::v2,0.90334,0.702643,0.200697,0.325065,8ea73f6f-9689-42ad-8c60-195bbf06a7ba
uae-large-v1,gimp,upper,8ea73f6f-9689-42ad-8c60-195bbf06a7ba::v3,0.940729,0.684993,0.255736,0.188156,8ea73f6f-9689-42ad-8c60-195bbf06a7ba
uae-large-v1,gimp,upper,8ea73f6f-9689-42ad-8c60-195bbf06a7ba::v4,0.950433,0.680822,0.269611,0.155297,8ea73f6f-9689-42ad-8c60-195bbf06a7ba
uae-large-v1,gimp,upper,a746add2-cab0-4740-ac36-c3769d9bfb46::v0,0.945268,0.57286,0.372409,0.128135,a746add2-cab0-4740-ac36-c3769d9bfb46
uae-large-v1,gimp,upper,a746add2-cab0-4740-ac36-c3769d9bfb46::v1,0.961512,0.648191,0.313321,0.1094,a746add2-cab0-4740-ac36-c3769d9bfb46
uae-large-v1,gimp,upper,a746add2-cab0-4740-ac36-c3769d9bfb46::v2,0.966898,0.59809,0.368808,0.082363,a746add2-cab0-4740-ac36-c3769d9bfb46
uae-large-v1,gimp,upper,a746add2-cab0-4740-ac36-c3769d9bfb46::v3,0.915341,0.573243,0.342098,0.198376,a746add2-cab0-4740-ac36-c3769d9bfb46
uae-large-v1,gimp,upper,a746add2-cab0-4740-ac36-c3769d9bfb46::v4,0.954894,0.642887,0.312006,0.126308,a746add2-cab0-4740-ac36-c3769d9bfb46
uae-large-v1,gimp,upper,b148e375-fe0b-4bec-90e7-38632b0d73c2::v0,0.946784,0.613171,0.333613,0.13757,b148e375-fe0b-4bec-90e7-38632b0d73c2
uae-large-v1,gimp,upper,b148e375-fe0b-4bec-90e7-38632b0d73c2::v1,0.977632,0.675574,0.302058,0.068948,b148e375-fe0b-4bec-90e7-38632b0d73c2
uae-large-v1,gimp,upper,b148e375-fe0b-4bec-90e7-38632b0d73c2::v2,0.947663,0.622084,0.325579,0.138488,b148e375-fe0b-4bec-90e7-38632b0d73c2
uae-large-v1,gimp,upper,b148e375-fe0b-4bec-90e7-38632b0d73c2::v3,0.933141,0.617022,0.31612,0.174576,b148e375-fe0b-4bec-90e7-38632b0d73c2
uae-large-v1,gimp,upper,b148e375-fe0b-4bec-90e7-38632b0d73c2::v4,0.915429,0.672562,0.242867,0.258282,b148e375-fe0b-4bec-90e7-38632b0d73c2
uae-large-v1,gimp,upper,d16c99dc-2a1e-46f2-b350-d97c86c85c15::v0,0.917255,0.618749,0.298506,0.217035,d16c99dc-2a1e-46f2-b350-d97c86c85c15
uae-large-v1,gimp,upper,d16c99dc-2a1e-46f2-b350-d97c86c85c15::v1,0.960381,0.665741,0.29464,0.118529,d16c99dc-2a1e-46f2-b350-d97c86c85c15
uae-large-v1,gimp,upper,d16c99dc-2a1e-46f2-b350-d97c86c85c15::v2,0.938184,0.662937,0.275247,0.183395,d16c99dc-2a1e-46f2-b350-d97c86c85c15
uae-large-v1,gimp,upper,d16c99dc-2a1e-46f2-b350-d97c86c85c15::v3,0.880645,0.594335,0.28631,0.294221,d16c99dc-2a1e-46f2-b350-d97c86c85c15
uae-large-v1,gimp,upper,d16c99dc-2a1e-46f2-b350-d97c86c85c15::v4,0.898391,0.631699,0.266691,0.275887,d16c99dc-2a1e-46f2-b350-d97c86c85c15
uae-large-v1,gimp,upper,d52d6308-ec58-42b7-a2c9-de80e4837b2b::v0,0.952533,0.6645,0.288032,0.141482,d52d6308-ec58-42b7-a2c9-de80e4837b2b
uae-large-v1,gimp,upper,d52d6308-ec58-42b7-a2c9-de80e4837b2b::v1,0.992051,0.689677,0.302375,0.025614,d52d6308-ec58-42b7-a2c9-de80e4837b2b
uae-large-v1,gimp,upper,d52d6308-ec58-42b7-a2c9-de80e4837b2b::v2,0.973001,0.674762,0.298239,0.083012,d52d6308-ec58-42b7-a2c9-de80e4837b2b
uae-large-v1,gimp,upper,d52d6308-ec58-42b7-a2c9-de80e4837b2b::v3,0.939305,0.656295,0.28301,0.176591,d52d6308-ec58-42b7-a2c9-de80e4837b2b
uae-large-v1,gimp,upper,d52d6308-ec58-42b7-a2c9-de80e4837b2b::v4,0.929426,0.654435,0.274991,0.204228,d52d6308-ec58-42b7-a2c9-de80e4837b2b
uae-large-v1,gimp,upper,dbbf4b99-2253-4b10-9274-45f246af2466::v0,0.944879,0.724704,0.220175,0.200225,dbbf4b99-2253-4b10-9274-45f246af2466
uae-large-v1,gimp,upper,dbbf4b99-2253-4b10-9274-45f246af2466::v1,0.916236,0.740457,0.175779,0.322737,dbbf4b99-2253-4b10-9274-45f246af2466
uae-large-v1,gimp,upper,dbbf4b99-2253-4b10-9274-45f246af2466::v2,0.951171,0.72111,0.230061,0.175083,dbbf4b99-2253-4b10-9274-45f246af2466
uae-large-v1,gimp,upper,dbbf4b99-2253-4b10-9274-45f246af2466::v3,0.957079,0.735844,0.221234,0.162485,dbbf4b99-2253-4b10-9274-45f246af2466
uae-large-v1,gimp,upper,dbbf4b99-2253-4b10-9274-45f246af2466::v4,0.940936,0.737911,0.203025,0.225359,dbbf4b99-2253-4b10-9274-45f246af2466
uae-large-v1,gimp,upper,e19bd559-633b-4b02-940f-d946248f088e::v0,0.962997,0.877259,0.085739,0.30147,e19bd559-633b-4b02-940f-d946248f088e
uae-large-v1,gimp,upper,e19bd559-633b-4b02-940f-d946248f088e::v1,0.964893,0.890084,0.074809,0.319399,e19bd559-633b-4b02-940f-d946248f088e
uae-large-v1,gimp,upper,e19bd559-633b-4b02-940f-d946248f088e::v2,0.949281,0.861221,0.088059,0.365471,e19bd559-633b-4b02-940f-d946248f088e
uae-large-v1,gimp,upper,e19bd559-633b-4b02-940f-d946248f088e::v3,0.965591,0.890689,0.074901,0.314786,e19bd559-633b-4b02-940f-d946248f088e
uae-large-v1,gimp,upper,e19bd559-633b-4b02-940f-d946248f088e::v4,0.961198,0.868368,0.09283,0.294773,e19bd559-633b-4b02-940f-d946248f088e
uae-large-v1,gimp,upper,e2dd0213-26db-4349-abe5-d5667bfd725c::v0,0.91667,0.667902,0.248768,0.25092,e2dd0213-26db-4349-abe5-d5667bfd725c
uae-large-v1,gimp,upper,e2dd0213-26db-4349-abe5-d5667bfd725c::v1,0.961385,0.707423,0.253962,0.131982,e2dd0213-26db-4349-abe5-d5667bfd725c
uae-large-v1,gimp,upper,e2dd0213-26db-4349-abe5-d5667bfd725c::v2,0.969419,0.67237,0.297049,0.09334,e2dd0213-26db-4349-abe5-d5667bfd725c
uae-large-v1,gimp,upper,e2dd0213-26db-4349-abe5-d5667bfd725c::v3,0.910063,0.64713,0.262933,0.254874,e2dd0213-26db-4349-abe5-d5667bfd725c
uae-large-v1,gimp,upper,e2dd0213-26db-4349-abe5-d5667bfd725c::v4,0.93631,0.655877,0.280433,0.18508,e2dd0213-26db-4349-abe5-d5667bfd725c
uae-large-v1,gimp,upper,f4aec372-4fb0-4df5-a52b-79e0e2a5d6ce::v0,0.954345,0.655741,0.298604,0.132619,f4aec372-4fb0-4df5-a52b-79e0e2a5d6ce
uae-large-v1,gimp,upper,f4aec372-4fb0-4df5-a52b-79e0e2a5d6ce::v1,0.966248,0.662434,0.303814,0.099987,f4aec372-4fb0-4df5-a52b-79e0e2a5d6ce
uae-large-v1,gimp,upper,f4aec372-4fb0-4df5-a52b-79e0e2a5d6ce::v2,0.964371,0.652086,0.312285,0.102407,f4aec372-4fb0-4df5-a52b-79e0e2a5d6ce
uae-large-v1,gimp,upper,f4aec372-4fb0-4df5-a52b-79e0e2a5d6ce::v3,0.945883,0.646692,0.29919,0.153174,f4aec372-4fb0-4df5-a52b-79e0e2a5d6ce
uae-large-v1,gimp,upper,f4aec372-4fb0-4df5-a52b-79e0e2a5d6ce::v4,0.901953,0.633002,0.268951,0.26716,f4aec372-4fb0-4df5-a52b-79e0e2a5d6ce
uae-large-v1,gimp,upper,f723c744-e62c-4ae6-98d1-750d3cd7d79d::v0,0.903841,0.742187,0.161654,0.372979,f723c744-e62c-4ae6-98d1-750d3cd7d79d
uae-large-v1,gimp,upper,f723c744-e62c-4ae6-98d1-750d3cd7d79d::v1,0.913765,0.783414,0.130351,0.398154,f723c744-e62c-4ae6-98d1-750d3cd7d79d
uae-large-v1,gimp,upper,f723c744-e62c-4ae6-98d1-750d3cd7d79d::v2,0.935921,0.80095,0.134971,0.321924,f723c744-e62c-4ae6-98d1-750d3cd7d79d
uae-large-v1,gimp,upper,f723c744-e62c-4ae6-98d1-750d3cd7d79d::v3,0.909891,0.732025,0.177866,0.336257,f723c744-e62c-4ae6-98d1-750d3cd7d79d
uae-large-v1,gimp,upper,f723c744-e62c-4ae6-98d1-750d3cd7d79d::v4,0.882683,0.768348,0.114334,0.506439,f723c744-e62c-4ae6-98d1-750d3cd7d79d
uae-large-v1,gimp,upper,fbb548ca-c2a6-4601-9204-e39a2efc507b::v0,0.935688,0.828187,0.107501,0.374315,fbb548ca-c2a6-4601-9204-e39a2efc507b
uae-large-v1,gimp,upper,fbb548ca-c2a6-4601-9204-e39a2efc507b::v1,0.961299,0.843493,0.117806,0.24728,fbb548ca-c2a6-4601-9204-e39a2efc507b
uae-large-v1,gimp,upper,fbb548ca-c2a6-4601-9204-e39a2efc507b::v2,0.9471,0.827681,0.119419,0.30699,fbb548ca-c2a6-4601-9204-e39a2efc507b
uae-large-v1,gimp,upper,fbb548ca-c2a6-4601-9204-e39a2efc507b::v3,0.963913,0.860251,0.103662,0.258227,fbb548ca-c2a6-4601-9204-e39a2efc507b
uae-large-v1,gimp,upper,fbb548ca-c2a6-4601-9204-e39a2efc507b::v4,0.92045,0.804615,0.115835,0.407144,fbb548ca-c2a6-4601-9204-e39a2efc507b
uae-large-v1,vlc,verdict,vlc_always_start_fullscreen,0.831516,0.738387,0.09313,0.644017,8d9fd4e2-6fdb-46b0-b9b9-02f06495c62f
uae-large-v1,vlc,verdict,vlc_audio_desync_200ms,0.653148,0.651639,0.001508,0.99567,a5bbbcd5-b398-4c91-83d4-55e1e31bbb81
uae-large-v1,vlc,verdict,vlc_audio_visualization,0.713561,0.642817,0.070744,0.801939,59f21cfb-0120-4326-b255-a5b827b38967
uae-large-v1,vlc,verdict,vlc_bgcone_expand,0.657156,0.625389,0.031767,0.915201,efcf0d81-0835-4880-b2fd-d866e8bc2294
uae-large-v1,vlc,verdict,vlc_boost_saturation,0.758996,0.643534,0.115463,0.676091,cb130f0d-d36f-4302-9838-b3baf46139b6
uae-large-v1,vlc,verdict,vlc_convert_flac,0.652695,0.626993,0.025702,0.931095,8ba5ae7a-5ae5-4eab-9fcc-5dd4fe3abf89
uae-large-v1,vlc,verdict,vlc_convert_ogg,0.717736,0.688226,0.02951,0.905347,59f21cfb-0120-4326-b255-a5b827b38967
uae-large-v1,vlc,verdict,vlc_crop_top_100,0.662936,0.63119,0.031746,0.913923,efcf0d81-0835-4880-b2fd-d866e8bc2294
uae-large-v1,vlc,verdict,vlc_default_aspect_16_9,0.675516,0.671387,0.004129,0.987434,efcf0d81-0835-4880-b2fd-d866e8bc2294
uae-large-v1,vlc,verdict,vlc_deinterlace_yadif,0.565411,0.551026,0.014385,0.96796,a5bbbcd5-b398-4c91-83d4-55e1e31bbb81
uae-large-v1,vlc,verdict,vlc_disable_hw_decoding,0.611456,0.574804,0.036652,0.9138,efcf0d81-0835-4880-b2fd-d866e8bc2294
uae-large-v1,vlc,verdict,vlc_edit_track_metadata,0.645115,0.642112,0.003003,0.99161,8ba5ae7a-5ae5-4eab-9fcc-5dd4fe3abf89
uae-large-v1,vlc,verdict,vlc_equalizer_rock_preset,0.563224,0.49595,0.067274,0.866534,cb130f0d-d36f-4302-9838-b3baf46139b6
uae-large-v1,vlc,verdict,vlc_global_volume_hotkey,0.640468,0.637185,0.003283,0.990951,a5bbbcd5-b398-4c91-83d4-55e1e31bbb81
uae-large-v1,vlc,verdict,vlc_headphone_surround,0.636059,0.632337,0.003722,0.989878,a5bbbcd5-b398-4c91-83d4-55e1e31bbb81
uae-large-v1,vlc,verdict,vlc_hide_title_filename,0.774211,0.680431,0.09378,0.706542,a5bbbcd5-b398-4c91-83d4-55e1e31bbb81
uae-large-v1,vlc,verdict,vlc_hide_title_on_video,0.713811,0.671619,0.042192,0.871514,a5bbbcd5-b398-4c91-83d4-55e1e31bbb81
uae-large-v1,vlc,verdict,vlc_loop_current_video,0.760016,0.746794,0.013222,0.947784,5ac2891a-eacd-4954-b339-98abba077adb
uae-large-v1,vlc,verdict,vlc_loop_music_video,0.792098,0.73469,0.057408,0.783618,59f21cfb-0120-4326-b255-a5b827b38967
uae-large-v1,vlc,verdict,vlc_loop_whole_playlist,0.661677,0.65978,0.001897,0.994424,a5bbbcd5-b398-4c91-83d4-55e1e31bbb81
uae-large-v1,vlc,verdict,vlc_marquee_overlay_text,0.604074,0.582422,0.021653,0.948147,fba2c100-79e8-42df-ae74-b592418d54f4
uae-large-v1,vlc,verdict,vlc_max_volume_150,0.761845,0.63637,0.125474,0.654939,9195653c-f4aa-453d-aa95-787f6ccfaae9
uae-large-v1,vlc,verdict,vlc_metadata_network_on,0.695222,0.601178,0.094043,0.764197,59f21cfb-0120-4326-b255-a5b827b38967
uae-large-v1,vlc,verdict,vlc_mirror_video_hflip,0.695842,0.644681,0.051161,0.856013,efcf0d81-0835-4880-b2fd-d866e8bc2294
uae-large-v1,vlc,verdict,vlc_network_caching_1500,0.517821,0.489739,0.028082,0.944965,a5bbbcd5-b398-4c91-83d4-55e1e31bbb81
uae-large-v1,vlc,verdict,vlc_never_resume_playback,0.713187,0.688223,0.024964,0.91993,a5bbbcd5-b398-4c91-83d4-55e1e31bbb81
uae-large-v1,vlc,verdict,vlc_no_track_change_popup,0.683271,0.642819,0.040452,0.886747,a5bbbcd5-b398-4c91-83d4-55e1e31bbb81
uae-large-v1,vlc,verdict,vlc_no_window_autoresize,0.735084,0.730966,0.004118,0.984693,a5bbbcd5-b398-4c91-83d4-55e1e31bbb81
uae-large-v1,vlc,verdict,vlc_pause_on_minimize,0.778758,0.746077,0.032681,0.871297,a5bbbcd5-b398-4c91-83d4-55e1e31bbb81
uae-large-v1,vlc,verdict,vlc_recordings_folder_videos,0.80325,0.682738,0.120512,0.620148,8ba5ae7a-5ae5-4eab-9fcc-5dd4fe3abf89
uae-large-v1,vlc,verdict,vlc_remap_snapshot_hotkey,0.583033,0.576331,0.006702,0.984181,efcf0d81-0835-4880-b2fd-d866e8bc2294
uae-large-v1,vlc,verdict,vlc_replay_gain_track,0.563959,0.540846,0.023113,0.949661,8ba5ae7a-5ae5-4eab-9fcc-5dd4fe3abf89
uae-large-v1,vlc,verdict,vlc_rotate_video_clockwise,0.709154,0.679517,0.029637,0.907523,aa4b5023-aef6-4ed9-bdc9-705f59ab9ad6
uae-large-v1,vlc,verdict,vlc_sepia_effect_on,0.752758,0.726369,0.026388,0.903562,cb130f0d-d36f-4302-9838-b3baf46139b6
uae-large-v1,vlc,verdict,vlc_sharpen_video,0.667309,0.594726,0.072583,0.820905,cb130f0d-d36f-4302-9838-b3baf46139b6
uae-large-v1,vlc,verdict,vlc_shuffle_by_default,0.656979,0.627045,0.029933,0.91974,a5bbbcd5-b398-4c91-83d4-55e1e31bbb81
uae-large-v1,vlc,verdict,vlc_single_instance_reuse,0.719119,0.696386,0.022733,0.925125,f3977615-2b45-4ac5-8bba-80c17dbe2a37
uae-large-v1,vlc,verdict,vlc_slider_color_red,0.83057,0.617983,0.212587,0.443514,d06f0d4d-2cd5-4ede-8de9-598629438c6e
uae-large-v1,vlc,verdict,vlc_snap_scene_jpg,0.794676,0.736272,0.058404,0.778545,fba2c100-79e8-42df-ae74-b592418d54f4
uae-large-v1,vlc,verdict,vlc_snapshot_prefix_shot,0.644437,0.598757,0.04568,0.886153,8ba5ae7a-5ae5-4eab-9fcc-5dd4fe3abf89
uae-large-v1,vlc,verdict,vlc_spatializer_on,0.612572,0.606028,0.006543,0.983391,cb130f0d-d36f-4302-9838-b3baf46139b6
uae-large-v1,vlc,verdict,vlc_stream_url,0.76037,0.700607,0.059763,0.800385,bba3381f-b5eb-4439-bd9e-80c22218d5a7
uae-large-v1,vlc,verdict,vlc_subtitle_encoding_cp949,0.472721,0.471299,0.001422,0.99731,aa4b5023-aef6-4ed9-bdc9-705f59ab9ad6
uae-large-v1,vlc,verdict,vlc_subtitle_force_bold,0.588618,0.569791,0.018826,0.956239,cb130f0d-d36f-4302-9838-b3baf46139b6
uae-large-v1,vlc,verdict,vlc_subtitle_yellow,0.569893,0.554349,0.015545,0.96512,d06f0d4d-2cd5-4ede-8de9-598629438c6e
uae-large-v1,vlc,verdict,vlc_transcode_mp4,0.672745,0.671303,0.001443,0.995611,efcf0d81-0835-4880-b2fd-d866e8bc2294
uae-large-v1,vlc,verdict,vlc_volume_normalizer_on,0.737531,0.681854,0.055678,0.824994,9195653c-f4aa-453d-aa95-787f6ccfaae9
uae-large-v1,vlc,verdict,vlc_wallpaper_fit_screen,0.818614,0.756606,0.062008,0.745236,efcf0d81-0835-4880-b2fd-d866e8bc2294
uae-large-v1,vlc,lower,215dfd39-f493-4bc3-a027-8a97d72c61bf,0.591159,0.581966,0.009193,0.978009,d06f0d4d-2cd5-4ede-8de9-598629438c6e
uae-large-v1,vlc,lower,386dbd0e-0241-4a0a-b6a2-6704fba26b1c,0.69951,0.688489,0.011021,0.964622,a5bbbcd5-b398-4c91-83d4-55e1e31bbb81
uae-large-v1,vlc,lower,59f21cfb-0120-4326-b255-a5b827b38967,0.736349,0.709639,0.026709,0.908013,8f080098-ddb1-424c-b438-4e96e5e4786e
uae-large-v1,vlc,lower,5ac2891a-eacd-4954-b339-98abba077adb,0.69834,0.688489,0.009851,0.968376,a5bbbcd5-b398-4c91-83d4-55e1e31bbb81
uae-large-v1,vlc,lower,7882ed6e-bece-4bf0-bada-c32dc1ddae72,0.559817,0.538799,0.021019,0.954426,59f21cfb-0120-4326-b255-a5b827b38967
uae-large-v1,vlc,lower,8ba5ae7a-5ae5-4eab-9fcc-5dd4fe3abf89,0.638205,0.624243,0.013962,0.962843,efcf0d81-0835-4880-b2fd-d866e8bc2294
uae-large-v1,vlc,lower,8d9fd4e2-6fdb-46b0-b9b9-02f06495c62f,0.694908,0.688631,0.006277,0.979839,a5bbbcd5-b398-4c91-83d4-55e1e31bbb81
uae-large-v1,vlc,lower,8f080098-ddb1-424c-b438-4e96e5e4786e,0.736349,0.606308,0.130041,0.669689,59f21cfb-0120-4326-b255-a5b827b38967
uae-large-v1,vlc,lower,9195653c-f4aa-453d-aa95-787f6ccfaae9,0.681672,0.639089,0.042583,0.882013,8d9fd4e2-6fdb-46b0-b9b9-02f06495c62f
uae-large-v1,vlc,lower,a5bbbcd5-b398-4c91-83d4-55e1e31bbb81,0.69951,0.69834,0.00117,0.996122,386dbd0e-0241-4a0a-b6a2-6704fba26b1c
uae-large-v1,vlc,lower,aa4b5023-aef6-4ed9-bdc9-705f59ab9ad6,0.709639,0.704615,0.005025,0.98299,59f21cfb-0120-4326-b255-a5b827b38967
uae-large-v1,vlc,lower,bba3381f-b5eb-4439-bd9e-80c22218d5a7,0.635648,0.634368,0.00128,0.9965,aa4b5023-aef6-4ed9-bdc9-705f59ab9ad6
uae-large-v1,vlc,lower,cb130f0d-d36f-4302-9838-b3baf46139b6,0.732842,0.644805,0.088037,0.752145,efcf0d81-0835-4880-b2fd-d866e8bc2294
uae-large-v1,vlc,lower,d06f0d4d-2cd5-4ede-8de9-598629438c6e,0.614434,0.591159,0.023275,0.943072,a5bbbcd5-b398-4c91-83d4-55e1e31bbb81
uae-large-v1,vlc,lower,efcf0d81-0835-4880-b2fd-d866e8bc2294,0.775832,0.732842,0.042991,0.839082,fba2c100-79e8-42df-ae74-b592418d54f4
uae-large-v1,vlc,lower,f3977615-2b45-4ac5-8bba-80c17dbe2a37,0.688631,0.684334,0.004297,0.986387,8d9fd4e2-6fdb-46b0-b9b9-02f06495c62f
uae-large-v1,vlc,lower,fba2c100-79e8-42df-ae74-b592418d54f4,0.775832,0.694615,0.081217,0.734049,efcf0d81-0835-4880-b2fd-d866e8bc2294
uae-large-v1,vlc,cross_floor,215dfd39-f493-4bc3-a027-8a97d72c61bf,0.614668,0.599233,0.015435,0.961486,d52d6308-ec58-42b7-a2c9-de80e4837b2b
uae-large-v1,vlc,cross_floor,386dbd0e-0241-4a0a-b6a2-6704fba26b1c,0.539304,0.523185,0.016118,0.966196,38f48d40-764e-4e77-a7cf-51dfce880291
uae-large-v1,vlc,cross_floor,59f21cfb-0120-4326-b255-a5b827b38967,0.592098,0.537471,0.054628,0.881894,38f48d40-764e-4e77-a7cf-51dfce880291
uae-large-v1,vlc,cross_floor,5ac2891a-eacd-4954-b339-98abba077adb,0.578002,0.51022,0.067782,0.861607,38f48d40-764e-4e77-a7cf-51dfce880291
uae-large-v1,vlc,cross_floor,7882ed6e-bece-4bf0-bada-c32dc1ddae72,0.506071,0.421765,0.084306,0.854201,121ba48f-9e17-48ce-9bc6-a4fb17a7ebba
uae-large-v1,vlc,cross_floor,8ba5ae7a-5ae5-4eab-9fcc-5dd4fe3abf89,0.660633,0.614804,0.045829,0.881025,77b8ab4d-994f-43ac-8930-8ca087d7c4b4
uae-large-v1,vlc,cross_floor,8d9fd4e2-6fdb-46b0-b9b9-02f06495c62f,0.593322,0.550836,0.042486,0.905412,38f48d40-764e-4e77-a7cf-51dfce880291
uae-large-v1,vlc,cross_floor,8f080098-ddb1-424c-b438-4e96e5e4786e,0.553449,0.547217,0.006231,0.986238,38f48d40-764e-4e77-a7cf-51dfce880291
uae-large-v1,vlc,cross_floor,9195653c-f4aa-453d-aa95-787f6ccfaae9,0.516459,0.48253,0.03393,0.934432,8ea73f6f-9689-42ad-8c60-195bbf06a7ba
uae-large-v1,vlc,cross_floor,a5bbbcd5-b398-4c91-83d4-55e1e31bbb81,0.582276,0.572694,0.009582,0.977577,a746add2-cab0-4740-ac36-c3769d9bfb46
uae-large-v1,vlc,cross_floor,aa4b5023-aef6-4ed9-bdc9-705f59ab9ad6,0.671875,0.597234,0.074641,0.814679,38f48d40-764e-4e77-a7cf-51dfce880291
uae-large-v1,vlc,cross_floor,bba3381f-b5eb-4439-bd9e-80c22218d5a7,0.56154,0.499198,0.062342,0.875516,38f48d40-764e-4e77-a7cf-51dfce880291
uae-large-v1,vlc,cross_floor,cb130f0d-d36f-4302-9838-b3baf46139b6,0.685132,0.672215,0.012916,0.960595,2e6f678f-472d-4c55-99cc-8e7c5c402a71
uae-large-v1,vlc,cross_floor,d06f0d4d-2cd5-4ede-8de9-598629438c6e,0.623085,0.57487,0.048215,0.886587,7767eef2-56a3-4cea-8c9f-48c070c7d65b
uae-large-v1,vlc,cross_floor,efcf0d81-0835-4880-b2fd-d866e8bc2294,0.698786,0.66511,0.033677,0.89944,2a729ded-3296-423d-aec4-7dd55ed5fbb3
uae-large-v1,vlc,cross_floor,f3977615-2b45-4ac5-8bba-80c17dbe2a37,0.509069,0.446333,0.062737,0.886689,38f48d40-764e-4e77-a7cf-51dfce880291
uae-large-v1,vlc,cross_floor,fba2c100-79e8-42df-ae74-b592418d54f4,0.693846,0.638132,0.055713,0.846039,77b8ab4d-994f-43ac-8930-8ca087d7c4b4
uae-large-v1,vlc,upper,215dfd39-f493-4bc3-a027-8a97d72c61bf::v0,0.925247,0.577486,0.347762,0.176923,215dfd39-f493-4bc3-a027-8a97d72c61bf
uae-large-v1,vlc,upper,215dfd39-f493-4bc3-a027-8a97d72c61bf::v1,0.949068,0.604253,0.344815,0.128699,215dfd39-f493-4bc3-a027-8a97d72c61bf
uae-large-v1,vlc,upper,215dfd39-f493-4bc3-a027-8a97d72c61bf::v2,0.928559,0.554119,0.37444,0.160225,215dfd39-f493-4bc3-a027-8a97d72c61bf
uae-large-v1,vlc,upper,215dfd39-f493-4bc3-a027-8a97d72c61bf::v3,0.946295,0.574207,0.372089,0.126129,215dfd39-f493-4bc3-a027-8a97d72c61bf
uae-large-v1,vlc,upper,215dfd39-f493-4bc3-a027-8a97d72c61bf::v4,0.963533,0.570276,0.393257,0.084862,215dfd39-f493-4bc3-a027-8a97d72c61bf
uae-large-v1,vlc,upper,386dbd0e-0241-4a0a-b6a2-6704fba26b1c::v0,0.871523,0.732577,0.138946,0.480425,386dbd0e-0241-4a0a-b6a2-6704fba26b1c
uae-large-v1,vlc,upper,386dbd0e-0241-4a0a-b6a2-6704fba26b1c::v1,0.882964,0.715538,0.167426,0.411428,386dbd0e-0241-4a0a-b6a2-6704fba26b1c
uae-large-v1,vlc,upper,386dbd0e-0241-4a0a-b6a2-6704fba26b1c::v2,0.882661,0.750046,0.132615,0.469442,386dbd0e-0241-4a0a-b6a2-6704fba26b1c
uae-large-v1,vlc,upper,386dbd0e-0241-4a0a-b6a2-6704fba26b1c::v3,0.867953,0.712241,0.155712,0.45888,386dbd0e-0241-4a0a-b6a2-6704fba26b1c
uae-large-v1,vlc,upper,386dbd0e-0241-4a0a-b6a2-6704fba26b1c::v4,0.848276,0.663857,0.184419,0.451368,386dbd0e-0241-4a0a-b6a2-6704fba26b1c
uae-large-v1,vlc,upper,59f21cfb-0120-4326-b255-a5b827b38967::v0,0.940902,0.700883,0.240019,0.197576,59f21cfb-0120-4326-b255-a5b827b38967
uae-large-v1,vlc,upper,59f21cfb-0120-4326-b255-a5b827b38967::v1,0.970631,0.740811,0.22982,0.113313,59f21cfb-0120-4326-b255-a5b827b38967
uae-large-v1,vlc,upper,59f21cfb-0120-4326-b255-a5b827b38967::v2,0.945708,0.708807,0.236901,0.186447,59f21cfb-0120-4326-b255-a5b827b38967
uae-large-v1,vlc,upper,59f21cfb-0120-4326-b255-a5b827b38967::v3,0.942342,0.730602,0.21174,0.214025,59f21cfb-0120-4326-b255-a5b827b38967
uae-large-v1,vlc,upper,59f21cfb-0120-4326-b255-a5b827b38967::v4,0.893326,0.701374,0.191952,0.357216,59f21cfb-0120-4326-b255-a5b827b38967
uae-large-v1,vlc,upper,5ac2891a-eacd-4954-b339-98abba077adb::v0,0.896222,0.727925,0.168297,0.381433,5ac2891a-eacd-4954-b339-98abba077adb
uae-large-v1,vlc,upper,5ac2891a-eacd-4954-b339-98abba077adb::v1,0.904439,0.735929,0.16851,0.361876,5ac2891a-eacd-4954-b339-98abba077adb
uae-large-v1,vlc,upper,5ac2891a-eacd-4954-b339-98abba077adb::v2,0.901332,0.717326,0.184006,0.349051,5ac2891a-eacd-4954-b339-98abba077adb
uae-large-v1,vlc,upper,5ac2891a-eacd-4954-b339-98abba077adb::v3,0.887283,0.702804,0.184479,0.379268,5ac2891a-eacd-4954-b339-98abba077adb
uae-large-v1,vlc,upper,5ac2891a-eacd-4954-b339-98abba077adb::v4,0.90334,0.737724,0.165616,0.368543,5ac2891a-eacd-4954-b339-98abba077adb
uae-large-v1,vlc,upper,7882ed6e-bece-4bf0-bada-c32dc1ddae72::v0,0.968104,0.57892,0.389184,0.075747,7882ed6e-bece-4bf0-bada-c32dc1ddae72
uae-large-v1,vlc,upper,7882ed6e-bece-4bf0-bada-c32dc1ddae72::v1,0.909025,0.642061,0.266964,0.254164,7882ed6e-bece-4bf0-bada-c32dc1ddae72
uae-large-v1,vlc,upper,7882ed6e-bece-4bf0-bada-c32dc1ddae72::v2,0.918422,0.593053,0.325369,0.200464,7882ed6e-bece-4bf0-bada-c32dc1ddae72
uae-large-v1,vlc,upper,7882ed6e-bece-4bf0-bada-c32dc1ddae72::v3,0.976896,0.569802,0.407094,0.053705,7882ed6e-bece-4bf0-bada-c32dc1ddae72
uae-large-v1,vlc,upper,7882ed6e-bece-4bf0-bada-c32dc1ddae72::v4,0.921177,0.601011,0.320167,0.197556,7882ed6e-bece-4bf0-bada-c32dc1ddae72
uae-large-v1,vlc,upper,8ba5ae7a-5ae5-4eab-9fcc-5dd4fe3abf89::v0,0.902174,0.640765,0.261409,0.272317,8ba5ae7a-5ae5-4eab-9fcc-5dd4fe3abf89
uae-large-v1,vlc,upper,8ba5ae7a-5ae5-4eab-9fcc-5dd4fe3abf89::v1,0.921742,0.656767,0.264975,0.228003,8ba5ae7a-5ae5-4eab-9fcc-5dd4fe3abf89
uae-large-v1,vlc,upper,8ba5ae7a-5ae5-4eab-9fcc-5dd4fe3abf89::v2,0.924291,0.640985,0.283306,0.21088,8ba5ae7a-5ae5-4eab-9fcc-5dd4fe3abf89
uae-large-v1,vlc,upper,8ba5ae7a-5ae5-4eab-9fcc-5dd4fe3abf89::v3,0.941089,0.645208,0.295881,0.166044,8ba5ae7a-5ae5-4eab-9fcc-5dd4fe3abf89
uae-large-v1,vlc,upper,8ba5ae7a-5ae5-4eab-9fcc-5dd4fe3abf89::v4,0.877727,0.61627,0.261458,0.318643,8ba5ae7a-5ae5-4eab-9fcc-5dd4fe3abf89
uae-large-v1,vlc,upper,8d9fd4e2-6fdb-46b0-b9b9-02f06495c62f::v0,0.953784,0.711776,0.242007,0.160349,8d9fd4e2-6fdb-46b0-b9b9-02f06495c62f
uae-large-v1,vlc,upper,8d9fd4e2-6fdb-46b0-b9b9-02f06495c62f::v1,0.902022,0.740941,0.16108,0.378209,8d9fd4e2-6fdb-46b0-b9b9-02f06495c62f
uae-large-v1,vlc,upper,8d9fd4e2-6fdb-46b0-b9b9-02f06495c62f::v2,0.935984,0.737404,0.19858,0.243781,8d9fd4e2-6fdb-46b0-b9b9-02f06495c62f
uae-large-v1,vlc,upper,8d9fd4e2-6fdb-46b0-b9b9-02f06495c62f::v3,0.946197,0.713645,0.232552,0.18789,8d9fd4e2-6fdb-46b0-b9b9-02f06495c62f
uae-large-v1,vlc,upper,8d9fd4e2-6fdb-46b0-b9b9-02f06495c62f::v4,0.930924,0.698478,0.232446,0.22909,8d9fd4e2-6fdb-46b0-b9b9-02f06495c62f
uae-large-v1,vlc,upper,8f080098-ddb1-424c-b438-4e96e5e4786e::v0,0.883712,0.700111,0.183601,0.387769,8f080098-ddb1-424c-b438-4e96e5e4786e
uae-large-v1,vlc,upper,8f080098-ddb1-424c-b438-4e96e5e4786e::v1,0.935245,0.748841,0.186404,0.257825,8f080098-ddb1-424c-b438-4e96e5e4786e
uae-large-v1,vlc,upper,8f080098-ddb1-424c-b438-4e96e5e4786e::v2,0.863511,0.751563,0.111948,0.549391,8f080098-ddb1-424c-b438-4e96e5e4786e
uae-large-v1,vlc,upper,8f080098-ddb1-424c-b438-4e96e5e4786e::v3,0.880749,0.742791,0.137957,0.463637,8f080098-ddb1-424c-b438-4e96e5e4786e
uae-large-v1,vlc,upper,8f080098-ddb1-424c-b438-4e96e5e4786e::v4,0.903909,0.770991,0.132918,0.419596,8f080098-ddb1-424c-b438-4e96e5e4786e
uae-large-v1,vlc,upper,9195653c-f4aa-453d-aa95-787f6ccfaae9::v0,0.875194,0.69749,0.177704,0.412568,9195653c-f4aa-453d-aa95-787f6ccfaae9
uae-large-v1,vlc,upper,9195653c-f4aa-453d-aa95-787f6ccfaae9::v1,0.866268,0.747124,0.119143,0.528846,9195653c-f4aa-453d-aa95-787f6ccfaae9
uae-large-v1,vlc,upper,9195653c-f4aa-453d-aa95-787f6ccfaae9::v2,0.848871,0.646805,0.202066,0.427892,9195653c-f4aa-453d-aa95-787f6ccfaae9
uae-large-v1,vlc,upper,9195653c-f4aa-453d-aa95-787f6ccfaae9::v3,0.83146,0.64378,0.187679,0.473136,9195653c-f4aa-453d-aa95-787f6ccfaae9
uae-large-v1,vlc,upper,9195653c-f4aa-453d-aa95-787f6ccfaae9::v4,0.87474,0.695139,0.179601,0.410875,9195653c-f4aa-453d-aa95-787f6ccfaae9
uae-large-v1,vlc,upper,a5bbbcd5-b398-4c91-83d4-55e1e31bbb81::v0,0.901531,0.694684,0.206847,0.322515,a5bbbcd5-b398-4c91-83d4-55e1e31bbb81
uae-large-v1,vlc,upper,a5bbbcd5-b398-4c91-83d4-55e1e31bbb81::v1,0.869556,0.700157,0.169399,0.43504,a5bbbcd5-b398-4c91-83d4-55e1e31bbb81
uae-large-v1,vlc,upper,a5bbbcd5-b398-4c91-83d4-55e1e31bbb81::v2,0.857178,0.718709,0.138469,0.507737,a5bbbcd5-b398-4c91-83d4-55e1e31bbb81
uae-large-v1,vlc,upper,a5bbbcd5-b398-4c91-83d4-55e1e31bbb81::v3,0.859673,0.699714,0.159959,0.467311,a5bbbcd5-b398-4c91-83d4-55e1e31bbb81
uae-large-v1,vlc,upper,a5bbbcd5-b398-4c91-83d4-55e1e31bbb81::v4,0.908787,0.674871,0.233916,0.280543,a5bbbcd5-b398-4c91-83d4-55e1e31bbb81
uae-large-v1,vlc,upper,aa4b5023-aef6-4ed9-bdc9-705f59ab9ad6::v0,0.851426,0.712102,0.139324,0.516065,aa4b5023-aef6-4ed9-bdc9-705f59ab9ad6
uae-large-v1,vlc,upper,aa4b5023-aef6-4ed9-bdc9-705f59ab9ad6::v1,0.937382,0.720569,0.216813,0.224091,aa4b5023-aef6-4ed9-bdc9-705f59ab9ad6
uae-large-v1,vlc,upper,aa4b5023-aef6-4ed9-bdc9-705f59ab9ad6::v2,0.903986,0.733006,0.17098,0.359612,aa4b5023-aef6-4ed9-bdc9-705f59ab9ad6
uae-large-v1,vlc,upper,aa4b5023-aef6-4ed9-bdc9-705f59ab9ad6::v3,0.861942,0.714587,0.147355,0.483712,aa4b5023-aef6-4ed9-bdc9-705f59ab9ad6
uae-large-v1,vlc,upper,aa4b5023-aef6-4ed9-bdc9-705f59ab9ad6::v4,0.890153,0.733885,0.156268,0.412781,aa4b5023-aef6-4ed9-bdc9-705f59ab9ad6
uae-large-v1,vlc,upper,bba3381f-b5eb-4439-bd9e-80c22218d5a7::v0,0.929035,0.621463,0.307572,0.187471,bba3381f-b5eb-4439-bd9e-80c22218d5a7
uae-large-v1,vlc,upper,bba3381f-b5eb-4439-bd9e-80c22218d5a7::v1,0.955883,0.673958,0.281924,0.135312,bba3381f-b5eb-4439-bd9e-80c22218d5a7
uae-large-v1,vlc,upper,bba3381f-b5eb-4439-bd9e-80c22218d5a7::v2,0.906454,0.665672,0.240782,0.279802,bba3381f-b5eb-4439-bd9e-80c22218d5a7
uae-large-v1,vlc,upper,bba3381f-b5eb-4439-bd9e-80c22218d5a7::v3,0.955644,0.682349,0.273295,0.139636,bba3381f-b5eb-4439-bd9e-80c22218d5a7
uae-large-v1,vlc,upper,bba3381f-b5eb-4439-bd9e-80c22218d5a7::v4,0.892777,0.625403,0.267375,0.286234,bba3381f-b5eb-4439-bd9e-80c22218d5a7
uae-large-v1,vlc,upper,cb130f0d-d36f-4302-9838-b3baf46139b6::v0,0.960787,0.67534,0.285447,0.120781,cb130f0d-d36f-4302-9838-b3baf46139b6
uae-large-v1,vlc,upper,cb130f0d-d36f-4302-9838-b3baf46139b6::v1,0.930001,0.659872,0.270129,0.205801,cb130f0d-d36f-4302-9838-b3baf46139b6
uae-large-v1,vlc,upper,cb130f0d-d36f-4302-9838-b3baf46139b6::v2,0.947413,0.699336,0.248077,0.174904,cb130f0d-d36f-4302-9838-b3baf46139b6
uae-large-v1,vlc,upper,cb130f0d-d36f-4302-9838-b3baf46139b6::v3,0.944253,0.662812,0.281441,0.165329,cb130f0d-d36f-4302-9838-b3baf46139b6
uae-large-v1,vlc,upper,cb130f0d-d36f-4302-9838-b3baf46139b6::v4,0.910344,0.633983,0.276361,0.24495,cb130f0d-d36f-4302-9838-b3baf46139b6
uae-large-v1,vlc,upper,d06f0d4d-2cd5-4ede-8de9-598629438c6e::v0,0.868228,0.645842,0.222387,0.37207,d06f0d4d-2cd5-4ede-8de9-598629438c6e
uae-large-v1,vlc,upper,d06f0d4d-2cd5-4ede-8de9-598629438c6e::v1,0.859316,0.613883,0.245434,0.364355,d06f0d4d-2cd5-4ede-8de9-598629438c6e
uae-large-v1,vlc,upper,d06f0d4d-2cd5-4ede-8de9-598629438c6e::v2,0.895175,0.627855,0.26732,0.281678,d06f0d4d-2cd5-4ede-8de9-598629438c6e
uae-large-v1,vlc,upper,d06f0d4d-2cd5-4ede-8de9-598629438c6e::v3,0.872699,0.621991,0.250708,0.336768,d06f0d4d-2cd5-4ede-8de9-598629438c6e
uae-large-v1,vlc,upper,d06f0d4d-2cd5-4ede-8de9-598629438c6e::v4,0.901671,0.573532,0.328139,0.230566,d06f0d4d-2cd5-4ede-8de9-598629438c6e
uae-large-v1,vlc,upper,efcf0d81-0835-4880-b2fd-d866e8bc2294::v0,0.87003,0.732448,0.137582,0.485776,efcf0d81-0835-4880-b2fd-d866e8bc2294
uae-large-v1,vlc,upper,efcf0d81-0835-4880-b2fd-d866e8bc2294::v1,0.898558,0.787257,0.111301,0.476828,efcf0d81-0835-4880-b2fd-d866e8bc2294
uae-large-v1,vlc,upper,efcf0d81-0835-4880-b2fd-d866e8bc2294::v2,0.887764,0.812324,0.07544,0.598032,efcf0d81-0835-4880-b2fd-d866e8bc2294
uae-large-v1,vlc,upper,efcf0d81-0835-4880-b2fd-d866e8bc2294::v3,0.932944,0.77588,0.157065,0.299195,efcf0d81-0835-4880-b2fd-d866e8bc2294
uae-large-v1,vlc,upper,efcf0d81-0835-4880-b2fd-d866e8bc2294::v4,0.886809,0.768215,0.118594,0.488344,efcf0d81-0835-4880-b2fd-d866e8bc2294
uae-large-v1,vlc,upper,f3977615-2b45-4ac5-8bba-80c17dbe2a37::v0,0.863697,0.725144,0.138553,0.495907,f3977615-2b45-4ac5-8bba-80c17dbe2a37
uae-large-v1,vlc,upper,f3977615-2b45-4ac5-8bba-80c17dbe2a37::v1,0.862679,0.710991,0.151688,0.475146,f3977615-2b45-4ac5-8bba-80c17dbe2a37
uae-large-v1,vlc,upper,f3977615-2b45-4ac5-8bba-80c17dbe2a37::v2,0.788391,0.749577,0.038815,0.845004,f3977615-2b45-4ac5-8bba-80c17dbe2a37
uae-large-v1,vlc,upper,f3977615-2b45-4ac5-8bba-80c17dbe2a37::v3,0.8829,0.70986,0.173041,0.403597,f3977615-2b45-4ac5-8bba-80c17dbe2a37
uae-large-v1,vlc,upper,f3977615-2b45-4ac5-8bba-80c17dbe2a37::v4,0.841029,0.765955,0.075075,0.67923,f3977615-2b45-4ac5-8bba-80c17dbe2a37
uae-large-v1,vlc,upper,fba2c100-79e8-42df-ae74-b592418d54f4::v0,0.952857,0.758824,0.194033,0.195472,fba2c100-79e8-42df-ae74-b592418d54f4
uae-large-v1,vlc,upper,fba2c100-79e8-42df-ae74-b592418d54f4::v1,0.957111,0.735097,0.222014,0.161903,fba2c100-79e8-42df-ae74-b592418d54f4
uae-large-v1,vlc,upper,fba2c100-79e8-42df-ae74-b592418d54f4::v2,0.904638,0.745978,0.15866,0.375407,fba2c100-79e8-42df-ae74-b592418d54f4
uae-large-v1,vlc,upper,fba2c100-79e8-42df-ae74-b592418d54f4::v3,0.949288,0.728434,0.220854,0.186739,fba2c100-79e8-42df-ae74-b592418d54f4
uae-large-v1,vlc,upper,fba2c100-79e8-42df-ae74-b592418d54f4::v4,0.898214,0.753373,0.144842,0.41271,fba2c100-79e8-42df-ae74-b592418d54f4
bge-large-en-v1.5,chrome,verdict,altdate_cheapest,0.619332,0.6146,0.004732,0.987722,f79439ad-3ee8-4f99-a518-0eb60e5652b0
bge-large-en-v1.5,chrome,verdict,attraction_view_london_eye,0.585185,0.571165,0.01402,0.967306,f3b19d1e-2d48-44e9-b4e1-defcae1a0197
bge-large-en-v1.5,chrome,verdict,car_electric_fuel,0.688865,0.662537,0.026328,0.921982,82279c77-8fc6-46f6-9622-3ba96f61b477
bge-large-en-v1.5,chrome,verdict,car_large_price_sort,0.73503,0.665233,0.069797,0.791506,1704f00f-79e6-43a7-961b-cedd3724d5fd
bge-large-en-v1.5,chrome,verdict,car_rating_sort,0.682302,0.645948,0.036354,0.89732,1704f00f-79e6-43a7-961b-cedd3724d5fd
bge-large-en-v1.5,chrome,verdict,checkout_fill_email_stop,0.611396,0.606412,0.004984,0.987336,6c4c23a1-42a4-43cc-9db1-2f86ff3738cc
bge-large-en-v1.5,chrome,verdict,currency_switch_eur,0.638642,0.638596,4.6e-05,0.999872,c1fa57f3-c3db-4596-8f09-020701085416
bge-large-en-v1.5,chrome,verdict,flight_business_cabin,0.686167,0.669578,0.016589,0.949796,6c4c23a1-42a4-43cc-9db1-2f86ff3738cc
bge-large-en-v1.5,chrome,verdict,flight_oneway_2adults,0.767855,0.62826,0.139595,0.624482,f79439ad-3ee8-4f99-a518-0eb60e5652b0
bge-large-en-v1.5,chrome,verdict,flight_route_date_tomorrow,0.754819,0.638211,0.116608,0.67769,fc6d8143-9452-4171-9459-7f515143419a
bge-large-en-v1.5,chrome,verdict,flight_route_next_monday,0.804721,0.760549,0.044172,0.815528,82bc8d6a-36eb-4d2d-8801-ef714fb1e55a
bge-large-en-v1.5,chrome,verdict,geo_hierarchy_italy_rome,0.611459,0.555605,0.055853,0.874316,b7895e80-f4d1-4648-bee0-4eb45a6f1fa8
bge-large-en-v1.5,chrome,verdict,geo_hierarchy_spain_madrid,0.602865,0.598929,0.003936,0.990186,f79439ad-3ee8-4f99-a518-0eb60e5652b0
bge-large-en-v1.5,chrome,verdict,help_category_manage_booking,0.673186,0.668478,0.004708,0.985799,f3b19d1e-2d48-44e9-b4e1-defcae1a0197
bge-large-en-v1.5,chrome,verdict,help_search_cancel,0.662911,0.610364,0.052546,0.86514,f3b19d1e-2d48-44e9-b4e1-defcae1a0197
bge-large-en-v1.5,chrome,verdict,help_search_refund,0.622649,0.582141,0.040508,0.903058,f3b19d1e-2d48-44e9-b4e1-defcae1a0197
bge-large-en-v1.5,chrome,verdict,hotel_multi_filter_genius_review,0.560026,0.529243,0.030783,0.934609,b7895e80-f4d1-4648-bee0-4eb45a6f1fa8
bge-large-en-v1.5,chrome,verdict,hotel_open_detail,0.633641,0.619568,0.014073,0.963008,b7895e80-f4d1-4648-bee0-4eb45a6f1fa8
bge-large-en-v1.5,chrome,verdict,hotel_price_sort,0.846614,0.580153,0.266461,0.365337,b7895e80-f4d1-4648-bee0-4eb45a6f1fa8
bge-large-en-v1.5,chrome,verdict,hotel_review_genius_filter,0.694927,0.57349,0.121437,0.715277,b7895e80-f4d1-4648-bee0-4eb45a6f1fa8
bge-large-en-v1.5,chrome,verdict,hotel_search_price_sort,0.780077,0.621977,0.1581,0.581771,b7895e80-f4d1-4648-bee0-4eb45a6f1fa8
bge-large-en-v1.5,chrome,verdict,hotel_top_reviewed_open,0.555368,0.538084,0.017284,0.962582,a96b564e-dbe9-42c3-9ccf-b4498073438a
bge-large-en-v1.5,chrome,verdict,info_sustainability,0.652744,0.619415,0.03333,0.912425,c1fa57f3-c3db-4596-8f09-020701085416
bge-large-en-v1.5,chrome,verdict,language_switch_french,0.683474,0.561553,0.121922,0.721924,3720f614-37fd-4d04-8a6b-76f54f8c222d
bge-large-en-v1.5,chrome,verdict,multicity_three_segments,0.651247,0.641508,0.00974,0.972832,f79439ad-3ee8-4f99-a518-0eb60e5652b0
bge-large-en-v1.5,chrome,verdict,package_filter_4star,0.571115,0.55262,0.018496,0.958658,b7895e80-f4d1-4648-bee0-4eb45a6f1fa8
bge-large-en-v1.5,chrome,verdict,package_free_cancellation_filter,0.621666,0.590187,0.031479,0.923188,6c4c23a1-42a4-43cc-9db1-2f86ff3738cc
bge-large-en-v1.5,chrome,verdict,package_search_london_barcelona,0.729496,0.647865,0.081631,0.768183,f79439ad-3ee8-4f99-a518-0eb60e5652b0
bge-large-en-v1.5,chrome,verdict,package_sort_lowest_price,0.689501,0.682729,0.006773,0.978654,b7895e80-f4d1-4648-bee0-4eb45a6f1fa8
bge-large-en-v1.5,chrome,verdict,taxi_filter_luxury,0.600223,0.590718,0.009505,0.976777,1704f00f-79e6-43a7-961b-cedd3724d5fd
bge-large-en-v1.5,chrome,verdict,taxi_search_lhr_3pax,0.646414,0.586279,0.060135,0.854648,f79439ad-3ee8-4f99-a518-0eb60e5652b0
bge-large-en-v1.5,chrome,verdict,taxi_sort_most_passengers,0.717657,0.669079,0.048579,0.853202,47543840-672a-467d-80df-8f7c3b9788c9
bge-large-en-v1.5,chrome,verdict,trips_cancel_booking,0.558737,0.553497,0.005241,0.988263,99146c54-4f37-4ab8-9327-5f3291665e1e
bge-large-en-v1.5,chrome,verdict,trips_modify_checkin_date,0.54254,0.526038,0.016502,0.965182,b7895e80-f4d1-4648-bee0-4eb45a6f1fa8
bge-large-en-v1.5,chrome,verdict,trips_signin_email,0.567517,0.556814,0.010702,0.975851,f3b19d1e-2d48-44e9-b4e1-defcae1a0197
bge-large-en-v1.5,chrome,verdict,trips_status_filter_cancelled,0.628775,0.554142,0.074633,0.832608,6c4c23a1-42a4-43cc-9db1-2f86ff3738cc
bge-large-en-v1.5,chrome,lower,030eeff7-b492-4218-b312-701ec99ee0cc,0.771477,0.714619,0.056858,0.800765,9656a811-9b5b-4ddf-99c7-5117bcef0626
bge-large-en-v1.5,chrome,lower,06fe7178-4491-4589-810f-2e2bc9502122,0.709322,0.698391,0.010931,0.963756,7a5a7856-f1b6-42a4-ade9-1ca81ca0f263
bge-large-en-v1.5,chrome,lower,0d8b7de3-e8de-4d86-b9fd-dd2dce58a217,0.641041,0.582965,0.058076,0.86074,9f935cce-0a9f-435f-8007-817732bfc0a5
bge-large-en-v1.5,chrome,lower,12086550-11c0-466b-b367-1d9e75b3910e,0.687247,0.686339,0.000907,0.997107,7b6c7e24-c58a-49fc-a5bb-d57b80e5b4c3
bge-large-en-v1.5,chrome,lower,121ba48f-9e17-48ce-9bc6-a4fb17a7ebba,0.600739,0.591035,0.009704,0.976271,c1fa57f3-c3db-4596-8f09-020701085416
bge-large-en-v1.5,chrome,lower,1704f00f-79e6-43a7-961b-cedd3724d5fd,0.689554,0.643339,0.046215,0.870424,47543840-672a-467d-80df-8f7c3b9788c9
bge-large-en-v1.5,chrome,lower,2888b4e6-5b47-4b57-8bf5-c73827890774,0.589475,0.553508,0.035967,0.919446,9f3f70fc-5afc-4958-a7b7-3bb4fcb01805
bge-large-en-v1.5,chrome,lower,2ad9387a-65d8-4e33-ad5b-7580065a27ca,0.772508,0.69815,0.074358,0.753659,7a5a7856-f1b6-42a4-ade9-1ca81ca0f263
bge-large-en-v1.5,chrome,lower,2ae9ba84-3a0d-4d4c-8338-3a1478dc5fe3,0.703896,0.598956,0.10494,0.738334,3720f614-37fd-4d04-8a6b-76f54f8c222d
bge-large-en-v1.5,chrome,lower,3299584d-8f11-4457-bf4c-ce98f7600250,0.653361,0.642925,0.010436,0.970774,480bcfea-d68f-4aaa-a0a9-2589ef319381
bge-large-en-v1.5,chrome,lower,35253b65-1c19-4304-8aa4-6884b8218fc0,0.748257,0.702839,0.045418,0.84716,7a5a7856-f1b6-42a4-ade9-1ca81ca0f263
bge-large-en-v1.5,chrome,lower,368d9ba4-203c-40c1-9fa3-da2f1430ce63,0.585148,0.555969,0.029178,0.934288,b4f95342-463e-4179-8c3f-193cd7241fb2
bge-large-en-v1.5,chrome,lower,3720f614-37fd-4d04-8a6b-76f54f8c222d,0.703896,0.681648,0.022248,0.930115,2ae9ba84-3a0d-4d4c-8338-3a1478dc5fe3
bge-large-en-v1.5,chrome,lower,44ee5668-ecd5-4366-a6ce-c1c9b8d4e938,0.665012,0.619137,0.045876,0.879549,7b6c7e24-c58a-49fc-a5bb-d57b80e5b4c3
bge-large-en-v1.5,chrome,lower,47543840-672a-467d-80df-8f7c3b9788c9,0.689554,0.607438,0.082116,0.790821,1704f00f-79e6-43a7-961b-cedd3724d5fd
bge-large-en-v1.5,chrome,lower,480bcfea-d68f-4aaa-a0a9-2589ef319381,0.7202,0.662554,0.057646,0.82917,af630914-714e-4a24-a7bb-f9af687d3b91
bge-large-en-v1.5,chrome,lower,59155008-fe71-45ec-8a8f-dc35497b6aa8,0.503076,0.487106,0.01597,0.968863,2ae9ba84-3a0d-4d4c-8338-3a1478dc5fe3
bge-large-en-v1.5,chrome,lower,6766f2b8-8a72-417f-a9e5-56fcaa735837,0.702839,0.628966,0.073874,0.800898,35253b65-1c19-4304-8aa4-6884b8218fc0
bge-large-en-v1.5,chrome,lower,6c4c23a1-42a4-43cc-9db1-2f86ff3738cc,0.668507,0.662656,0.005851,0.982655,fc6d8143-9452-4171-9459-7f515143419a
bge-large-en-v1.5,chrome,lower,7a5a7856-f1b6-42a4-ade9-1ca81ca0f263,0.772508,0.748257,0.02425,0.90367,2ad9387a-65d8-4e33-ad5b-7580065a27ca
bge-large-en-v1.5,chrome,lower,7b6c7e24-c58a-49fc-a5bb-d57b80e5b4c3,0.688824,0.687247,0.001578,0.994955,030eeff7-b492-4218-b312-701ec99ee0cc
bge-large-en-v1.5,chrome,lower,7f52cab9-535c-4835-ac8c-391ee64dc930,0.533215,0.517286,0.015929,0.967,b7895e80-f4d1-4648-bee0-4eb45a6f1fa8
bge-large-en-v1.5,chrome,lower,82279c77-8fc6-46f6-9622-3ba96f61b477,0.615,0.55431,0.06069,0.863829,1704f00f-79e6-43a7-961b-cedd3724d5fd
bge-large-en-v1.5,chrome,lower,82bc8d6a-36eb-4d2d-8801-ef714fb1e55a,0.665694,0.658527,0.007167,0.979013,fc6d8143-9452-4171-9459-7f515143419a
bge-large-en-v1.5,chrome,lower,93eabf48-6a27-4cb6-b963-7d5fe1e0d3a9,0.739568,0.662554,0.077014,0.771775,af630914-714e-4a24-a7bb-f9af687d3b91
bge-large-en-v1.5,chrome,lower,9656a811-9b5b-4ddf-99c7-5117bcef0626,0.771477,0.691597,0.07988,0.740989,030eeff7-b492-4218-b312-701ec99ee0cc
bge-large-en-v1.5,chrome,lower,99146c54-4f37-4ab8-9327-5f3291665e1e,0.714619,0.698391,0.016228,0.946195,030eeff7-b492-4218-b312-701ec99ee0cc
bge-large-en-v1.5,chrome,lower,9f3f70fc-5afc-4958-a7b7-3bb4fcb01805,0.589475,0.567074,0.022401,0.948257,2888b4e6-5b47-4b57-8bf5-c73827890774
bge-large-en-v1.5,chrome,lower,9f935cce-0a9f-435f-8007-817732bfc0a5,0.641041,0.57346,0.067581,0.84156,0d8b7de3-e8de-4d86-b9fd-dd2dce58a217
bge-large-en-v1.5,chrome,lower,a728a36e-8bf1-4bb6-9a03-ef039a5233f0,0.57346,0.533699,0.039761,0.914732,9f935cce-0a9f-435f-8007-817732bfc0a5
bge-large-en-v1.5,chrome,lower,a96b564e-dbe9-42c3-9ccf-b4498073438a,0.607438,0.605499,0.001939,0.995086,47543840-672a-467d-80df-8f7c3b9788c9
bge-large-en-v1.5,chrome,lower,ae78f875-5b98-4907-bbb5-9c737fc68c03,0.634673,0.623359,0.011314,0.969961,af630914-714e-4a24-a7bb-f9af687d3b91
bge-large-en-v1.5,chrome,lower,af630914-714e-4a24-a7bb-f9af687d3b91,0.739568,0.7202,0.019367,0.930781,93eabf48-6a27-4cb6-b963-7d5fe1e0d3a9
bge-large-en-v1.5,chrome,lower,b070486d-e161-459b-aa2b-ef442d973b92,0.577549,0.506158,0.071391,0.855438,0d8b7de3-e8de-4d86-b9fd-dd2dce58a217
bge-large-en-v1.5,chrome,lower,b4f95342-463e-4179-8c3f-193cd7241fb2,0.599876,0.593152,0.006724,0.983474,1704f00f-79e6-43a7-961b-cedd3724d5fd
bge-large-en-v1.5,chrome,lower,b7895e80-f4d1-4648-bee0-4eb45a6f1fa8,0.662656,0.643339,0.019317,0.945839,6c4c23a1-42a4-43cc-9db1-2f86ff3738cc
bge-large-en-v1.5,chrome,lower,bb5e4c0d-f964-439c-97b6-bdb9747de3f4,0.600706,0.589101,0.011604,0.971758,2ad9387a-65d8-4e33-ad5b-7580065a27ca
bge-large-en-v1.5,chrome,lower,c1fa57f3-c3db-4596-8f09-020701085416,0.632197,0.606187,0.026011,0.933952,f3b19d1e-2d48-44e9-b4e1-defcae1a0197
bge-large-en-v1.5,chrome,lower,cabb3bae-cccb-41bd-9f5d-0f3a9fecd825,0.573098,0.560645,0.012453,0.971656,b7895e80-f4d1-4648-bee0-4eb45a6f1fa8
bge-large-en-v1.5,chrome,lower,da46d875-6b82-4681-9284-653b0c7ae241,0.558113,0.535285,0.022828,0.950878,6c4c23a1-42a4-43cc-9db1-2f86ff3738cc
bge-large-en-v1.5,chrome,lower,e1e75309-3ddb-4d09-92ec-de869c928143,0.704673,0.639354,0.065319,0.818884,7a5a7856-f1b6-42a4-ade9-1ca81ca0f263
bge-large-en-v1.5,chrome,lower,f0b971a1-6831-4b9b-a50e-22a6e47f45ba,0.530418,0.522113,0.008306,0.98262,b7895e80-f4d1-4648-bee0-4eb45a6f1fa8
bge-large-en-v1.5,chrome,lower,f3b19d1e-2d48-44e9-b4e1-defcae1a0197,0.632197,0.605499,0.026698,0.932324,c1fa57f3-c3db-4596-8f09-020701085416
bge-large-en-v1.5,chrome,lower,f5d96daf-83a8-4c86-9686-bada31fc66ab,0.442997,0.441657,0.00134,0.997599,9f3f70fc-5afc-4958-a7b7-3bb4fcb01805
bge-large-en-v1.5,chrome,lower,f79439ad-3ee8-4f99-a518-0eb60e5652b0,0.658527,0.633975,0.024552,0.932922,82bc8d6a-36eb-4d2d-8801-ef714fb1e55a
bge-large-en-v1.5,chrome,lower,fc6d8143-9452-4171-9459-7f515143419a,0.668507,0.665694,0.002813,0.991585,6c4c23a1-42a4-43cc-9db1-2f86ff3738cc
bge-large-en-v1.5,chrome,cross_floor,030eeff7-b492-4218-b312-701ec99ee0cc,0.555828,0.553434,0.002394,0.994638,215dfd39-f493-4bc3-a027-8a97d72c61bf
bge-large-en-v1.5,chrome,cross_floor,06fe7178-4491-4589-810f-2e2bc9502122,0.609488,0.586497,0.022991,0.944398,a5bbbcd5-b398-4c91-83d4-55e1e31bbb81
bge-large-en-v1.5,chrome,cross_floor,0d8b7de3-e8de-4d86-b9fd-dd2dce58a217,0.587051,0.539249,0.047802,0.896252,a746add2-cab0-4740-ac36-c3769d9bfb46
bge-large-en-v1.5,chrome,cross_floor,12086550-11c0-466b-b367-1d9e75b3910e,0.599458,0.552195,0.047263,0.894456,a746add2-cab0-4740-ac36-c3769d9bfb46
bge-large-en-v1.5,chrome,cross_floor,121ba48f-9e17-48ce-9bc6-a4fb17a7ebba,0.56452,0.548787,0.015733,0.965132,fba2c100-79e8-42df-ae74-b592418d54f4
bge-large-en-v1.5,chrome,cross_floor,1704f00f-79e6-43a7-961b-cedd3724d5fd,0.441728,0.436038,0.00569,0.98991,a746add2-cab0-4740-ac36-c3769d9bfb46
bge-large-en-v1.5,chrome,cross_floor,2888b4e6-5b47-4b57-8bf5-c73827890774,0.497392,0.494629,0.002763,0.994533,a746add2-cab0-4740-ac36-c3769d9bfb46
bge-large-en-v1.5,chrome,cross_floor,2ad9387a-65d8-4e33-ad5b-7580065a27ca,0.61427,0.613055,0.001216,0.996858,fba2c100-79e8-42df-ae74-b592418d54f4
bge-large-en-v1.5,chrome,cross_floor,2ae9ba84-3a0d-4d4c-8338-3a1478dc5fe3,0.516959,0.50585,0.011108,0.97752,215dfd39-f493-4bc3-a027-8a97d72c61bf
bge-large-en-v1.5,chrome,cross_floor,3299584d-8f11-4457-bf4c-ce98f7600250,0.591558,0.558846,0.032712,0.925849,215dfd39-f493-4bc3-a027-8a97d72c61bf
bge-large-en-v1.5,chrome,cross_floor,35253b65-1c19-4304-8aa4-6884b8218fc0,0.61883,0.607024,0.011806,0.969956,a746add2-cab0-4740-ac36-c3769d9bfb46
bge-large-en-v1.5,chrome,cross_floor,368d9ba4-203c-40c1-9fa3-da2f1430ce63,0.469551,0.46378,0.005771,0.989238,b148e375-fe0b-4bec-90e7-38632b0d73c2
bge-large-en-v1.5,chrome,cross_floor,3720f614-37fd-4d04-8a6b-76f54f8c222d,0.57563,0.534928,0.040701,0.912484,215dfd39-f493-4bc3-a027-8a97d72c61bf
bge-large-en-v1.5,chrome,cross_floor,44ee5668-ecd5-4366-a6ce-c1c9b8d4e938,0.543819,0.533534,0.010285,0.977951,5ac2891a-eacd-4954-b339-98abba077adb
bge-large-en-v1.5,chrome,cross_floor,47543840-672a-467d-80df-8f7c3b9788c9,0.47237,0.450205,0.022165,0.959684,fba2c100-79e8-42df-ae74-b592418d54f4
bge-large-en-v1.5,chrome,cross_floor,480bcfea-d68f-4aaa-a0a9-2589ef319381,0.669577,0.569487,0.10009,0.76751,215dfd39-f493-4bc3-a027-8a97d72c61bf
bge-large-en-v1.5,chrome,cross_floor,59155008-fe71-45ec-8a8f-dc35497b6aa8,0.432509,0.407319,0.02519,0.957498,b148e375-fe0b-4bec-90e7-38632b0d73c2
bge-large-en-v1.5,chrome,cross_floor,6766f2b8-8a72-417f-a9e5-56fcaa735837,0.668693,0.649633,0.01906,0.945599,8ba5ae7a-5ae5-4eab-9fcc-5dd4fe3abf89
bge-large-en-v1.5,chrome,cross_floor,6c4c23a1-42a4-43cc-9db1-2f86ff3738cc,0.513327,0.503392,0.009936,0.979993,fba2c100-79e8-42df-ae74-b592418d54f4
bge-large-en-v1.5,chrome,cross_floor,7a5a7856-f1b6-42a4-ade9-1ca81ca0f263,0.617799,0.611567,0.006231,0.983958,a746add2-cab0-4740-ac36-c3769d9bfb46
bge-large-en-v1.5,chrome,cross_floor,7b6c7e24-c58a-49fc-a5bb-d57b80e5b4c3,0.606084,0.532921,0.073163,0.84336,aa4b5023-aef6-4ed9-bdc9-705f59ab9ad6
bge-large-en-v1.5,chrome,cross_floor,7f52cab9-535c-4835-ac8c-391ee64dc930,0.500707,0.492008,0.008699,0.982876,d06f0d4d-2cd5-4ede-8de9-598629438c6e
bge-large-en-v1.5,chrome,cross_floor,82279c77-8fc6-46f6-9622-3ba96f61b477,0.43214,0.425781,0.006359,0.988926,2e6f678f-472d-4c55-99cc-8e7c5c402a71
bge-large-en-v1.5,chrome,cross_floor,82bc8d6a-36eb-4d2d-8801-ef714fb1e55a,0.467562,0.425639,0.041923,0.927009,fba2c100-79e8-42df-ae74-b592418d54f4
bge-large-en-v1.5,chrome,cross_floor,93eabf48-6a27-4cb6-b963-7d5fe1e0d3a9,0.625588,0.624803,0.000785,0.997908,d06f0d4d-2cd5-4ede-8de9-598629438c6e
bge-large-en-v1.5,chrome,cross_floor,9656a811-9b5b-4ddf-99c7-5117bcef0626,0.532646,0.514623,0.018022,0.962869,a746add2-cab0-4740-ac36-c3769d9bfb46
bge-large-en-v1.5,chrome,cross_floor,99146c54-4f37-4ab8-9327-5f3291665e1e,0.551637,0.544222,0.007415,0.983732,a746add2-cab0-4740-ac36-c3769d9bfb46
bge-large-en-v1.5,chrome,cross_floor,9f3f70fc-5afc-4958-a7b7-3bb4fcb01805,0.433763,0.419678,0.014085,0.975729,a746add2-cab0-4740-ac36-c3769d9bfb46
bge-large-en-v1.5,chrome,cross_floor,9f935cce-0a9f-435f-8007-817732bfc0a5,0.584023,0.512545,0.071478,0.853364,a746add2-cab0-4740-ac36-c3769d9bfb46
bge-large-en-v1.5,chrome,cross_floor,a728a36e-8bf1-4bb6-9a03-ef039a5233f0,0.498259,0.452297,0.045962,0.916083,a746add2-cab0-4740-ac36-c3769d9bfb46
bge-large-en-v1.5,chrome,cross_floor,a96b564e-dbe9-42c3-9ccf-b4498073438a,0.590046,0.480611,0.109435,0.789301,a746add2-cab0-4740-ac36-c3769d9bfb46
bge-large-en-v1.5,chrome,cross_floor,ae78f875-5b98-4907-bbb5-9c737fc68c03,0.59298,0.587552,0.005428,0.986839,a746add2-cab0-4740-ac36-c3769d9bfb46
bge-large-en-v1.5,chrome,cross_floor,af630914-714e-4a24-a7bb-f9af687d3b91,0.597226,0.579692,0.017534,0.958282,215dfd39-f493-4bc3-a027-8a97d72c61bf
bge-large-en-v1.5,chrome,cross_floor,b070486d-e161-459b-aa2b-ef442d973b92,0.501159,0.493881,0.007278,0.985619,fba2c100-79e8-42df-ae74-b592418d54f4
bge-large-en-v1.5,chrome,cross_floor,b4f95342-463e-4179-8c3f-193cd7241fb2,0.502795,0.484923,0.017872,0.965303,a746add2-cab0-4740-ac36-c3769d9bfb46
bge-large-en-v1.5,chrome,cross_floor,b7895e80-f4d1-4648-bee0-4eb45a6f1fa8,0.484467,0.450056,0.034411,0.937429,a746add2-cab0-4740-ac36-c3769d9bfb46
bge-large-en-v1.5,chrome,cross_floor,bb5e4c0d-f964-439c-97b6-bdb9747de3f4,0.553654,0.549412,0.004242,0.990586,efcf0d81-0835-4880-b2fd-d866e8bc2294
bge-large-en-v1.5,chrome,cross_floor,c1fa57f3-c3db-4596-8f09-020701085416,0.549184,0.542747,0.006437,0.985923,a746add2-cab0-4740-ac36-c3769d9bfb46
bge-large-en-v1.5,chrome,cross_floor,cabb3bae-cccb-41bd-9f5d-0f3a9fecd825,0.476293,0.464951,0.011341,0.978803,a746add2-cab0-4740-ac36-c3769d9bfb46
bge-large-en-v1.5,chrome,cross_floor,da46d875-6b82-4681-9284-653b0c7ae241,0.451173,0.440515,0.010657,0.980952,a746add2-cab0-4740-ac36-c3769d9bfb46
bge-large-en-v1.5,chrome,cross_floor,e1e75309-3ddb-4d09-92ec-de869c928143,0.676707,0.632049,0.044658,0.87863,77b8ab4d-994f-43ac-8930-8ca087d7c4b4
bge-large-en-v1.5,chrome,cross_floor,f0b971a1-6831-4b9b-a50e-22a6e47f45ba,0.470399,0.455517,0.014882,0.972667,aa4b5023-aef6-4ed9-bdc9-705f59ab9ad6
bge-large-en-v1.5,chrome,cross_floor,f3b19d1e-2d48-44e9-b4e1-defcae1a0197,0.530447,0.515709,0.014738,0.969568,a746add2-cab0-4740-ac36-c3769d9bfb46
bge-large-en-v1.5,chrome,cross_floor,f5d96daf-83a8-4c86-9686-bada31fc66ab,0.441256,0.432927,0.00833,0.985311,d06f0d4d-2cd5-4ede-8de9-598629438c6e
bge-large-en-v1.5,chrome,cross_floor,f79439ad-3ee8-4f99-a518-0eb60e5652b0,0.457486,0.440711,0.016776,0.970005,fba2c100-79e8-42df-ae74-b592418d54f4
bge-large-en-v1.5,chrome,cross_floor,fc6d8143-9452-4171-9459-7f515143419a,0.429785,0.422764,0.007022,0.987836,a746add2-cab0-4740-ac36-c3769d9bfb46
bge-large-en-v1.5,chrome,upper,030eeff7-b492-4218-b312-701ec99ee0cc::v0,0.951996,0.754067,0.197928,0.195193,030eeff7-b492-4218-b312-701ec99ee0cc
bge-large-en-v1.5,chrome,upper,030eeff7-b492-4218-b312-701ec99ee0cc::v1,0.969631,0.756781,0.21285,0.124863,030eeff7-b492-4218-b312-701ec99ee0cc
bge-large-en-v1.5,chrome,upper,030eeff7-b492-4218-b312-701ec99ee0cc::v2,0.955253,0.766804,0.188449,0.191885,030eeff7-b492-4218-b312-701ec99ee0cc
bge-large-en-v1.5,chrome,upper,030eeff7-b492-4218-b312-701ec99ee0cc::v3,0.932031,0.743459,0.188572,0.264945,030eeff7-b492-4218-b312-701ec99ee0cc
bge-large-en-v1.5,chrome,upper,030eeff7-b492-4218-b312-701ec99ee0cc::v4,0.975443,0.764861,0.210582,0.104437,030eeff7-b492-4218-b312-701ec99ee0cc
bge-large-en-v1.5,chrome,upper,06fe7178-4491-4589-810f-2e2bc9502122::v0,0.870121,0.698294,0.171827,0.430481,06fe7178-4491-4589-810f-2e2bc9502122
bge-large-en-v1.5,chrome,upper,06fe7178-4491-4589-810f-2e2bc9502122::v1,0.890834,0.723497,0.167337,0.394809,06fe7178-4491-4589-810f-2e2bc9502122
bge-large-en-v1.5,chrome,upper,06fe7178-4491-4589-810f-2e2bc9502122::v2,0.973499,0.703109,0.27039,0.089261,06fe7178-4491-4589-810f-2e2bc9502122
bge-large-en-v1.5,chrome,upper,06fe7178-4491-4589-810f-2e2bc9502122::v3,0.870384,0.704716,0.165668,0.438954,06fe7178-4491-4589-810f-2e2bc9502122
bge-large-en-v1.5,chrome,upper,06fe7178-4491-4589-810f-2e2bc9502122::v4,0.872869,0.722233,0.150636,0.457689,06fe7178-4491-4589-810f-2e2bc9502122
bge-large-en-v1.5,chrome,upper,0d8b7de3-e8de-4d86-b9fd-dd2dce58a217::v0,0.962208,0.608179,0.354028,0.096453,0d8b7de3-e8de-4d86-b9fd-dd2dce58a217
bge-large-en-v1.5,chrome,upper,0d8b7de3-e8de-4d86-b9fd-dd2dce58a217::v1,0.922261,0.633606,0.288654,0.212174,0d8b7de3-e8de-4d86-b9fd-dd2dce58a217
bge-large-en-v1.5,chrome,upper,0d8b7de3-e8de-4d86-b9fd-dd2dce58a217::v2,0.892075,0.590472,0.301603,0.263534,0d8b7de3-e8de-4d86-b9fd-dd2dce58a217
bge-large-en-v1.5,chrome,upper,0d8b7de3-e8de-4d86-b9fd-dd2dce58a217::v3,0.896389,0.583367,0.313022,0.248686,0d8b7de3-e8de-4d86-b9fd-dd2dce58a217
bge-large-en-v1.5,chrome,upper,0d8b7de3-e8de-4d86-b9fd-dd2dce58a217::v4,0.905545,0.601961,0.303584,0.237301,0d8b7de3-e8de-4d86-b9fd-dd2dce58a217
bge-large-en-v1.5,chrome,upper,12086550-11c0-466b-b367-1d9e75b3910e::v0,0.914935,0.64066,0.274275,0.236726,12086550-11c0-466b-b367-1d9e75b3910e
bge-large-en-v1.5,chrome,upper,12086550-11c0-466b-b367-1d9e75b3910e::v1,0.928378,0.692784,0.235594,0.233133,12086550-11c0-466b-b367-1d9e75b3910e
bge-large-en-v1.5,chrome,upper,12086550-11c0-466b-b367-1d9e75b3910e::v2,0.912982,0.668584,0.244399,0.262563,12086550-11c0-466b-b367-1d9e75b3910e
bge-large-en-v1.5,chrome,upper,12086550-11c0-466b-b367-1d9e75b3910e::v3,0.946295,0.690299,0.255996,0.173408,12086550-11c0-466b-b367-1d9e75b3910e
bge-large-en-v1.5,chrome,upper,12086550-11c0-466b-b367-1d9e75b3910e::v4,0.906952,0.647295,0.259658,0.263812,12086550-11c0-466b-b367-1d9e75b3910e
bge-large-en-v1.5,chrome,upper,121ba48f-9e17-48ce-9bc6-a4fb17a7ebba::v0,0.975765,0.573753,0.402012,0.056857,121ba48f-9e17-48ce-9bc6-a4fb17a7ebba
bge-large-en-v1.5,chrome,upper,121ba48f-9e17-48ce-9bc6-a4fb17a7ebba::v1,0.905019,0.580996,0.324022,0.226684,121ba48f-9e17-48ce-9bc6-a4fb17a7ebba
bge-large-en-v1.5,chrome,upper,121ba48f-9e17-48ce-9bc6-a4fb17a7ebba::v2,0.932789,0.593811,0.338978,0.165468,121ba48f-9e17-48ce-9bc6-a4fb17a7ebba
bge-large-en-v1.5,chrome,upper,121ba48f-9e17-48ce-9bc6-a4fb17a7ebba::v3,0.924947,0.565301,0.359646,0.172655,121ba48f-9e17-48ce-9bc6-a4fb17a7ebba
bge-large-en-v1.5,chrome,upper,121ba48f-9e17-48ce-9bc6-a4fb17a7ebba::v4,0.914014,0.603369,0.310645,0.216791,121ba48f-9e17-48ce-9bc6-a4fb17a7ebba
bge-large-en-v1.5,chrome,upper,1704f00f-79e6-43a7-961b-cedd3724d5fd::v0,0.940042,0.691155,0.248887,0.194137,1704f00f-79e6-43a7-961b-cedd3724d5fd
bge-large-en-v1.5,chrome,upper,1704f00f-79e6-43a7-961b-cedd3724d5fd::v1,0.922719,0.654839,0.26788,0.223898,1704f00f-79e6-43a7-961b-cedd3724d5fd
bge-large-en-v1.5,chrome,upper,1704f00f-79e6-43a7-961b-cedd3724d5fd::v2,0.944484,0.685063,0.259421,0.176276,1704f00f-79e6-43a7-961b-cedd3724d5fd
bge-large-en-v1.5,chrome,upper,1704f00f-79e6-43a7-961b-cedd3724d5fd::v3,0.943145,0.680582,0.262563,0.177994,1704f00f-79e6-43a7-961b-cedd3724d5fd
bge-large-en-v1.5,chrome,upper,1704f00f-79e6-43a7-961b-cedd3724d5fd::v4,0.923353,0.666037,0.257316,0.229506,1704f00f-79e6-43a7-961b-cedd3724d5fd
bge-large-en-v1.5,chrome,upper,2888b4e6-5b47-4b57-8bf5-c73827890774::v0,0.91585,0.560232,0.355618,0.19135,2888b4e6-5b47-4b57-8bf5-c73827890774
bge-large-en-v1.5,chrome,upper,2888b4e6-5b47-4b57-8bf5-c73827890774::v1,0.964419,0.571438,0.392981,0.083025,2888b4e6-5b47-4b57-8bf5-c73827890774
bge-large-en-v1.5,chrome,upper,2888b4e6-5b47-4b57-8bf5-c73827890774::v2,0.969577,0.597066,0.372511,0.075503,2888b4e6-5b47-4b57-8bf5-c73827890774
bge-large-en-v1.5,chrome,upper,2888b4e6-5b47-4b57-8bf5-c73827890774::v3,0.929835,0.576841,0.352994,0.165812,2888b4e6-5b47-4b57-8bf5-c73827890774
bge-large-en-v1.5,chrome,upper,2888b4e6-5b47-4b57-8bf5-c73827890774::v4,0.892761,0.585606,0.307155,0.258786,2888b4e6-5b47-4b57-8bf5-c73827890774
bge-large-en-v1.5,chrome,upper,2ad9387a-65d8-4e33-ad5b-7580065a27ca::v0,0.907888,0.733188,0.174699,0.345233,2ad9387a-65d8-4e33-ad5b-7580065a27ca
bge-large-en-v1.5,chrome,upper,2ad9387a-65d8-4e33-ad5b-7580065a27ca::v1,0.932796,0.811714,0.121083,0.356923,2ad9387a-65d8-4e33-ad5b-7580065a27ca
bge-large-en-v1.5,chrome,upper,2ad9387a-65d8-4e33-ad5b-7580065a27ca::v2,0.936752,0.761283,0.175469,0.264948,2ad9387a-65d8-4e33-ad5b-7580065a27ca
bge-large-en-v1.5,chrome,upper,2ad9387a-65d8-4e33-ad5b-7580065a27ca::v3,0.957159,0.756466,0.200693,0.175916,2ad9387a-65d8-4e33-ad5b-7580065a27ca
bge-large-en-v1.5,chrome,upper,2ad9387a-65d8-4e33-ad5b-7580065a27ca::v4,0.919252,0.773388,0.145863,0.356329,2ad9387a-65d8-4e33-ad5b-7580065a27ca
bge-large-en-v1.5,chrome,upper,2ae9ba84-3a0d-4d4c-8338-3a1478dc5fe3::v0,0.942947,0.723264,0.219684,0.206162,2ae9ba84-3a0d-4d4c-8338-3a1478dc5fe3
bge-large-en-v1.5,chrome,upper,2ae9ba84-3a0d-4d4c-8338-3a1478dc5fe3::v1,0.948646,0.727592,0.221055,0.188517,2ae9ba84-3a0d-4d4c-8338-3a1478dc5fe3
bge-large-en-v1.5,chrome,upper,2ae9ba84-3a0d-4d4c-8338-3a1478dc5fe3::v2,0.941252,0.724905,0.216347,0.213557,2ae9ba84-3a0d-4d4c-8338-3a1478dc5fe3
bge-large-en-v1.5,chrome,upper,2ae9ba84-3a0d-4d4c-8338-3a1478dc5fe3::v3,0.949821,0.733663,0.216158,0.188404,2ae9ba84-3a0d-4d4c-8338-3a1478dc5fe3
bge-large-en-v1.5,chrome,upper,2ae9ba84-3a0d-4d4c-8338-3a1478dc5fe3::v4,0.888194,0.6581,0.230094,0.327014,2ae9ba84-3a0d-4d4c-8338-3a1478dc5fe3
bge-large-en-v1.5,chrome,upper,3299584d-8f11-4457-bf4c-ce98f7600250::v0,0.919154,0.69206,0.227095,0.262537,3299584d-8f11-4457-bf4c-ce98f7600250
bge-large-en-v1.5,chrome,upper,3299584d-8f11-4457-bf4c-ce98f7600250::v1,0.93145,0.673622,0.257828,0.210033,3299584d-8f11-4457-bf4c-ce98f7600250
bge-large-en-v1.5,chrome,upper,3299584d-8f11-4457-bf4c-ce98f7600250::v2,0.942615,0.700217,0.242398,0.191422,3299584d-8f11-4457-bf4c-ce98f7600250
bge-large-en-v1.5,chrome,upper,3299584d-8f11-4457-bf4c-ce98f7600250::v3,0.951005,0.665278,0.285727,0.146375,3299584d-8f11-4457-bf4c-ce98f7600250
bge-large-en-v1.5,chrome,upper,3299584d-8f11-4457-bf4c-ce98f7600250::v4,0.901612,0.647282,0.254329,0.278944,3299584d-8f11-4457-bf4c-ce98f7600250
bge-large-en-v1.5,chrome,upper,35253b65-1c19-4304-8aa4-6884b8218fc0::v0,0.868608,0.663738,0.20487,0.390742,35253b65-1c19-4304-8aa4-6884b8218fc0
bge-large-en-v1.5,chrome,upper,35253b65-1c19-4304-8aa4-6884b8218fc0::v1,0.904279,0.719097,0.185182,0.340762,35253b65-1c19-4304-8aa4-6884b8218fc0
bge-large-en-v1.5,chrome,upper,35253b65-1c19-4304-8aa4-6884b8218fc0::v2,0.854552,0.687103,0.167449,0.464842,35253b65-1c19-4304-8aa4-6884b8218fc0
bge-large-en-v1.5,chrome,upper,35253b65-1c19-4304-8aa4-6884b8218fc0::v3,0.917609,0.713066,0.204544,0.287141,35253b65-1c19-4304-8aa4-6884b8218fc0
bge-large-en-v1.5,chrome,upper,35253b65-1c19-4304-8aa4-6884b8218fc0::v4,0.926324,0.733672,0.192652,0.276637,35253b65-1c19-4304-8aa4-6884b8218fc0
bge-large-en-v1.5,chrome,upper,368d9ba4-203c-40c1-9fa3-da2f1430ce63::v0,0.939434,0.5572,0.382234,0.13678,368d9ba4-203c-40c1-9fa3-da2f1430ce63
bge-large-en-v1.5,chrome,upper,368d9ba4-203c-40c1-9fa3-da2f1430ce63::v1,0.941023,0.543863,0.397161,0.129296,368d9ba4-203c-40c1-9fa3-da2f1430ce63
bge-large-en-v1.5,chrome,upper,368d9ba4-203c-40c1-9fa3-da2f1430ce63::v2,0.942784,0.594973,0.347811,0.141264,368d9ba4-203c-40c1-9fa3-da2f1430ce63
bge-large-en-v1.5,chrome,upper,368d9ba4-203c-40c1-9fa3-da2f1430ce63::v3,0.917689,0.559104,0.358585,0.186691,368d9ba4-203c-40c1-9fa3-da2f1430ce63
bge-large-en-v1.5,chrome,upper,368d9ba4-203c-40c1-9fa3-da2f1430ce63::v4,0.91991,0.496825,0.423085,0.159169,368d9ba4-203c-40c1-9fa3-da2f1430ce63
bge-large-en-v1.5,chrome,upper,3720f614-37fd-4d04-8a6b-76f54f8c222d::v0,0.845293,0.652125,0.193168,0.44472,3720f614-37fd-4d04-8a6b-76f54f8c222d
bge-large-en-v1.5,chrome,upper,3720f614-37fd-4d04-8a6b-76f54f8c222d::v1,0.893002,0.709644,0.183358,0.368506,3720f614-37fd-4d04-8a6b-76f54f8c222d
bge-large-en-v1.5,chrome,upper,3720f614-37fd-4d04-8a6b-76f54f8c222d::v2,0.873158,0.679848,0.19331,0.396194,3720f614-37fd-4d04-8a6b-76f54f8c222d
bge-large-en-v1.5,chrome,upper,3720f614-37fd-4d04-8a6b-76f54f8c222d::v3,0.872402,0.682993,0.189409,0.40251,3720f614-37fd-4d04-8a6b-76f54f8c222d
bge-large-en-v1.5,chrome,upper,3720f614-37fd-4d04-8a6b-76f54f8c222d::v4,0.852325,0.652176,0.200149,0.424568,3720f614-37fd-4d04-8a6b-76f54f8c222d
bge-large-en-v1.5,chrome,upper,44ee5668-ecd5-4366-a6ce-c1c9b8d4e938::v0,0.833564,0.696803,0.136761,0.548937,44ee5668-ecd5-4366-a6ce-c1c9b8d4e938
bge-large-en-v1.5,chrome,upper,44ee5668-ecd5-4366-a6ce-c1c9b8d4e938::v1,0.824418,0.698296,0.126122,0.581968,44ee5668-ecd5-4366-a6ce-c1c9b8d4e938
bge-large-en-v1.5,chrome,upper,44ee5668-ecd5-4366-a6ce-c1c9b8d4e938::v2,0.825854,0.732542,0.093312,0.651117,44ee5668-ecd5-4366-a6ce-c1c9b8d4e938
bge-large-en-v1.5,chrome,upper,44ee5668-ecd5-4366-a6ce-c1c9b8d4e938::v3,0.833636,0.716217,0.117419,0.586236,44ee5668-ecd5-4366-a6ce-c1c9b8d4e938
bge-large-en-v1.5,chrome,upper,44ee5668-ecd5-4366-a6ce-c1c9b8d4e938::v4,0.846485,0.675527,0.170958,0.47312,44ee5668-ecd5-4366-a6ce-c1c9b8d4e938
bge-large-en-v1.5,chrome,upper,47543840-672a-467d-80df-8f7c3b9788c9::v0,0.932107,0.673842,0.258265,0.20816,47543840-672a-467d-80df-8f7c3b9788c9
bge-large-en-v1.5,chrome,upper,47543840-672a-467d-80df-8f7c3b9788c9::v1,0.875152,0.659464,0.215688,0.366622,47543840-672a-467d-80df-8f7c3b9788c9
bge-large-en-v1.5,chrome,upper,47543840-672a-467d-80df-8f7c3b9788c9::v2,0.893973,0.689081,0.204892,0.34101,47543840-672a-467d-80df-8f7c3b9788c9
bge-large-en-v1.5,chrome,upper,47543840-672a-467d-80df-8f7c3b9788c9::v3,0.928347,0.664444,0.263903,0.213535,47543840-672a-467d-80df-8f7c3b9788c9
bge-large-en-v1.5,chrome,upper,47543840-672a-467d-80df-8f7c3b9788c9::v4,0.891563,0.709746,0.181816,0.373595,47543840-672a-467d-80df-8f7c3b9788c9
bge-large-en-v1.5,chrome,upper,480bcfea-d68f-4aaa-a0a9-2589ef319381::v0,0.88402,0.657647,0.226373,0.338774,480bcfea-d68f-4aaa-a0a9-2589ef319381
bge-large-en-v1.5,chrome,upper,480bcfea-d68f-4aaa-a0a9-2589ef319381::v1,0.892968,0.734392,0.158577,0.402968,480bcfea-d68f-4aaa-a0a9-2589ef319381
bge-large-en-v1.5,chrome,upper,480bcfea-d68f-4aaa-a0a9-2589ef319381::v2,0.883087,0.685412,0.197675,0.371638,480bcfea-d68f-4aaa-a0a9-2589ef319381
bge-large-en-v1.5,chrome,upper,480bcfea-d68f-4aaa-a0a9-2589ef319381::v3,0.857534,0.629918,0.227617,0.384957,480bcfea-d68f-4aaa-a0a9-2589ef319381
bge-large-en-v1.5,chrome,upper,480bcfea-d68f-4aaa-a0a9-2589ef319381::v4,0.889298,0.669064,0.220235,0.334511,480bcfea-d68f-4aaa-a0a9-2589ef319381
bge-large-en-v1.5,chrome,upper,59155008-fe71-45ec-8a8f-dc35497b6aa8::v0,0.918868,0.603068,0.315799,0.204399,59155008-fe71-45ec-8a8f-dc35497b6aa8
bge-large-en-v1.5,chrome,upper,59155008-fe71-45ec-8a8f-dc35497b6aa8::v1,0.931131,0.554979,0.376152,0.154755,59155008-fe71-45ec-8a8f-dc35497b6aa8
bge-large-en-v1.5,chrome,upper,59155008-fe71-45ec-8a8f-dc35497b6aa8::v2,0.931697,0.550671,0.381027,0.15201,59155008-fe71-45ec-8a8f-dc35497b6aa8
bge-large-en-v1.5,chrome,upper,59155008-fe71-45ec-8a8f-dc35497b6aa8::v3,0.972414,0.48966,0.482755,0.054053,59155008-fe71-45ec-8a8f-dc35497b6aa8
bge-large-en-v1.5,chrome,upper,59155008-fe71-45ec-8a8f-dc35497b6aa8::v4,0.897734,0.57437,0.323363,0.240271,59155008-fe71-45ec-8a8f-dc35497b6aa8
bge-large-en-v1.5,chrome,upper,6766f2b8-8a72-417f-a9e5-56fcaa735837::v0,0.954178,0.688147,0.266031,0.146936,6766f2b8-8a72-417f-a9e5-56fcaa735837
bge-large-en-v1.5,chrome,upper,6766f2b8-8a72-417f-a9e5-56fcaa735837::v1,0.961486,0.724883,0.236603,0.13999,6766f2b8-8a72-417f-a9e5-56fcaa735837
bge-large-en-v1.5,chrome,upper,6766f2b8-8a72-417f-a9e5-56fcaa735837::v2,0.938009,0.693407,0.244602,0.202194,6766f2b8-8a72-417f-a9e5-56fcaa735837
bge-large-en-v1.5,chrome,upper,6766f2b8-8a72-417f-a9e5-56fcaa735837::v3,0.906087,0.728987,0.1771,0.346526,6766f2b8-8a72-417f-a9e5-56fcaa735837
bge-large-en-v1.5,chrome,upper,6766f2b8-8a72-417f-a9e5-56fcaa735837::v4,0.879573,0.670691,0.208883,0.365694,6766f2b8-8a72-417f-a9e5-56fcaa735837
bge-large-en-v1.5,chrome,upper,6c4c23a1-42a4-43cc-9db1-2f86ff3738cc::v0,0.907467,0.681777,0.22569,0.29078,6c4c23a1-42a4-43cc-9db1-2f86ff3738cc
bge-large-en-v1.5,chrome,upper,6c4c23a1-42a4-43cc-9db1-2f86ff3738cc::v1,0.885725,0.681979,0.203746,0.359331,6c4c23a1-42a4-43cc-9db1-2f86ff3738cc
bge-large-en-v1.5,chrome,upper,6c4c23a1-42a4-43cc-9db1-2f86ff3738cc::v2,0.921566,0.676918,0.244648,0.242768,6c4c23a1-42a4-43cc-9db1-2f86ff3738cc
bge-large-en-v1.5,chrome,upper,6c4c23a1-42a4-43cc-9db1-2f86ff3738cc::v3,0.878608,0.656466,0.222143,0.353361,6c4c23a1-42a4-43cc-9db1-2f86ff3738cc
bge-large-en-v1.5,chrome,upper,6c4c23a1-42a4-43cc-9db1-2f86ff3738cc::v4,0.883783,0.660348,0.223435,0.342166,6c4c23a1-42a4-43cc-9db1-2f86ff3738cc
bge-large-en-v1.5,chrome,upper,7a5a7856-f1b6-42a4-ade9-1ca81ca0f263::v0,0.90237,0.716501,0.185869,0.344375,7a5a7856-f1b6-42a4-ade9-1ca81ca0f263
bge-large-en-v1.5,chrome,upper,7a5a7856-f1b6-42a4-ade9-1ca81ca0f263::v1,0.888075,0.794782,0.093293,0.545395,7a5a7856-f1b6-42a4-ade9-1ca81ca0f263
bge-large-en-v1.5,chrome,upper,7a5a7856-f1b6-42a4-ade9-1ca81ca0f263::v2,0.888806,0.733772,0.155033,0.417666,7a5a7856-f1b6-42a4-ade9-1ca81ca0f263
bge-large-en-v1.5,chrome,upper,7a5a7856-f1b6-42a4-ade9-1ca81ca0f263::v3,0.91027,0.758771,0.1515,0.371969,7a5a7856-f1b6-42a4-ade9-1ca81ca0f263
bge-large-en-v1.5,chrome,upper,7a5a7856-f1b6-42a4-ade9-1ca81ca0f263::v4,0.87596,0.756929,0.11903,0.510306,7a5a7856-f1b6-42a4-ade9-1ca81ca0f263
bge-large-en-v1.5,chrome,upper,7b6c7e24-c58a-49fc-a5bb-d57b80e5b4c3::v0,0.777852,0.613377,0.164475,0.574586,7b6c7e24-c58a-49fc-a5bb-d57b80e5b4c3
bge-large-en-v1.5,chrome,upper,7b6c7e24-c58a-49fc-a5bb-d57b80e5b4c3::v1,0.881937,0.716297,0.165641,0.416149,7b6c7e24-c58a-49fc-a5bb-d57b80e5b4c3
bge-large-en-v1.5,chrome,upper,7b6c7e24-c58a-49fc-a5bb-d57b80e5b4c3::v2,0.864395,0.707577,0.156818,0.46373,7b6c7e24-c58a-49fc-a5bb-d57b80e5b4c3
bge-large-en-v1.5,chrome,upper,7b6c7e24-c58a-49fc-a5bb-d57b80e5b4c3::v3,0.791373,0.651072,0.140301,0.597909,7b6c7e24-c58a-49fc-a5bb-d57b80e5b4c3
bge-large-en-v1.5,chrome,upper,7b6c7e24-c58a-49fc-a5bb-d57b80e5b4c3::v4,0.891141,0.72136,0.169781,0.390679,7b6c7e24-c58a-49fc-a5bb-d57b80e5b4c3
bge-large-en-v1.5,chrome,upper,7f52cab9-535c-4835-ac8c-391ee64dc930::v0,0.971188,0.539014,0.432174,0.062502,7f52cab9-535c-4835-ac8c-391ee64dc930
bge-large-en-v1.5,chrome,upper,7f52cab9-535c-4835-ac8c-391ee64dc930::v1,0.912122,0.60391,0.308213,0.221862,7f52cab9-535c-4835-ac8c-391ee64dc930
bge-large-en-v1.5,chrome,upper,7f52cab9-535c-4835-ac8c-391ee64dc930::v2,0.89748,0.624495,0.272985,0.273018,7f52cab9-535c-4835-ac8c-391ee64dc930
bge-large-en-v1.5,chrome,upper,7f52cab9-535c-4835-ac8c-391ee64dc930::v3,0.970789,0.542868,0.427921,0.063901,7f52cab9-535c-4835-ac8c-391ee64dc930
bge-large-en-v1.5,chrome,upper,7f52cab9-535c-4835-ac8c-391ee64dc930::v4,0.875841,0.615371,0.26047,0.322802,7f52cab9-535c-4835-ac8c-391ee64dc930
bge-large-en-v1.5,chrome,upper,82279c77-8fc6-46f6-9622-3ba96f61b477::v0,0.930241,0.602741,0.3275,0.175601,82279c77-8fc6-46f6-9622-3ba96f61b477
bge-large-en-v1.5,chrome,upper,82279c77-8fc6-46f6-9622-3ba96f61b477::v1,0.912708,0.592197,0.320511,0.214055,82279c77-8fc6-46f6-9622-3ba96f61b477
bge-large-en-v1.5,chrome,upper,82279c77-8fc6-46f6-9622-3ba96f61b477::v2,0.949744,0.629429,0.320315,0.135618,82279c77-8fc6-46f6-9622-3ba96f61b477
bge-large-en-v1.5,chrome,upper,82279c77-8fc6-46f6-9622-3ba96f61b477::v3,0.958979,0.5705,0.388479,0.095509,82279c77-8fc6-46f6-9622-3ba96f61b477
bge-large-en-v1.5,chrome,upper,82279c77-8fc6-46f6-9622-3ba96f61b477::v4,0.91463,0.579626,0.335005,0.20308,82279c77-8fc6-46f6-9622-3ba96f61b477
bge-large-en-v1.5,chrome,upper,82bc8d6a-36eb-4d2d-8801-ef714fb1e55a::v0,0.938265,0.715028,0.223237,0.216635,82bc8d6a-36eb-4d2d-8801-ef714fb1e55a
bge-large-en-v1.5,chrome,upper,82bc8d6a-36eb-4d2d-8801-ef714fb1e55a::v1,0.916459,0.696032,0.220427,0.274834,82bc8d6a-36eb-4d2d-8801-ef714fb1e55a
bge-large-en-v1.5,chrome,upper,82bc8d6a-36eb-4d2d-8801-ef714fb1e55a::v2,0.890604,0.693953,0.196651,0.357449,82bc8d6a-36eb-4d2d-8801-ef714fb1e55a
bge-large-en-v1.5,chrome,upper,82bc8d6a-36eb-4d2d-8801-ef714fb1e55a::v3,0.933083,0.666184,0.266899,0.200461,82bc8d6a-36eb-4d2d-8801-ef714fb1e55a
bge-large-en-v1.5,chrome,upper,82bc8d6a-36eb-4d2d-8801-ef714fb1e55a::v4,0.902847,0.688139,0.214708,0.311526,82bc8d6a-36eb-4d2d-8801-ef714fb1e55a
bge-large-en-v1.5,chrome,upper,93eabf48-6a27-4cb6-b963-7d5fe1e0d3a9::v0,0.874568,0.739646,0.134922,0.481774,93eabf48-6a27-4cb6-b963-7d5fe1e0d3a9
bge-large-en-v1.5,chrome,upper,93eabf48-6a27-4cb6-b963-7d5fe1e0d3a9::v1,0.883186,0.735717,0.147469,0.442005,93eabf48-6a27-4cb6-b963-7d5fe1e0d3a9
bge-large-en-v1.5,chrome,upper,93eabf48-6a27-4cb6-b963-7d5fe1e0d3a9::v2,0.879446,0.724007,0.155439,0.4368,93eabf48-6a27-4cb6-b963-7d5fe1e0d3a9
bge-large-en-v1.5,chrome,upper,93eabf48-6a27-4cb6-b963-7d5fe1e0d3a9::v3,0.89105,0.736743,0.154307,0.413854,93eabf48-6a27-4cb6-b963-7d5fe1e0d3a9
bge-large-en-v1.5,chrome,upper,93eabf48-6a27-4cb6-b963-7d5fe1e0d3a9::v4,0.874177,0.723336,0.150841,0.454786,93eabf48-6a27-4cb6-b963-7d5fe1e0d3a9
bge-large-en-v1.5,chrome,upper,9656a811-9b5b-4ddf-99c7-5117bcef0626::v0,0.923879,0.726694,0.197185,0.278519,9656a811-9b5b-4ddf-99c7-5117bcef0626
bge-large-en-v1.5,chrome,upper,9656a811-9b5b-4ddf-99c7-5117bcef0626::v1,0.92655,0.718581,0.207969,0.261,9656a811-9b5b-4ddf-99c7-5117bcef0626
bge-large-en-v1.5,chrome,upper,9656a811-9b5b-4ddf-99c7-5117bcef0626::v2,0.925783,0.754453,0.17133,0.302252,9656a811-9b5b-4ddf-99c7-5117bcef0626
bge-large-en-v1.5,chrome,upper,9656a811-9b5b-4ddf-99c7-5117bcef0626::v3,0.867135,0.698494,0.168641,0.44067,9656a811-9b5b-4ddf-99c7-5117bcef0626
bge-large-en-v1.5,chrome,upper,9656a811-9b5b-4ddf-99c7-5117bcef0626::v4,0.919615,0.723216,0.196399,0.290425,9656a811-9b5b-4ddf-99c7-5117bcef0626
bge-large-en-v1.5,chrome,upper,99146c54-4f37-4ab8-9327-5f3291665e1e::v0,0.945222,0.731596,0.213626,0.204087,99146c54-4f37-4ab8-9327-5f3291665e1e
bge-large-en-v1.5,chrome,upper,99146c54-4f37-4ab8-9327-5f3291665e1e::v1,0.949176,0.721835,0.227342,0.18271,99146c54-4f37-4ab8-9327-5f3291665e1e
bge-large-en-v1.5,chrome,upper,99146c54-4f37-4ab8-9327-5f3291665e1e::v2,0.92572,0.733782,0.191938,0.279018,99146c54-4f37-4ab8-9327-5f3291665e1e
bge-large-en-v1.5,chrome,upper,99146c54-4f37-4ab8-9327-5f3291665e1e::v3,0.926688,0.690823,0.235865,0.237119,99146c54-4f37-4ab8-9327-5f3291665e1e
bge-large-en-v1.5,chrome,upper,99146c54-4f37-4ab8-9327-5f3291665e1e::v4,0.926628,0.732711,0.193917,0.274505,99146c54-4f37-4ab8-9327-5f3291665e1e
bge-large-en-v1.5,chrome,upper,9f3f70fc-5afc-4958-a7b7-3bb4fcb01805::v0,0.93884,0.534809,0.404032,0.131472,9f3f70fc-5afc-4958-a7b7-3bb4fcb01805
bge-large-en-v1.5,chrome,upper,9f3f70fc-5afc-4958-a7b7-3bb4fcb01805::v1,0.92486,0.606373,0.318487,0.190891,9f3f70fc-5afc-4958-a7b7-3bb4fcb01805
bge-large-en-v1.5,chrome,upper,9f3f70fc-5afc-4958-a7b7-3bb4fcb01805::v2,0.892811,0.638794,0.254017,0.296752,9f3f70fc-5afc-4958-a7b7-3bb4fcb01805
bge-large-en-v1.5,chrome,upper,9f3f70fc-5afc-4958-a7b7-3bb4fcb01805::v3,0.9621,0.605604,0.356496,0.096096,9f3f70fc-5afc-4958-a7b7-3bb4fcb01805
bge-large-en-v1.5,chrome,upper,9f3f70fc-5afc-4958-a7b7-3bb4fcb01805::v4,0.871499,0.606357,0.265143,0.326439,9f3f70fc-5afc-4958-a7b7-3bb4fcb01805
bge-large-en-v1.5,chrome,upper,9f935cce-0a9f-435f-8007-817732bfc0a5::v0,0.920359,0.566769,0.35359,0.183831,9f935cce-0a9f-435f-8007-817732bfc0a5
bge-large-en-v1.5,chrome,upper,9f935cce-0a9f-435f-8007-817732bfc0a5::v1,0.936372,0.591761,0.344611,0.155861,9f935cce-0a9f-435f-8007-817732bfc0a5
bge-large-en-v1.5,chrome,upper,9f935cce-0a9f-435f-8007-817732bfc0a5::v2,0.926204,0.588483,0.337721,0.179327,9f935cce-0a9f-435f-8007-817732bfc0a5
bge-large-en-v1.5,chrome,upper,9f935cce-0a9f-435f-8007-817732bfc0a5::v3,0.874012,0.528282,0.34573,0.267083,9f935cce-0a9f-435f-8007-817732bfc0a5
bge-large-en-v1.5,chrome,upper,9f935cce-0a9f-435f-8007-817732bfc0a5::v4,0.940046,0.568371,0.371674,0.138903,9f935cce-0a9f-435f-8007-817732bfc0a5
bge-large-en-v1.5,chrome,upper,a728a36e-8bf1-4bb6-9a03-ef039a5233f0::v0,0.963904,0.592145,0.371758,0.088503,a728a36e-8bf1-4bb6-9a03-ef039a5233f0
bge-large-en-v1.5,chrome,upper,a728a36e-8bf1-4bb6-9a03-ef039a5233f0::v1,0.894481,0.533215,0.361266,0.226054,a728a36e-8bf1-4bb6-9a03-ef039a5233f0
bge-large-en-v1.5,chrome,upper,a728a36e-8bf1-4bb6-9a03-ef039a5233f0::v2,0.912084,0.624289,0.287794,0.234001,a728a36e-8bf1-4bb6-9a03-ef039a5233f0
bge-large-en-v1.5,chrome,upper,a728a36e-8bf1-4bb6-9a03-ef039a5233f0::v3,0.890909,0.587997,0.302912,0.264782,a728a36e-8bf1-4bb6-9a03-ef039a5233f0
bge-large-en-v1.5,chrome,upper,a728a36e-8bf1-4bb6-9a03-ef039a5233f0::v4,0.919079,0.570189,0.34889,0.188271,a728a36e-8bf1-4bb6-9a03-ef039a5233f0
bge-large-en-v1.5,chrome,upper,a96b564e-dbe9-42c3-9ccf-b4498073438a::v0,0.929062,0.616854,0.312208,0.185145,a96b564e-dbe9-42c3-9ccf-b4498073438a
bge-large-en-v1.5,chrome,upper,a96b564e-dbe9-42c3-9ccf-b4498073438a::v1,0.847711,0.628754,0.218957,0.41021,a96b564e-dbe9-42c3-9ccf-b4498073438a
bge-large-en-v1.5,chrome,upper,a96b564e-dbe9-42c3-9ccf-b4498073438a::v2,0.874326,0.6082,0.266126,0.320761,a96b564e-dbe9-42c3-9ccf-b4498073438a
bge-large-en-v1.5,chrome,upper,a96b564e-dbe9-42c3-9ccf-b4498073438a::v3,0.931564,0.609931,0.321632,0.175447,a96b564e-dbe9-42c3-9ccf-b4498073438a
bge-large-en-v1.5,chrome,upper,a96b564e-dbe9-42c3-9ccf-b4498073438a::v4,0.87317,0.623323,0.249847,0.336708,a96b564e-dbe9-42c3-9ccf-b4498073438a
bge-large-en-v1.5,chrome,upper,ae78f875-5b98-4907-bbb5-9c737fc68c03::v0,0.785536,0.538522,0.247014,0.464732,ae78f875-5b98-4907-bbb5-9c737fc68c03
bge-large-en-v1.5,chrome,upper,ae78f875-5b98-4907-bbb5-9c737fc68c03::v1,0.895914,0.630661,0.265253,0.281818,ae78f875-5b98-4907-bbb5-9c737fc68c03
bge-large-en-v1.5,chrome,upper,ae78f875-5b98-4907-bbb5-9c737fc68c03::v2,0.799508,0.650859,0.148649,0.574243,ae78f875-5b98-4907-bbb5-9c737fc68c03
bge-large-en-v1.5,chrome,upper,ae78f875-5b98-4907-bbb5-9c737fc68c03::v3,0.800951,0.566921,0.23403,0.459615,ae78f875-5b98-4907-bbb5-9c737fc68c03
bge-large-en-v1.5,chrome,upper,ae78f875-5b98-4907-bbb5-9c737fc68c03::v4,0.865638,0.640446,0.225191,0.373692,ae78f875-5b98-4907-bbb5-9c737fc68c03
bge-large-en-v1.5,chrome,upper,af630914-714e-4a24-a7bb-f9af687d3b91::v0,0.911245,0.666355,0.24489,0.266016,af630914-714e-4a24-a7bb-f9af687d3b91
bge-large-en-v1.5,chrome,upper,af630914-714e-4a24-a7bb-f9af687d3b91::v1,0.914977,0.662902,0.252075,0.252221,af630914-714e-4a24-a7bb-f9af687d3b91
bge-large-en-v1.5,chrome,upper,af630914-714e-4a24-a7bb-f9af687d3b91::v2,0.883154,0.627832,0.255321,0.313962,af630914-714e-4a24-a7bb-f9af687d3b91
bge-large-en-v1.5,chrome,upper,af630914-714e-4a24-a7bb-f9af687d3b91::v3,0.936133,0.688757,0.247376,0.2052,af630914-714e-4a24-a7bb-f9af687d3b91
bge-large-en-v1.5,chrome,upper,af630914-714e-4a24-a7bb-f9af687d3b91::v4,0.89559,0.622736,0.272854,0.276756,af630914-714e-4a24-a7bb-f9af687d3b91
bge-large-en-v1.5,chrome,upper,b070486d-e161-459b-aa2b-ef442d973b92::v0,0.965729,0.588875,0.376854,0.083359,b070486d-e161-459b-aa2b-ef442d973b92
bge-large-en-v1.5,chrome,upper,b070486d-e161-459b-aa2b-ef442d973b92::v1,0.908856,0.514655,0.394201,0.187792,b070486d-e161-459b-aa2b-ef442d973b92
bge-large-en-v1.5,chrome,upper,b070486d-e161-459b-aa2b-ef442d973b92::v2,0.891093,0.588793,0.302299,0.264848,b070486d-e161-459b-aa2b-ef442d973b92
bge-large-en-v1.5,chrome,upper,b070486d-e161-459b-aa2b-ef442d973b92::v3,0.913263,0.536173,0.377089,0.187004,b070486d-e161-459b-aa2b-ef442d973b92
bge-large-en-v1.5,chrome,upper,b070486d-e161-459b-aa2b-ef442d973b92::v4,0.904476,0.570273,0.334203,0.222289,b070486d-e161-459b-aa2b-ef442d973b92
bge-large-en-v1.5,chrome,upper,b4f95342-463e-4179-8c3f-193cd7241fb2::v0,0.988411,0.606506,0.381906,0.029451,b4f95342-463e-4179-8c3f-193cd7241fb2
bge-large-en-v1.5,chrome,upper,b4f95342-463e-4179-8c3f-193cd7241fb2::v1,0.911646,0.605704,0.305942,0.224081,b4f95342-463e-4179-8c3f-193cd7241fb2
bge-large-en-v1.5,chrome,upper,b4f95342-463e-4179-8c3f-193cd7241fb2::v2,0.929809,0.603446,0.326363,0.177002,b4f95342-463e-4179-8c3f-193cd7241fb2
bge-large-en-v1.5,chrome,upper,b4f95342-463e-4179-8c3f-193cd7241fb2::v3,0.918491,0.591397,0.327093,0.199484,b4f95342-463e-4179-8c3f-193cd7241fb2
bge-large-en-v1.5,chrome,upper,b4f95342-463e-4179-8c3f-193cd7241fb2::v4,0.922849,0.590518,0.332331,0.188412,b4f95342-463e-4179-8c3f-193cd7241fb2
bge-large-en-v1.5,chrome,upper,b7895e80-f4d1-4648-bee0-4eb45a6f1fa8::v0,0.931668,0.661971,0.269697,0.202149,b7895e80-f4d1-4648-bee0-4eb45a6f1fa8
bge-large-en-v1.5,chrome,upper,b7895e80-f4d1-4648-bee0-4eb45a6f1fa8::v1,0.874037,0.630409,0.243627,0.340819,b7895e80-f4d1-4648-bee0-4eb45a6f1fa8
bge-large-en-v1.5,chrome,upper,b7895e80-f4d1-4648-bee0-4eb45a6f1fa8::v2,0.893688,0.665152,0.228536,0.317492,b7895e80-f4d1-4648-bee0-4eb45a6f1fa8
bge-large-en-v1.5,chrome,upper,b7895e80-f4d1-4648-bee0-4eb45a6f1fa8::v3,0.896859,0.630428,0.266431,0.279081,b7895e80-f4d1-4648-bee0-4eb45a6f1fa8
bge-large-en-v1.5,chrome,upper,b7895e80-f4d1-4648-bee0-4eb45a6f1fa8::v4,0.905963,0.636785,0.269178,0.258901,b7895e80-f4d1-4648-bee0-4eb45a6f1fa8
bge-large-en-v1.5,chrome,upper,bb5e4c0d-f964-439c-97b6-bdb9747de3f4::v0,0.814091,0.642202,0.171889,0.519592,bb5e4c0d-f964-439c-97b6-bdb9747de3f4
bge-large-en-v1.5,chrome,upper,bb5e4c0d-f964-439c-97b6-bdb9747de3f4::v1,0.904375,0.646612,0.257763,0.270595,bb5e4c0d-f964-439c-97b6-bdb9747de3f4
bge-large-en-v1.5,chrome,upper,bb5e4c0d-f964-439c-97b6-bdb9747de3f4::v2,0.851665,0.649335,0.20233,0.42301,bb5e4c0d-f964-439c-97b6-bdb9747de3f4
bge-large-en-v1.5,chrome,upper,bb5e4c0d-f964-439c-97b6-bdb9747de3f4::v3,0.817091,0.612736,0.204355,0.472312,bb5e4c0d-f964-439c-97b6-bdb9747de3f4
bge-large-en-v1.5,chrome,upper,bb5e4c0d-f964-439c-97b6-bdb9747de3f4::v4,0.892218,0.625042,0.267176,0.28745,bb5e4c0d-f964-439c-97b6-bdb9747de3f4
bge-large-en-v1.5,chrome,upper,c1fa57f3-c3db-4596-8f09-020701085416::v0,0.972721,0.622624,0.350097,0.072287,c1fa57f3-c3db-4596-8f09-020701085416
bge-large-en-v1.5,chrome,upper,c1fa57f3-c3db-4596-8f09-020701085416::v1,0.932715,0.617036,0.31568,0.175694,c1fa57f3-c3db-4596-8f09-020701085416
bge-large-en-v1.5,chrome,upper,c1fa57f3-c3db-4596-8f09-020701085416::v2,0.951308,0.644422,0.306886,0.136938,c1fa57f3-c3db-4596-8f09-020701085416
bge-large-en-v1.5,chrome,upper,c1fa57f3-c3db-4596-8f09-020701085416::v3,0.950083,0.595743,0.35434,0.123479,c1fa57f3-c3db-4596-8f09-020701085416
bge-large-en-v1.5,chrome,upper,c1fa57f3-c3db-4596-8f09-020701085416::v4,0.90263,0.610583,0.292048,0.250039,c1fa57f3-c3db-4596-8f09-020701085416
bge-large-en-v1.5,chrome,upper,cabb3bae-cccb-41bd-9f5d-0f3a9fecd825::v0,0.972831,0.59105,0.381781,0.066435,cabb3bae-cccb-41bd-9f5d-0f3a9fecd825
bge-large-en-v1.5,chrome,upper,cabb3bae-cccb-41bd-9f5d-0f3a9fecd825::v1,0.899888,0.583366,0.316522,0.240288,cabb3bae-cccb-41bd-9f5d-0f3a9fecd825
bge-large-en-v1.5,chrome,upper,cabb3bae-cccb-41bd-9f5d-0f3a9fecd825::v2,0.909553,0.59198,0.317573,0.221673,cabb3bae-cccb-41bd-9f5d-0f3a9fecd825
bge-large-en-v1.5,chrome,upper,cabb3bae-cccb-41bd-9f5d-0f3a9fecd825::v3,0.964846,0.546133,0.418713,0.077455,cabb3bae-cccb-41bd-9f5d-0f3a9fecd825
bge-large-en-v1.5,chrome,upper,cabb3bae-cccb-41bd-9f5d-0f3a9fecd825::v4,0.924375,0.571528,0.352847,0.176499,cabb3bae-cccb-41bd-9f5d-0f3a9fecd825
bge-large-en-v1.5,chrome,upper,da46d875-6b82-4681-9284-653b0c7ae241::v0,0.958151,0.591493,0.366657,0.102444,da46d875-6b82-4681-9284-653b0c7ae241
bge-large-en-v1.5,chrome,upper,da46d875-6b82-4681-9284-653b0c7ae241::v1,0.881248,0.636783,0.244465,0.326945,da46d875-6b82-4681-9284-653b0c7ae241
bge-large-en-v1.5,chrome,upper,da46d875-6b82-4681-9284-653b0c7ae241::v2,0.901748,0.625083,0.276665,0.262063,da46d875-6b82-4681-9284-653b0c7ae241
bge-large-en-v1.5,chrome,upper,da46d875-6b82-4681-9284-653b0c7ae241::v3,0.902536,0.546028,0.356508,0.214691,da46d875-6b82-4681-9284-653b0c7ae241
bge-large-en-v1.5,chrome,upper,da46d875-6b82-4681-9284-653b0c7ae241::v4,0.903848,0.614428,0.28942,0.249374,da46d875-6b82-4681-9284-653b0c7ae241
bge-large-en-v1.5,chrome,upper,e1e75309-3ddb-4d09-92ec-de869c928143::v0,0.899967,0.660516,0.239452,0.29466,e1e75309-3ddb-4d09-92ec-de869c928143
bge-large-en-v1.5,chrome,upper,e1e75309-3ddb-4d09-92ec-de869c928143::v1,0.906078,0.678708,0.227369,0.292327,e1e75309-3ddb-4d09-92ec-de869c928143
bge-large-en-v1.5,chrome,upper,e1e75309-3ddb-4d09-92ec-de869c928143::v2,0.905817,0.674916,0.230902,0.289718,e1e75309-3ddb-4d09-92ec-de869c928143
bge-large-en-v1.5,chrome,upper,e1e75309-3ddb-4d09-92ec-de869c928143::v3,0.908631,0.642459,0.266171,0.255549,e1e75309-3ddb-4d09-92ec-de869c928143
bge-large-en-v1.5,chrome,upper,e1e75309-3ddb-4d09-92ec-de869c928143::v4,0.892855,0.648656,0.244199,0.304957,e1e75309-3ddb-4d09-92ec-de869c928143
bge-large-en-v1.5,chrome,upper,f0b971a1-6831-4b9b-a50e-22a6e47f45ba::v0,0.953527,0.544493,0.409035,0.102024,f0b971a1-6831-4b9b-a50e-22a6e47f45ba
bge-large-en-v1.5,chrome,upper,f0b971a1-6831-4b9b-a50e-22a6e47f45ba::v1,0.922335,0.520385,0.401951,0.161931,f0b971a1-6831-4b9b-a50e-22a6e47f45ba
bge-large-en-v1.5,chrome,upper,f0b971a1-6831-4b9b-a50e-22a6e47f45ba::v2,0.955745,0.578838,0.376907,0.105079,f0b971a1-6831-4b9b-a50e-22a6e47f45ba
bge-large-en-v1.5,chrome,upper,f0b971a1-6831-4b9b-a50e-22a6e47f45ba::v3,0.940807,0.538597,0.40221,0.128289,f0b971a1-6831-4b9b-a50e-22a6e47f45ba
bge-large-en-v1.5,chrome,upper,f0b971a1-6831-4b9b-a50e-22a6e47f45ba::v4,0.950926,0.515614,0.435312,0.101312,f0b971a1-6831-4b9b-a50e-22a6e47f45ba
bge-large-en-v1.5,chrome,upper,f3b19d1e-2d48-44e9-b4e1-defcae1a0197::v0,0.957396,0.635459,0.321938,0.116869,f3b19d1e-2d48-44e9-b4e1-defcae1a0197
bge-large-en-v1.5,chrome,upper,f3b19d1e-2d48-44e9-b4e1-defcae1a0197::v1,0.911562,0.629475,0.282087,0.238683,f3b19d1e-2d48-44e9-b4e1-defcae1a0197
bge-large-en-v1.5,chrome,upper,f3b19d1e-2d48-44e9-b4e1-defcae1a0197::v2,0.9466,0.612527,0.334072,0.137817,f3b19d1e-2d48-44e9-b4e1-defcae1a0197
bge-large-en-v1.5,chrome,upper,f3b19d1e-2d48-44e9-b4e1-defcae1a0197::v3,0.949306,0.584354,0.364952,0.121964,f3b19d1e-2d48-44e9-b4e1-defcae1a0197
bge-large-en-v1.5,chrome,upper,f3b19d1e-2d48-44e9-b4e1-defcae1a0197::v4,0.905722,0.642072,0.26365,0.263399,f3b19d1e-2d48-44e9-b4e1-defcae1a0197
bge-large-en-v1.5,chrome,upper,f5d96daf-83a8-4c86-9686-bada31fc66ab::v0,0.890679,0.517206,0.373473,0.226433,f5d96daf-83a8-4c86-9686-bada31fc66ab
bge-large-en-v1.5,chrome,upper,f5d96daf-83a8-4c86-9686-bada31fc66ab::v1,0.967216,0.461316,0.5059,0.060859,f5d96daf-83a8-4c86-9686-bada31fc66ab
bge-large-en-v1.5,chrome,upper,f5d96daf-83a8-4c86-9686-bada31fc66ab::v2,0.864773,0.551241,0.313532,0.301335,f5d96daf-83a8-4c86-9686-bada31fc66ab
bge-large-en-v1.5,chrome,upper,f5d96daf-83a8-4c86-9686-bada31fc66ab::v3,0.907837,0.487757,0.42008,0.17992,f5d96daf-83a8-4c86-9686-bada31fc66ab
bge-large-en-v1.5,chrome,upper,f5d96daf-83a8-4c86-9686-bada31fc66ab::v4,0.94726,0.434583,0.512677,0.093277,f5d96daf-83a8-4c86-9686-bada31fc66ab
bge-large-en-v1.5,chrome,upper,f79439ad-3ee8-4f99-a518-0eb60e5652b0::v0,0.960215,0.641402,0.318812,0.110947,f79439ad-3ee8-4f99-a518-0eb60e5652b0
bge-large-en-v1.5,chrome,upper,f79439ad-3ee8-4f99-a518-0eb60e5652b0::v1,0.957705,0.610134,0.347571,0.108486,f79439ad-3ee8-4f99-a518-0eb60e5652b0
bge-large-en-v1.5,chrome,upper,f79439ad-3ee8-4f99-a518-0eb60e5652b0::v2,0.960571,0.651134,0.309437,0.113019,f79439ad-3ee8-4f99-a518-0eb60e5652b0
bge-large-en-v1.5,chrome,upper,f79439ad-3ee8-4f99-a518-0eb60e5652b0::v3,0.95289,0.662682,0.290208,0.13966,f79439ad-3ee8-4f99-a518-0eb60e5652b0
bge-large-en-v1.5,chrome,upper,f79439ad-3ee8-4f99-a518-0eb60e5652b0::v4,0.955782,0.626568,0.329214,0.118409,f79439ad-3ee8-4f99-a518-0eb60e5652b0
bge-large-en-v1.5,chrome,upper,fc6d8143-9452-4171-9459-7f515143419a::v0,0.971197,0.672626,0.298571,0.087981,fc6d8143-9452-4171-9459-7f515143419a
bge-large-en-v1.5,chrome,upper,fc6d8143-9452-4171-9459-7f515143419a::v1,0.947547,0.648598,0.298949,0.149268,fc6d8143-9452-4171-9459-7f515143419a
bge-large-en-v1.5,chrome,upper,fc6d8143-9452-4171-9459-7f515143419a::v2,0.938564,0.64773,0.290834,0.174401,fc6d8143-9452-4171-9459-7f515143419a
bge-large-en-v1.5,chrome,upper,fc6d8143-9452-4171-9459-7f515143419a::v3,0.94311,0.684127,0.258983,0.180103,fc6d8143-9452-4171-9459-7f515143419a
bge-large-en-v1.5,chrome,upper,fc6d8143-9452-4171-9459-7f515143419a::v4,0.93427,0.639301,0.294969,0.182229,fc6d8143-9452-4171-9459-7f515143419a
bge-large-en-v1.5,gimp,verdict,gimp_add_border_export,0.697691,0.672864,0.024827,0.924109,06ca5602-62ca-47f6-ad4f-da151cde54cc
bge-large-en-v1.5,gimp,verdict,gimp_add_guide_50pct,0.731794,0.725207,0.006586,0.976031,f4aec372-4fb0-4df5-a52b-79e0e2a5d6ce
bge-large-en-v1.5,gimp,verdict,gimp_add_layer_mask_black,0.666295,0.662254,0.004041,0.988035,734d6579-c07d-47a8-9ae2-13339795476b
bge-large-en-v1.5,gimp,verdict,gimp_alpha_channel_erase,0.682906,0.637341,0.045565,0.87436,b148e375-fe0b-4bec-90e7-38632b0d73c2
bge-large-en-v1.5,gimp,verdict,gimp_brighten_photo,0.869272,0.831375,0.037897,0.775258,7a4deb26-d57d-4ea9-9a73-630f66a7b568
bge-large-en-v1.5,gimp,verdict,gimp_canvas_size_white_fill,0.664078,0.660026,0.004053,0.988079,d16c99dc-2a1e-46f2-b350-d97c86c85c15
bge-large-en-v1.5,gimp,verdict,gimp_channel_new_mask,0.700045,0.573342,0.126703,0.703034,b148e375-fe0b-4bec-90e7-38632b0d73c2
bge-large-en-v1.5,gimp,verdict,gimp_convert_webp,0.719889,0.699097,0.020792,0.9309,62f7fd55-0687-4a43-b6e1-3eda16fc6252
bge-large-en-v1.5,gimp,verdict,gimp_crop_square_512,0.705901,0.661277,0.044624,0.868259,d16c99dc-2a1e-46f2-b350-d97c86c85c15
bge-large-en-v1.5,gimp,verdict,gimp_curves_adjustment,0.706018,0.688692,0.017326,0.944344,554785e9-4523-4e7a-b8e1-8016f565f56a
bge-large-en-v1.5,gimp,verdict,gimp_drop_shadow_filter,0.719612,0.681205,0.038407,0.879525,2a729ded-3296-423d-aec4-7dd55ed5fbb3
bge-large-en-v1.5,gimp,verdict,gimp_export_gif,0.720094,0.697864,0.022231,0.926422,dbbf4b99-2253-4b10-9274-45f246af2466
bge-large-en-v1.5,gimp,verdict,gimp_export_output_png,0.897104,0.747455,0.149648,0.407437,77b8ab4d-994f-43ac-8930-8ca087d7c4b4
bge-large-en-v1.5,gimp,verdict,gimp_export_pdf,0.72865,0.654141,0.074509,0.784568,77b8ab4d-994f-43ac-8930-8ca087d7c4b4
bge-large-en-v1.5,gimp,verdict,gimp_export_psd,0.795325,0.719474,0.075852,0.729609,77b8ab4d-994f-43ac-8930-8ca087d7c4b4
bge-large-en-v1.5,gimp,verdict,gimp_export_tiff,0.727433,0.719537,0.007895,0.971849,dbbf4b99-2253-4b10-9274-45f246af2466
bge-large-en-v1.5,gimp,verdict,gimp_flip_vertical,0.818478,0.614481,0.203996,0.470852,72f83cdc-bf76-4531-9a1b-eb893a13f8aa
bge-large-en-v1.5,gimp,verdict,gimp_fuzzy_select_fill,0.66672,0.639597,0.027123,0.924743,fbb548ca-c2a6-4601-9204-e39a2efc507b
bge-large-en-v1.5,gimp,verdict,gimp_gaussian_blur_dialog,0.782129,0.717625,0.064504,0.771566,a746add2-cab0-4740-ac36-c3769d9bfb46
bge-large-en-v1.5,gimp,verdict,gimp_gradient_fill_canvas,0.623847,0.597363,0.026483,0.934226,06ca5602-62ca-47f6-ad4f-da151cde54cc
bge-large-en-v1.5,gimp,verdict,gimp_grayscale_mode,0.833929,0.731668,0.102261,0.6189,06ca5602-62ca-47f6-ad4f-da151cde54cc
bge-large-en-v1.5,gimp,verdict,gimp_group_layers,0.627781,0.577733,0.050048,0.881478,b148e375-fe0b-4bec-90e7-38632b0d73c2
bge-large-en-v1.5,gimp,verdict,gimp_hide_right_docks,0.801236,0.664886,0.13635,0.593124,d52d6308-ec58-42b7-a2c9-de80e4837b2b
bge-large-en-v1.5,gimp,verdict,gimp_icon_theme_legacy,0.791877,0.73716,0.054718,0.791822,7767eef2-56a3-4cea-8c9f-48c070c7d65b
bge-large-en-v1.5,gimp,verdict,gimp_indexed_16_colors,0.70601,0.66181,0.0442,0.869305,06ca5602-62ca-47f6-ad4f-da151cde54cc
bge-large-en-v1.5,gimp,verdict,gimp_indexed_color_mode,0.796424,0.776363,0.020061,0.910297,045bf3ff-9077-4b86-b483-a1040a949cff
bge-large-en-v1.5,gimp,verdict,gimp_layer_blend_screen,0.730241,0.714832,0.015409,0.945966,7767eef2-56a3-4cea-8c9f-48c070c7d65b
bge-large-en-v1.5,gimp,verdict,gimp_layer_preview_large,0.6601,0.637864,0.022237,0.938596,d16c99dc-2a1e-46f2-b350-d97c86c85c15
bge-large-en-v1.5,gimp,verdict,gimp_levels_adjustment,0.649814,0.636445,0.01337,0.963225,7767eef2-56a3-4cea-8c9f-48c070c7d65b
bge-large-en-v1.5,gimp,verdict,gimp_lower_contrast,0.815861,0.784059,0.031803,0.852725,7a4deb26-d57d-4ea9-9a73-630f66a7b568
bge-large-en-v1.5,gimp,verdict,gimp_merge_visible_clip,0.671633,0.667853,0.003779,0.988622,8ea73f6f-9689-42ad-8c60-195bbf06a7ba
bge-large-en-v1.5,gimp,verdict,gimp_moon_top_left,0.79449,0.70293,0.09156,0.691791,f4aec372-4fb0-4df5-a52b-79e0e2a5d6ce
bge-large-en-v1.5,gimp,verdict,gimp_new_layer_half_opacity,0.70939,0.704117,0.005273,0.98218,b148e375-fe0b-4bec-90e7-38632b0d73c2
bge-large-en-v1.5,gimp,verdict,gimp_new_layer_multiply,0.737474,0.658344,0.07913,0.768394,b148e375-fe0b-4bec-90e7-38632b0d73c2
bge-large-en-v1.5,gimp,verdict,gimp_new_layer_name,0.840394,0.656068,0.184326,0.464062,b148e375-fe0b-4bec-90e7-38632b0d73c2
bge-large-en-v1.5,gimp,verdict,gimp_new_layer_white_fill,0.717707,0.693579,0.024129,0.921257,b148e375-fe0b-4bec-90e7-38632b0d73c2
bge-large-en-v1.5,gimp,verdict,gimp_new_text_sale,0.699004,0.680178,0.018827,0.941134,b148e375-fe0b-4bec-90e7-38632b0d73c2
bge-large-en-v1.5,gimp,verdict,gimp_path_new_outline,0.709531,0.590841,0.11869,0.709917,b148e375-fe0b-4bec-90e7-38632b0d73c2
bge-large-en-v1.5,gimp,verdict,gimp_pointer_crosshair,0.63314,0.596381,0.03676,0.908924,d52d6308-ec58-42b7-a2c9-de80e4837b2b
bge-large-en-v1.5,gimp,verdict,gimp_posterize_effect,0.623867,0.622239,0.001628,0.995691,2a729ded-3296-423d-aec4-7dd55ed5fbb3
bge-large-en-v1.5,gimp,verdict,gimp_recent_files_20,0.731373,0.684657,0.046717,0.851854,2e6f678f-472d-4c55-99cc-8e7c5c402a71
bge-large-en-v1.5,gimp,verdict,gimp_red_background_layer,0.752396,0.695253,0.057143,0.81249,734d6579-c07d-47a8-9ae2-13339795476b
bge-large-en-v1.5,gimp,verdict,gimp_reduce_saturation,0.857012,0.823006,0.034006,0.80787,7a4deb26-d57d-4ea9-9a73-630f66a7b568
bge-large-en-v1.5,gimp,verdict,gimp_resize_layer_256,0.805495,0.678332,0.127163,0.604675,d16c99dc-2a1e-46f2-b350-d97c86c85c15
bge-large-en-v1.5,gimp,verdict,gimp_rotate_90_export,0.763704,0.67717,0.086533,0.731953,72f83cdc-bf76-4531-9a1b-eb893a13f8aa
bge-large-en-v1.5,gimp,verdict,gimp_save_project_xcf,0.744217,0.716425,0.027792,0.901995,dbbf4b99-2253-4b10-9274-45f246af2466
bge-large-en-v1.5,gimp,verdict,gimp_scale_image_800x600,0.686392,0.680807,0.005585,0.982503,77b8ab4d-994f-43ac-8930-8ca087d7c4b4
bge-large-en-v1.5,gimp,verdict,gimp_scriptfu_export,0.713835,0.692856,0.02098,0.931695,dbbf4b99-2253-4b10-9274-45f246af2466
bge-large-en-v1.5,gimp,verdict,gimp_selection_feather_25,0.660509,0.655817,0.004691,0.986369,2e6f678f-472d-4c55-99cc-8e7c5c402a71
bge-large-en-v1.5,gimp,verdict,gimp_selection_grow_10,0.668692,0.662512,0.00618,0.981688,8ea73f6f-9689-42ad-8c60-195bbf06a7ba
bge-large-en-v1.5,gimp,verdict,gimp_text_box_right,0.833174,0.633579,0.199595,0.455284,e2dd0213-26db-4349-abe5-d5667bfd725c
bge-large-en-v1.5,gimp,verdict,gimp_toggle_multi_window_mode,0.728437,0.716299,0.012138,0.957215,045bf3ff-9077-4b86-b483-a1040a949cff
bge-large-en-v1.5,gimp,verdict,gimp_toolbox_logo_off,0.645801,0.591407,0.054394,0.866875,d52d6308-ec58-42b7-a2c9-de80e4837b2b
bge-large-en-v1.5,gimp,verdict,gimp_undo_levels_50,0.758292,0.712698,0.045594,0.841305,7b7617bd-57cc-468e-9c91-40c4ec2bcb3d
bge-large-en-v1.5,gimp,verdict,gimp_white_background,0.796497,0.714881,0.081616,0.713746,2a729ded-3296-423d-aec4-7dd55ed5fbb3
bge-large-en-v1.5,gimp,lower,045bf3ff-9077-4b86-b483-a1040a949cff,0.755686,0.736746,0.01894,0.928056,62f7fd55-0687-4a43-b6e1-3eda16fc6252
bge-large-en-v1.5,gimp,lower,06ca5602-62ca-47f6-ad4f-da151cde54cc,0.76906,0.738791,0.030269,0.884119,7767eef2-56a3-4cea-8c9f-48c070c7d65b
bge-large-en-v1.5,gimp,lower,2a729ded-3296-423d-aec4-7dd55ed5fbb3,0.734789,0.708615,0.026174,0.910175,06ca5602-62ca-47f6-ad4f-da151cde54cc
bge-large-en-v1.5,gimp,lower,2e6f678f-472d-4c55-99cc-8e7c5c402a71,0.759573,0.743585,0.015988,0.937646,e19bd559-633b-4b02-940f-d946248f088e
bge-large-en-v1.5,gimp,lower,38f48d40-764e-4e77-a7cf-51dfce880291,0.664031,0.65988,0.004151,0.987796,dbbf4b99-2253-4b10-9274-45f246af2466
bge-large-en-v1.5,gimp,lower,554785e9-4523-4e7a-b8e1-8016f565f56a,0.79748,0.791662,0.005818,0.972074,f723c744-e62c-4ae6-98d1-750d3cd7d79d
bge-large-en-v1.5,gimp,lower,58d3eeeb-e9d0-499f-962e-fd0db2a744d8,0.505144,0.499539,0.005605,0.988801,a746add2-cab0-4740-ac36-c3769d9bfb46
bge-large-en-v1.5,gimp,lower,5ca86c6f-f317-49d8-b6a7-b527541caae8,0.7745,0.67618,0.09832,0.696375,62f7fd55-0687-4a43-b6e1-3eda16fc6252
bge-large-en-v1.5,gimp,lower,62f7fd55-0687-4a43-b6e1-3eda16fc6252,0.7745,0.755686,0.018814,0.922991,5ca86c6f-f317-49d8-b6a7-b527541caae8
bge-large-en-v1.5,gimp,lower,72f83cdc-bf76-4531-9a1b-eb893a13f8aa,0.663166,0.627195,0.03597,0.903514,f4aec372-4fb0-4df5-a52b-79e0e2a5d6ce
bge-large-en-v1.5,gimp,lower,734d6579-c07d-47a8-9ae2-13339795476b,0.715056,0.707279,0.007777,0.973431,06ca5602-62ca-47f6-ad4f-da151cde54cc
bge-large-en-v1.5,gimp,lower,7767eef2-56a3-4cea-8c9f-48c070c7d65b,0.838915,0.76906,0.069855,0.697518,fbb548ca-c2a6-4601-9204-e39a2efc507b
bge-large-en-v1.5,gimp,lower,77b8ab4d-994f-43ac-8930-8ca087d7c4b4,0.726928,0.721255,0.005673,0.979648,62f7fd55-0687-4a43-b6e1-3eda16fc6252
bge-large-en-v1.5,gimp,lower,7a4deb26-d57d-4ea9-9a73-630f66a7b568,0.944297,0.791662,0.152634,0.267371,e19bd559-633b-4b02-940f-d946248f088e
bge-large-en-v1.5,gimp,lower,7b7617bd-57cc-468e-9c91-40c4ec2bcb3d,0.604248,0.547873,0.056375,0.875311,2e6f678f-472d-4c55-99cc-8e7c5c402a71
bge-large-en-v1.5,gimp,lower,8ea73f6f-9689-42ad-8c60-195bbf06a7ba,0.712126,0.711467,0.000659,0.997717,554785e9-4523-4e7a-b8e1-8016f565f56a
bge-large-en-v1.5,gimp,lower,a746add2-cab0-4740-ac36-c3769d9bfb46,0.674793,0.65275,0.022043,0.93652,06ca5602-62ca-47f6-ad4f-da151cde54cc
bge-large-en-v1.5,gimp,lower,b148e375-fe0b-4bec-90e7-38632b0d73c2,0.702802,0.68691,0.015893,0.94924,734d6579-c07d-47a8-9ae2-13339795476b
bge-large-en-v1.5,gimp,lower,d16c99dc-2a1e-46f2-b350-d97c86c85c15,0.708355,0.658134,0.050221,0.853098,8ea73f6f-9689-42ad-8c60-195bbf06a7ba
bge-large-en-v1.5,gimp,lower,d52d6308-ec58-42b7-a2c9-de80e4837b2b,0.728324,0.667153,0.061171,0.816217,e2dd0213-26db-4349-abe5-d5667bfd725c
bge-large-en-v1.5,gimp,lower,dbbf4b99-2253-4b10-9274-45f246af2466,0.736746,0.731203,0.005544,0.979375,045bf3ff-9077-4b86-b483-a1040a949cff
bge-large-en-v1.5,gimp,lower,e19bd559-633b-4b02-940f-d946248f088e,0.944297,0.759573,0.184723,0.231686,7a4deb26-d57d-4ea9-9a73-630f66a7b568
bge-large-en-v1.5,gimp,lower,e2dd0213-26db-4349-abe5-d5667bfd725c,0.728324,0.649612,0.078712,0.775357,d52d6308-ec58-42b7-a2c9-de80e4837b2b
bge-large-en-v1.5,gimp,lower,f4aec372-4fb0-4df5-a52b-79e0e2a5d6ce,0.678924,0.663165,0.015759,0.953216,06ca5602-62ca-47f6-ad4f-da151cde54cc
bge-large-en-v1.5,gimp,lower,f723c744-e62c-4ae6-98d1-750d3cd7d79d,0.79748,0.737573,0.059907,0.771719,554785e9-4523-4e7a-b8e1-8016f565f56a
bge-large-en-v1.5,gimp,lower,fbb548ca-c2a6-4601-9204-e39a2efc507b,0.838915,0.737556,0.10136,0.613785,7767eef2-56a3-4cea-8c9f-48c070c7d65b
bge-large-en-v1.5,gimp,cross_floor,045bf3ff-9077-4b86-b483-a1040a949cff,0.640766,0.635699,0.005067,0.986092,fba2c100-79e8-42df-ae74-b592418d54f4
bge-large-en-v1.5,gimp,cross_floor,06ca5602-62ca-47f6-ad4f-da151cde54cc,0.6821,0.670972,0.011128,0.96618,cb130f0d-d36f-4302-9838-b3baf46139b6
bge-large-en-v1.5,gimp,cross_floor,2a729ded-3296-423d-aec4-7dd55ed5fbb3,0.737894,0.641438,0.096456,0.730991,efcf0d81-0835-4880-b2fd-d866e8bc2294
bge-large-en-v1.5,gimp,cross_floor,2e6f678f-472d-4c55-99cc-8e7c5c402a71,0.692977,0.675836,0.017142,0.947121,cb130f0d-d36f-4302-9838-b3baf46139b6
bge-large-en-v1.5,gimp,cross_floor,38f48d40-764e-4e77-a7cf-51dfce880291,0.710397,0.701266,0.009132,0.969432,aa4b5023-aef6-4ed9-bdc9-705f59ab9ad6
bge-large-en-v1.5,gimp,cross_floor,554785e9-4523-4e7a-b8e1-8016f565f56a,0.675985,0.625455,0.05053,0.865089,cb130f0d-d36f-4302-9838-b3baf46139b6
bge-large-en-v1.5,gimp,cross_floor,58d3eeeb-e9d0-499f-962e-fd0db2a744d8,0.539649,0.490428,0.049221,0.903408,fba2c100-79e8-42df-ae74-b592418d54f4
bge-large-en-v1.5,gimp,cross_floor,5ca86c6f-f317-49d8-b6a7-b527541caae8,0.643345,0.607024,0.036321,0.907574,fba2c100-79e8-42df-ae74-b592418d54f4
bge-large-en-v1.5,gimp,cross_floor,62f7fd55-0687-4a43-b6e1-3eda16fc6252,0.649633,0.642778,0.006855,0.980811,6766f2b8-8a72-417f-a9e5-56fcaa735837
bge-large-en-v1.5,gimp,cross_floor,72f83cdc-bf76-4531-9a1b-eb893a13f8aa,0.624309,0.603242,0.021067,0.946903,efcf0d81-0835-4880-b2fd-d866e8bc2294
bge-large-en-v1.5,gimp,cross_floor,734d6579-c07d-47a8-9ae2-13339795476b,0.628733,0.575783,0.05295,0.875181,efcf0d81-0835-4880-b2fd-d866e8bc2294
bge-large-en-v1.5,gimp,cross_floor,7767eef2-56a3-4cea-8c9f-48c070c7d65b,0.675512,0.656826,0.018685,0.945551,cb130f0d-d36f-4302-9838-b3baf46139b6
bge-large-en-v1.5,gimp,cross_floor,77b8ab4d-994f-43ac-8930-8ca087d7c4b4,0.719819,0.695534,0.024285,0.920236,fba2c100-79e8-42df-ae74-b592418d54f4
bge-large-en-v1.5,gimp,cross_floor,7a4deb26-d57d-4ea9-9a73-630f66a7b568,0.674946,0.624803,0.050143,0.866354,cb130f0d-d36f-4302-9838-b3baf46139b6
bge-large-en-v1.5,gimp,cross_floor,7b7617bd-57cc-468e-9c91-40c4ec2bcb3d,0.544222,0.535826,0.008397,0.98191,99146c54-4f37-4ab8-9327-5f3291665e1e
bge-large-en-v1.5,gimp,cross_floor,8ea73f6f-9689-42ad-8c60-195bbf06a7ba,0.664252,0.634724,0.029528,0.919162,fba2c100-79e8-42df-ae74-b592418d54f4
bge-large-en-v1.5,gimp,cross_floor,a746add2-cab0-4740-ac36-c3769d9bfb46,0.666056,0.665432,0.000624,0.998134,fba2c100-79e8-42df-ae74-b592418d54f4
bge-large-en-v1.5,gimp,cross_floor,b148e375-fe0b-4bec-90e7-38632b0d73c2,0.591008,0.575603,0.015405,0.963701,fba2c100-79e8-42df-ae74-b592418d54f4
bge-large-en-v1.5,gimp,cross_floor,d16c99dc-2a1e-46f2-b350-d97c86c85c15,0.604632,0.60419,0.000443,0.998882,aa4b5023-aef6-4ed9-bdc9-705f59ab9ad6
bge-large-en-v1.5,gimp,cross_floor,d52d6308-ec58-42b7-a2c9-de80e4837b2b,0.660316,0.575608,0.084708,0.800401,215dfd39-f493-4bc3-a027-8a97d72c61bf
bge-large-en-v1.5,gimp,cross_floor,dbbf4b99-2253-4b10-9274-45f246af2466,0.672125,0.659916,0.012209,0.964101,fba2c100-79e8-42df-ae74-b592418d54f4
bge-large-en-v1.5,gimp,cross_floor,e19bd559-633b-4b02-940f-d946248f088e,0.697594,0.677702,0.019891,0.938283,cb130f0d-d36f-4302-9838-b3baf46139b6
bge-large-en-v1.5,gimp,cross_floor,e2dd0213-26db-4349-abe5-d5667bfd725c,0.602285,0.583875,0.01841,0.955758,215dfd39-f493-4bc3-a027-8a97d72c61bf
bge-large-en-v1.5,gimp,cross_floor,f4aec372-4fb0-4df5-a52b-79e0e2a5d6ce,0.596218,0.596217,2e-06,0.999996,efcf0d81-0835-4880-b2fd-d866e8bc2294
bge-large-en-v1.5,gimp,cross_floor,f723c744-e62c-4ae6-98d1-750d3cd7d79d,0.671006,0.608813,0.062193,0.841015,cb130f0d-d36f-4302-9838-b3baf46139b6
bge-large-en-v1.5,gimp,cross_floor,fbb548ca-c2a6-4601-9204-e39a2efc507b,0.613233,0.601491,0.011742,0.970536,d06f0d4d-2cd5-4ede-8de9-598629438c6e
bge-large-en-v1.5,gimp,upper,045bf3ff-9077-4b86-b483-a1040a949cff::v0,0.969269,0.777495,0.191774,0.138116,045bf3ff-9077-4b86-b483-a1040a949cff
bge-large-en-v1.5,gimp,upper,045bf3ff-9077-4b86-b483-a1040a949cff::v1,0.983003,0.769333,0.213669,0.073688,045bf3ff-9077-4b86-b483-a1040a949cff
bge-large-en-v1.5,gimp,upper,045bf3ff-9077-4b86-b483-a1040a949cff::v2,0.953425,0.749565,0.20386,0.185977,045bf3ff-9077-4b86-b483-a1040a949cff
bge-large-en-v1.5,gimp,upper,045bf3ff-9077-4b86-b483-a1040a949cff::v3,0.953568,0.766774,0.186794,0.199087,045bf3ff-9077-4b86-b483-a1040a949cff
bge-large-en-v1.5,gimp,upper,045bf3ff-9077-4b86-b483-a1040a949cff::v4,0.944983,0.726309,0.218675,0.201017,045bf3ff-9077-4b86-b483-a1040a949cff
bge-large-en-v1.5,gimp,upper,06ca5602-62ca-47f6-ad4f-da151cde54cc::v0,0.942709,0.717912,0.224797,0.203096,06ca5602-62ca-47f6-ad4f-da151cde54cc
bge-large-en-v1.5,gimp,upper,06ca5602-62ca-47f6-ad4f-da151cde54cc::v1,0.932383,0.800445,0.131938,0.338839,06ca5602-62ca-47f6-ad4f-da151cde54cc
bge-large-en-v1.5,gimp,upper,06ca5602-62ca-47f6-ad4f-da151cde54cc::v2,0.962288,0.758505,0.203784,0.156158,06ca5602-62ca-47f6-ad4f-da151cde54cc
bge-large-en-v1.5,gimp,upper,06ca5602-62ca-47f6-ad4f-da151cde54cc::v3,0.972044,0.728605,0.24344,0.103007,06ca5602-62ca-47f6-ad4f-da151cde54cc
bge-large-en-v1.5,gimp,upper,06ca5602-62ca-47f6-ad4f-da151cde54cc::v4,0.921238,0.773512,0.147726,0.347753,06ca5602-62ca-47f6-ad4f-da151cde54cc
bge-large-en-v1.5,gimp,upper,2a729ded-3296-423d-aec4-7dd55ed5fbb3::v0,0.941132,0.725314,0.215818,0.21431,2a729ded-3296-423d-aec4-7dd55ed5fbb3
bge-large-en-v1.5,gimp,upper,2a729ded-3296-423d-aec4-7dd55ed5fbb3::v1,0.987005,0.733545,0.253459,0.048772,2a729ded-3296-423d-aec4-7dd55ed5fbb3
bge-large-en-v1.5,gimp,upper,2a729ded-3296-423d-aec4-7dd55ed5fbb3::v2,0.940109,0.771179,0.16893,0.261737,2a729ded-3296-423d-aec4-7dd55ed5fbb3
bge-large-en-v1.5,gimp,upper,2a729ded-3296-423d-aec4-7dd55ed5fbb3::v3,0.96906,0.75448,0.21458,0.126019,2a729ded-3296-423d-aec4-7dd55ed5fbb3
bge-large-en-v1.5,gimp,upper,2a729ded-3296-423d-aec4-7dd55ed5fbb3::v4,0.920338,0.750389,0.16995,0.319143,2a729ded-3296-423d-aec4-7dd55ed5fbb3
bge-large-en-v1.5,gimp,upper,2e6f678f-472d-4c55-99cc-8e7c5c402a71::v0,0.966956,0.745988,0.220968,0.130087,2e6f678f-472d-4c55-99cc-8e7c5c402a71
bge-large-en-v1.5,gimp,upper,2e6f678f-472d-4c55-99cc-8e7c5c402a71::v1,0.947625,0.803936,0.14369,0.267131,2e6f678f-472d-4c55-99cc-8e7c5c402a71
bge-large-en-v1.5,gimp,upper,2e6f678f-472d-4c55-99cc-8e7c5c402a71::v2,0.942072,0.772164,0.169908,0.254252,2e6f678f-472d-4c55-99cc-8e7c5c402a71
bge-large-en-v1.5,gimp,upper,2e6f678f-472d-4c55-99cc-8e7c5c402a71::v3,0.977122,0.723529,0.253593,0.082749,2e6f678f-472d-4c55-99cc-8e7c5c402a71
bge-large-en-v1.5,gimp,upper,2e6f678f-472d-4c55-99cc-8e7c5c402a71::v4,0.919897,0.74375,0.176147,0.312597,2e6f678f-472d-4c55-99cc-8e7c5c402a71
bge-large-en-v1.5,gimp,upper,38f48d40-764e-4e77-a7cf-51dfce880291::v0,0.940123,0.649009,0.291114,0.170594,38f48d40-764e-4e77-a7cf-51dfce880291
bge-large-en-v1.5,gimp,upper,38f48d40-764e-4e77-a7cf-51dfce880291::v1,0.973522,0.688074,0.285448,0.084886,38f48d40-764e-4e77-a7cf-51dfce880291
bge-large-en-v1.5,gimp,upper,38f48d40-764e-4e77-a7cf-51dfce880291::v2,0.96213,0.671421,0.29071,0.115253,38f48d40-764e-4e77-a7cf-51dfce880291
bge-large-en-v1.5,gimp,upper,38f48d40-764e-4e77-a7cf-51dfce880291::v3,0.96563,0.699825,0.265806,0.114499,38f48d40-764e-4e77-a7cf-51dfce880291
bge-large-en-v1.5,gimp,upper,38f48d40-764e-4e77-a7cf-51dfce880291::v4,0.910459,0.707676,0.202784,0.306306,38f48d40-764e-4e77-a7cf-51dfce880291
bge-large-en-v1.5,gimp,upper,554785e9-4523-4e7a-b8e1-8016f565f56a::v0,0.942181,0.768372,0.17381,0.249618,554785e9-4523-4e7a-b8e1-8016f565f56a
bge-large-en-v1.5,gimp,upper,554785e9-4523-4e7a-b8e1-8016f565f56a::v1,0.957674,0.830574,0.1271,0.249819,554785e9-4523-4e7a-b8e1-8016f565f56a
bge-large-en-v1.5,gimp,upper,554785e9-4523-4e7a-b8e1-8016f565f56a::v2,0.965121,0.789796,0.175325,0.16593,554785e9-4523-4e7a-b8e1-8016f565f56a
bge-large-en-v1.5,gimp,upper,554785e9-4523-4e7a-b8e1-8016f565f56a::v3,0.986733,0.789178,0.197556,0.062929,554785e9-4523-4e7a-b8e1-8016f565f56a
bge-large-en-v1.5,gimp,upper,554785e9-4523-4e7a-b8e1-8016f565f56a::v4,0.896846,0.817836,0.079009,0.566272,554785e9-4523-4e7a-b8e1-8016f565f56a
bge-large-en-v1.5,gimp,upper,58d3eeeb-e9d0-499f-962e-fd0db2a744d8::v0,0.976774,0.553277,0.423496,0.051993,58d3eeeb-e9d0-499f-962e-fd0db2a744d8
bge-large-en-v1.5,gimp,upper,58d3eeeb-e9d0-499f-962e-fd0db2a744d8::v1,0.935467,0.554874,0.380593,0.144977,58d3eeeb-e9d0-499f-962e-fd0db2a744d8
bge-large-en-v1.5,gimp,upper,58d3eeeb-e9d0-499f-962e-fd0db2a744d8::v2,0.935583,0.586025,0.349558,0.155605,58d3eeeb-e9d0-499f-962e-fd0db2a744d8
bge-large-en-v1.5,gimp,upper,58d3eeeb-e9d0-499f-962e-fd0db2a744d8::v3,0.973477,0.511127,0.462351,0.054253,58d3eeeb-e9d0-499f-962e-fd0db2a744d8
bge-large-en-v1.5,gimp,upper,58d3eeeb-e9d0-499f-962e-fd0db2a744d8::v4,0.924984,0.565347,0.359637,0.172589,58d3eeeb-e9d0-499f-962e-fd0db2a744d8
bge-large-en-v1.5,gimp,upper,5ca86c6f-f317-49d8-b6a7-b527541caae8::v0,0.945807,0.731082,0.214725,0.201523,5ca86c6f-f317-49d8-b6a7-b527541caae8
bge-large-en-v1.5,gimp,upper,5ca86c6f-f317-49d8-b6a7-b527541caae8::v1,0.958928,0.809919,0.149009,0.216075,5ca86c6f-f317-49d8-b6a7-b527541caae8
bge-large-en-v1.5,gimp,upper,5ca86c6f-f317-49d8-b6a7-b527541caae8::v2,0.960265,0.792613,0.167652,0.191598,5ca86c6f-f317-49d8-b6a7-b527541caae8
bge-large-en-v1.5,gimp,upper,5ca86c6f-f317-49d8-b6a7-b527541caae8::v3,0.955394,0.721225,0.234169,0.160006,5ca86c6f-f317-49d8-b6a7-b527541caae8
bge-large-en-v1.5,gimp,upper,5ca86c6f-f317-49d8-b6a7-b527541caae8::v4,0.959247,0.775221,0.184026,0.181304,5ca86c6f-f317-49d8-b6a7-b527541caae8
bge-large-en-v1.5,gimp,upper,62f7fd55-0687-4a43-b6e1-3eda16fc6252::v0,0.963788,0.746538,0.21725,0.14287,62f7fd55-0687-4a43-b6e1-3eda16fc6252
bge-large-en-v1.5,gimp,upper,62f7fd55-0687-4a43-b6e1-3eda16fc6252::v1,0.984474,0.780674,0.2038,0.070789,62f7fd55-0687-4a43-b6e1-3eda16fc6252
bge-large-en-v1.5,gimp,upper,62f7fd55-0687-4a43-b6e1-3eda16fc6252::v2,0.975311,0.769421,0.20589,0.107074,62f7fd55-0687-4a43-b6e1-3eda16fc6252
bge-large-en-v1.5,gimp,upper,62f7fd55-0687-4a43-b6e1-3eda16fc6252::v3,0.952928,0.767157,0.185771,0.202161,62f7fd55-0687-4a43-b6e1-3eda16fc6252
bge-large-en-v1.5,gimp,upper,62f7fd55-0687-4a43-b6e1-3eda16fc6252::v4,0.95078,0.764262,0.186518,0.208791,62f7fd55-0687-4a43-b6e1-3eda16fc6252
bge-large-en-v1.5,gimp,upper,72f83cdc-bf76-4531-9a1b-eb893a13f8aa::v0,0.960433,0.63992,0.320513,0.109884,72f83cdc-bf76-4531-9a1b-eb893a13f8aa
bge-large-en-v1.5,gimp,upper,72f83cdc-bf76-4531-9a1b-eb893a13f8aa::v1,0.972233,0.655969,0.316264,0.080712,72f83cdc-bf76-4531-9a1b-eb893a13f8aa
bge-large-en-v1.5,gimp,upper,72f83cdc-bf76-4531-9a1b-eb893a13f8aa::v2,0.910729,0.629045,0.281684,0.240652,72f83cdc-bf76-4531-9a1b-eb893a13f8aa
bge-large-en-v1.5,gimp,upper,72f83cdc-bf76-4531-9a1b-eb893a13f8aa::v3,0.992449,0.65982,0.332629,0.022198,72f83cdc-bf76-4531-9a1b-eb893a13f8aa
bge-large-en-v1.5,gimp,upper,72f83cdc-bf76-4531-9a1b-eb893a13f8aa::v4,0.886754,0.60183,0.284924,0.284416,72f83cdc-bf76-4531-9a1b-eb893a13f8aa
bge-large-en-v1.5,gimp,upper,734d6579-c07d-47a8-9ae2-13339795476b::v0,0.947372,0.698464,0.248908,0.174534,734d6579-c07d-47a8-9ae2-13339795476b
bge-large-en-v1.5,gimp,upper,734d6579-c07d-47a8-9ae2-13339795476b::v1,0.976553,0.748023,0.22853,0.093052,734d6579-c07d-47a8-9ae2-13339795476b
bge-large-en-v1.5,gimp,upper,734d6579-c07d-47a8-9ae2-13339795476b::v2,0.953676,0.723098,0.230578,0.167294,734d6579-c07d-47a8-9ae2-13339795476b
bge-large-en-v1.5,gimp,upper,734d6579-c07d-47a8-9ae2-13339795476b::v3,0.954612,0.709228,0.245384,0.156094,734d6579-c07d-47a8-9ae2-13339795476b
bge-large-en-v1.5,gimp,upper,734d6579-c07d-47a8-9ae2-13339795476b::v4,0.914902,0.683675,0.231227,0.269022,734d6579-c07d-47a8-9ae2-13339795476b
bge-large-en-v1.5,gimp,upper,7767eef2-56a3-4cea-8c9f-48c070c7d65b::v0,0.933203,0.792659,0.140544,0.322162,7767eef2-56a3-4cea-8c9f-48c070c7d65b
bge-large-en-v1.5,gimp,upper,7767eef2-56a3-4cea-8c9f-48c070c7d65b::v1,0.975325,0.853509,0.121816,0.168439,7767eef2-56a3-4cea-8c9f-48c070c7d65b
bge-large-en-v1.5,gimp,upper,7767eef2-56a3-4cea-8c9f-48c070c7d65b::v2,0.97443,0.840527,0.133904,0.160338,7767eef2-56a3-4cea-8c9f-48c070c7d65b
bge-large-en-v1.5,gimp,upper,7767eef2-56a3-4cea-8c9f-48c070c7d65b::v3,0.937575,0.808903,0.128671,0.326669,7767eef2-56a3-4cea-8c9f-48c070c7d65b
bge-large-en-v1.5,gimp,upper,7767eef2-56a3-4cea-8c9f-48c070c7d65b::v4,0.911842,0.790747,0.121095,0.421299,7767eef2-56a3-4cea-8c9f-48c070c7d65b
bge-large-en-v1.5,gimp,upper,77b8ab4d-994f-43ac-8930-8ca087d7c4b4::v0,0.951232,0.751297,0.199935,0.196089,77b8ab4d-994f-43ac-8930-8ca087d7c4b4
bge-large-en-v1.5,gimp,upper,77b8ab4d-994f-43ac-8930-8ca087d7c4b4::v1,0.985775,0.737649,0.248126,0.054223,77b8ab4d-994f-43ac-8930-8ca087d7c4b4
bge-large-en-v1.5,gimp,upper,77b8ab4d-994f-43ac-8930-8ca087d7c4b4::v2,0.945705,0.705071,0.240633,0.184097,77b8ab4d-994f-43ac-8930-8ca087d7c4b4
bge-large-en-v1.5,gimp,upper,77b8ab4d-994f-43ac-8930-8ca087d7c4b4::v3,0.947681,0.713133,0.234548,0.182382,77b8ab4d-994f-43ac-8930-8ca087d7c4b4
bge-large-en-v1.5,gimp,upper,77b8ab4d-994f-43ac-8930-8ca087d7c4b4::v4,0.951093,0.700478,0.250615,0.163283,77b8ab4d-994f-43ac-8930-8ca087d7c4b4
bge-large-en-v1.5,gimp,upper,7a4deb26-d57d-4ea9-9a73-630f66a7b568::v0,0.942824,0.905797,0.037028,0.606938,7a4deb26-d57d-4ea9-9a73-630f66a7b568
bge-large-en-v1.5,gimp,upper,7a4deb26-d57d-4ea9-9a73-630f66a7b568::v1,0.980113,0.922474,0.057639,0.256516,7a4deb26-d57d-4ea9-9a73-630f66a7b568
bge-large-en-v1.5,gimp,upper,7a4deb26-d57d-4ea9-9a73-630f66a7b568::v2,0.960857,0.908558,0.052299,0.428063,7a4deb26-d57d-4ea9-9a73-630f66a7b568
bge-large-en-v1.5,gimp,upper,7a4deb26-d57d-4ea9-9a73-630f66a7b568::v3,0.963115,0.908257,0.054858,0.402048,7a4deb26-d57d-4ea9-9a73-630f66a7b568
bge-large-en-v1.5,gimp,upper,7a4deb26-d57d-4ea9-9a73-630f66a7b568::v4,0.954752,0.912804,0.041948,0.518919,7a4deb26-d57d-4ea9-9a73-630f66a7b568
bge-large-en-v1.5,gimp,upper,7b7617bd-57cc-468e-9c91-40c4ec2bcb3d::v0,0.958638,0.657164,0.301473,0.120648,7b7617bd-57cc-468e-9c91-40c4ec2bcb3d
bge-large-en-v1.5,gimp,upper,7b7617bd-57cc-468e-9c91-40c4ec2bcb3d::v1,0.93316,0.633375,0.299785,0.182311,7b7617bd-57cc-468e-9c91-40c4ec2bcb3d
bge-large-en-v1.5,gimp,upper,7b7617bd-57cc-468e-9c91-40c4ec2bcb3d::v2,0.955507,0.617781,0.337726,0.116407,7b7617bd-57cc-468e-9c91-40c4ec2bcb3d
bge-large-en-v1.5,gimp,upper,7b7617bd-57cc-468e-9c91-40c4ec2bcb3d::v3,0.946295,0.59417,0.352124,0.132335,7b7617bd-57cc-468e-9c91-40c4ec2bcb3d
bge-large-en-v1.5,gimp,upper,7b7617bd-57cc-468e-9c91-40c4ec2bcb3d::v4,0.928452,0.607249,0.321203,0.182171,7b7617bd-57cc-468e-9c91-40c4ec2bcb3d
bge-large-en-v1.5,gimp,upper,8ea73f6f-9689-42ad-8c60-195bbf06a7ba::v0,0.933483,0.694194,0.239289,0.217515,8ea73f6f-9689-42ad-8c60-195bbf06a7ba
bge-large-en-v1.5,gimp,upper,8ea73f6f-9689-42ad-8c60-195bbf06a7ba::v1,0.948418,0.74595,0.202468,0.203038,8ea73f6f-9689-42ad-8c60-195bbf06a7ba
bge-large-en-v1.5,gimp,upper,8ea73f6f-9689-42ad-8c60-195bbf06a7ba::v2,0.918299,0.728738,0.189561,0.301189,8ea73f6f-9689-42ad-8c60-195bbf06a7ba
bge-large-en-v1.5,gimp,upper,8ea73f6f-9689-42ad-8c60-195bbf06a7ba::v3,0.909967,0.690651,0.219316,0.291041,8ea73f6f-9689-42ad-8c60-195bbf06a7ba
bge-large-en-v1.5,gimp,upper,8ea73f6f-9689-42ad-8c60-195bbf06a7ba::v4,0.9598,0.732573,0.227227,0.15032,8ea73f6f-9689-42ad-8c60-195bbf06a7ba
bge-large-en-v1.5,gimp,upper,a746add2-cab0-4740-ac36-c3769d9bfb46::v0,0.937101,0.615821,0.32128,0.163724,a746add2-cab0-4740-ac36-c3769d9bfb46
bge-large-en-v1.5,gimp,upper,a746add2-cab0-4740-ac36-c3769d9bfb46::v1,0.966722,0.686108,0.280614,0.106018,a746add2-cab0-4740-ac36-c3769d9bfb46
bge-large-en-v1.5,gimp,upper,a746add2-cab0-4740-ac36-c3769d9bfb46::v2,0.968994,0.63614,0.332854,0.085215,a746add2-cab0-4740-ac36-c3769d9bfb46
bge-large-en-v1.5,gimp,upper,a746add2-cab0-4740-ac36-c3769d9bfb46::v3,0.889981,0.587714,0.302268,0.266851,a746add2-cab0-4740-ac36-c3769d9bfb46
bge-large-en-v1.5,gimp,upper,a746add2-cab0-4740-ac36-c3769d9bfb46::v4,0.957594,0.679579,0.278015,0.132345,a746add2-cab0-4740-ac36-c3769d9bfb46
bge-large-en-v1.5,gimp,upper,b148e375-fe0b-4bec-90e7-38632b0d73c2::v0,0.947762,0.66155,0.286212,0.154344,b148e375-fe0b-4bec-90e7-38632b0d73c2
bge-large-en-v1.5,gimp,upper,b148e375-fe0b-4bec-90e7-38632b0d73c2::v1,0.978904,0.717205,0.261699,0.074599,b148e375-fe0b-4bec-90e7-38632b0d73c2
bge-large-en-v1.5,gimp,upper,b148e375-fe0b-4bec-90e7-38632b0d73c2::v2,0.944799,0.653898,0.290902,0.159493,b148e375-fe0b-4bec-90e7-38632b0d73c2
bge-large-en-v1.5,gimp,upper,b148e375-fe0b-4bec-90e7-38632b0d73c2::v3,0.920106,0.648323,0.271783,0.227181,b148e375-fe0b-4bec-90e7-38632b0d73c2
bge-large-en-v1.5,gimp,upper,b148e375-fe0b-4bec-90e7-38632b0d73c2::v4,0.923924,0.721139,0.202785,0.272809,b148e375-fe0b-4bec-90e7-38632b0d73c2
bge-large-en-v1.5,gimp,upper,d16c99dc-2a1e-46f2-b350-d97c86c85c15::v0,0.917241,0.663184,0.254057,0.245709,d16c99dc-2a1e-46f2-b350-d97c86c85c15
bge-large-en-v1.5,gimp,upper,d16c99dc-2a1e-46f2-b350-d97c86c85c15::v1,0.962492,0.72914,0.233353,0.138476,d16c99dc-2a1e-46f2-b350-d97c86c85c15
bge-large-en-v1.5,gimp,upper,d16c99dc-2a1e-46f2-b350-d97c86c85c15::v2,0.941604,0.714903,0.226701,0.204829,d16c99dc-2a1e-46f2-b350-d97c86c85c15
bge-large-en-v1.5,gimp,upper,d16c99dc-2a1e-46f2-b350-d97c86c85c15::v3,0.885953,0.638318,0.247635,0.315323,d16c99dc-2a1e-46f2-b350-d97c86c85c15
bge-large-en-v1.5,gimp,upper,d16c99dc-2a1e-46f2-b350-d97c86c85c15::v4,0.910885,0.690263,0.220622,0.287713,d16c99dc-2a1e-46f2-b350-d97c86c85c15
bge-large-en-v1.5,gimp,upper,d52d6308-ec58-42b7-a2c9-de80e4837b2b::v0,0.9537,0.694314,0.259386,0.151463,d52d6308-ec58-42b7-a2c9-de80e4837b2b
bge-large-en-v1.5,gimp,upper,d52d6308-ec58-42b7-a2c9-de80e4837b2b::v1,0.993229,0.731317,0.261913,0.025199,d52d6308-ec58-42b7-a2c9-de80e4837b2b
bge-large-en-v1.5,gimp,upper,d52d6308-ec58-42b7-a2c9-de80e4837b2b::v2,0.974687,0.711659,0.263028,0.08779,d52d6308-ec58-42b7-a2c9-de80e4837b2b
bge-large-en-v1.5,gimp,upper,d52d6308-ec58-42b7-a2c9-de80e4837b2b::v3,0.9408,0.701089,0.239711,0.198051,d52d6308-ec58-42b7-a2c9-de80e4837b2b
bge-large-en-v1.5,gimp,upper,d52d6308-ec58-42b7-a2c9-de80e4837b2b::v4,0.932181,0.695988,0.236192,0.223081,d52d6308-ec58-42b7-a2c9-de80e4837b2b
bge-large-en-v1.5,gimp,upper,dbbf4b99-2253-4b10-9274-45f246af2466::v0,0.955108,0.733437,0.22167,0.168411,dbbf4b99-2253-4b10-9274-45f246af2466
bge-large-en-v1.5,gimp,upper,dbbf4b99-2253-4b10-9274-45f246af2466::v1,0.925785,0.764777,0.161007,0.31551,dbbf4b99-2253-4b10-9274-45f246af2466
bge-large-en-v1.5,gimp,upper,dbbf4b99-2253-4b10-9274-45f246af2466::v2,0.959267,0.737849,0.221418,0.155381,dbbf4b99-2253-4b10-9274-45f246af2466
bge-large-en-v1.5,gimp,upper,dbbf4b99-2253-4b10-9274-45f246af2466::v3,0.963041,0.750421,0.21262,0.148085,dbbf4b99-2253-4b10-9274-45f246af2466
bge-large-en-v1.5,gimp,upper,dbbf4b99-2253-4b10-9274-45f246af2466::v4,0.952819,0.761185,0.191634,0.197563,dbbf4b99-2253-4b10-9274-45f246af2466
bge-large-en-v1.5,gimp,upper,e19bd559-633b-4b02-940f-d946248f088e::v0,0.965995,0.903965,0.06203,0.354087,e19bd559-633b-4b02-940f-d946248f088e
bge-large-en-v1.5,gimp,upper,e19bd559-633b-4b02-940f-d946248f088e::v1,0.967689,0.913369,0.05432,0.372976,e19bd559-633b-4b02-940f-d946248f088e
bge-large-en-v1.5,gimp,upper,e19bd559-633b-4b02-940f-d946248f088e::v2,0.947177,0.883316,0.063861,0.452702,e19bd559-633b-4b02-940f-d946248f088e
bge-large-en-v1.5,gimp,upper,e19bd559-633b-4b02-940f-d946248f088e::v3,0.96013,0.91293,0.0472,0.457907,e19bd559-633b-4b02-940f-d946248f088e
bge-large-en-v1.5,gimp,upper,e19bd559-633b-4b02-940f-d946248f088e::v4,0.965317,0.892975,0.072342,0.324063,e19bd559-633b-4b02-940f-d946248f088e
bge-large-en-v1.5,gimp,upper,e2dd0213-26db-4349-abe5-d5667bfd725c::v0,0.908779,0.698494,0.210284,0.302553,e2dd0213-26db-4349-abe5-d5667bfd725c
bge-large-en-v1.5,gimp,upper,e2dd0213-26db-4349-abe5-d5667bfd725c::v1,0.958274,0.747529,0.210746,0.165268,e2dd0213-26db-4349-abe5-d5667bfd725c
bge-large-en-v1.5,gimp,upper,e2dd0213-26db-4349-abe5-d5667bfd725c::v2,0.963742,0.708621,0.255121,0.124437,e2dd0213-26db-4349-abe5-d5667bfd725c
bge-large-en-v1.5,gimp,upper,e2dd0213-26db-4349-abe5-d5667bfd725c::v3,0.913061,0.683947,0.229113,0.275078,e2dd0213-26db-4349-abe5-d5667bfd725c
bge-large-en-v1.5,gimp,upper,e2dd0213-26db-4349-abe5-d5667bfd725c::v4,0.929151,0.690261,0.23889,0.228739,e2dd0213-26db-4349-abe5-d5667bfd725c
bge-large-en-v1.5,gimp,upper,f4aec372-4fb0-4df5-a52b-79e0e2a5d6ce::v0,0.946692,0.687672,0.25902,0.17068,f4aec372-4fb0-4df5-a52b-79e0e2a5d6ce
bge-large-en-v1.5,gimp,upper,f4aec372-4fb0-4df5-a52b-79e0e2a5d6ce::v1,0.964088,0.692051,0.272037,0.116617,f4aec372-4fb0-4df5-a52b-79e0e2a5d6ce
bge-large-en-v1.5,gimp,upper,f4aec372-4fb0-4df5-a52b-79e0e2a5d6ce::v2,0.958619,0.680847,0.277772,0.129658,f4aec372-4fb0-4df5-a52b-79e0e2a5d6ce
bge-large-en-v1.5,gimp,upper,f4aec372-4fb0-4df5-a52b-79e0e2a5d6ce::v3,0.93386,0.666115,0.267745,0.198093,f4aec372-4fb0-4df5-a52b-79e0e2a5d6ce
bge-large-en-v1.5,gimp,upper,f4aec372-4fb0-4df5-a52b-79e0e2a5d6ce::v4,0.903354,0.687644,0.215711,0.309408,f4aec372-4fb0-4df5-a52b-79e0e2a5d6ce
bge-large-en-v1.5,gimp,upper,f723c744-e62c-4ae6-98d1-750d3cd7d79d::v0,0.906131,0.759757,0.146375,0.390723,f723c744-e62c-4ae6-98d1-750d3cd7d79d
bge-large-en-v1.5,gimp,upper,f723c744-e62c-4ae6-98d1-750d3cd7d79d::v1,0.921411,0.80364,0.117771,0.400228,f723c744-e62c-4ae6-98d1-750d3cd7d79d
bge-large-en-v1.5,gimp,upper,f723c744-e62c-4ae6-98d1-750d3cd7d79d::v2,0.930689,0.814341,0.116348,0.373324,f723c744-e62c-4ae6-98d1-750d3cd7d79d
bge-large-en-v1.5,gimp,upper,f723c744-e62c-4ae6-98d1-750d3cd7d79d::v3,0.908122,0.73053,0.177591,0.34096,f723c744-e62c-4ae6-98d1-750d3cd7d79d
bge-large-en-v1.5,gimp,upper,f723c744-e62c-4ae6-98d1-750d3cd7d79d::v4,0.875331,0.792685,0.082647,0.601348,f723c744-e62c-4ae6-98d1-750d3cd7d79d
bge-large-en-v1.5,gimp,upper,fbb548ca-c2a6-4601-9204-e39a2efc507b::v0,0.937259,0.842946,0.094313,0.399485,fbb548ca-c2a6-4601-9204-e39a2efc507b
bge-large-en-v1.5,gimp,upper,fbb548ca-c2a6-4601-9204-e39a2efc507b::v1,0.962117,0.854878,0.107239,0.261043,fbb548ca-c2a6-4601-9204-e39a2efc507b
bge-large-en-v1.5,gimp,upper,fbb548ca-c2a6-4601-9204-e39a2efc507b::v2,0.940564,0.834175,0.106389,0.358425,fbb548ca-c2a6-4601-9204-e39a2efc507b
bge-large-en-v1.5,gimp,upper,fbb548ca-c2a6-4601-9204-e39a2efc507b::v3,0.970238,0.870963,0.099274,0.23065,fbb548ca-c2a6-4601-9204-e39a2efc507b
bge-large-en-v1.5,gimp,upper,fbb548ca-c2a6-4601-9204-e39a2efc507b::v4,0.924843,0.817918,0.106926,0.412762,fbb548ca-c2a6-4601-9204-e39a2efc507b
bge-large-en-v1.5,vlc,verdict,vlc_always_start_fullscreen,0.84578,0.729527,0.116253,0.570187,8d9fd4e2-6fdb-46b0-b9b9-02f06495c62f
bge-large-en-v1.5,vlc,verdict,vlc_audio_desync_200ms,0.654869,0.64762,0.007249,0.979428,9195653c-f4aa-453d-aa95-787f6ccfaae9
bge-large-en-v1.5,vlc,verdict,vlc_audio_visualization,0.717047,0.688202,0.028845,0.907487,59f21cfb-0120-4326-b255-a5b827b38967
bge-large-en-v1.5,vlc,verdict,vlc_bgcone_expand,0.680743,0.655815,0.024927,0.927576,efcf0d81-0835-4880-b2fd-d866e8bc2294
bge-large-en-v1.5,vlc,verdict,vlc_boost_saturation,0.767326,0.671217,0.096108,0.707684,cb130f0d-d36f-4302-9838-b3baf46139b6
bge-large-en-v1.5,vlc,verdict,vlc_convert_flac,0.665912,0.663637,0.002275,0.993238,59f21cfb-0120-4326-b255-a5b827b38967
bge-large-en-v1.5,vlc,verdict,vlc_convert_ogg,0.71798,0.715321,0.002659,0.990659,59f21cfb-0120-4326-b255-a5b827b38967
bge-large-en-v1.5,vlc,verdict,vlc_crop_top_100,0.693195,0.668423,0.024772,0.92529,efcf0d81-0835-4880-b2fd-d866e8bc2294
bge-large-en-v1.5,vlc,verdict,vlc_default_aspect_16_9,0.702654,0.693573,0.009081,0.970364,efcf0d81-0835-4880-b2fd-d866e8bc2294
bge-large-en-v1.5,vlc,verdict,vlc_deinterlace_yadif,0.587582,0.582812,0.00477,0.988567,a5bbbcd5-b398-4c91-83d4-55e1e31bbb81
bge-large-en-v1.5,vlc,verdict,vlc_disable_hw_decoding,0.646217,0.621597,0.02462,0.934937,efcf0d81-0835-4880-b2fd-d866e8bc2294
bge-large-en-v1.5,vlc,verdict,vlc_edit_track_metadata,0.674142,0.66418,0.009961,0.970337,fba2c100-79e8-42df-ae74-b592418d54f4
bge-large-en-v1.5,vlc,verdict,vlc_equalizer_rock_preset,0.597963,0.554943,0.043021,0.903337,cb130f0d-d36f-4302-9838-b3baf46139b6
bge-large-en-v1.5,vlc,verdict,vlc_global_volume_hotkey,0.66179,0.647259,0.014531,0.958804,a5bbbcd5-b398-4c91-83d4-55e1e31bbb81
bge-large-en-v1.5,vlc,verdict,vlc_headphone_surround,0.653484,0.652838,0.000646,0.998139,cb130f0d-d36f-4302-9838-b3baf46139b6
bge-large-en-v1.5,vlc,verdict,vlc_hide_title_filename,0.75308,0.685569,0.067511,0.785291,a5bbbcd5-b398-4c91-83d4-55e1e31bbb81
bge-large-en-v1.5,vlc,verdict,vlc_hide_title_on_video,0.695298,0.672603,0.022694,0.930683,a5bbbcd5-b398-4c91-83d4-55e1e31bbb81
bge-large-en-v1.5,vlc,verdict,vlc_loop_current_video,0.760168,0.738873,0.021295,0.918448,5ac2891a-eacd-4954-b339-98abba077adb
bge-large-en-v1.5,vlc,verdict,vlc_loop_music_video,0.785472,0.730864,0.054608,0.7971,59f21cfb-0120-4326-b255-a5b827b38967
bge-large-en-v1.5,vlc,verdict,vlc_loop_whole_playlist,0.676428,0.663037,0.013392,0.960257,8d9fd4e2-6fdb-46b0-b9b9-02f06495c62f
bge-large-en-v1.5,vlc,verdict,vlc_marquee_overlay_text,0.634884,0.600596,0.034288,0.914153,fba2c100-79e8-42df-ae74-b592418d54f4
bge-large-en-v1.5,vlc,verdict,vlc_max_volume_150,0.785169,0.663815,0.121354,0.639027,9195653c-f4aa-453d-aa95-787f6ccfaae9
bge-large-en-v1.5,vlc,verdict,vlc_metadata_network_on,0.706285,0.647689,0.058595,0.833683,59f21cfb-0120-4326-b255-a5b827b38967
bge-large-en-v1.5,vlc,verdict,vlc_mirror_video_hflip,0.707119,0.679679,0.02744,0.914337,efcf0d81-0835-4880-b2fd-d866e8bc2294
bge-large-en-v1.5,vlc,verdict,vlc_network_caching_1500,0.555652,0.547197,0.008456,0.981326,a5bbbcd5-b398-4c91-83d4-55e1e31bbb81
bge-large-en-v1.5,vlc,verdict,vlc_never_resume_playback,0.726802,0.717005,0.009796,0.965384,a5bbbcd5-b398-4c91-83d4-55e1e31bbb81
bge-large-en-v1.5,vlc,verdict,vlc_no_track_change_popup,0.683797,0.655474,0.028323,0.917792,a5bbbcd5-b398-4c91-83d4-55e1e31bbb81
bge-large-en-v1.5,vlc,verdict,vlc_no_window_autoresize,0.756043,0.715572,0.040471,0.85771,8d9fd4e2-6fdb-46b0-b9b9-02f06495c62f
bge-large-en-v1.5,vlc,verdict,vlc_pause_on_minimize,0.757302,0.731871,0.025431,0.905155,a5bbbcd5-b398-4c91-83d4-55e1e31bbb81
bge-large-en-v1.5,vlc,verdict,vlc_recordings_folder_videos,0.818222,0.698467,0.119755,0.602845,8ba5ae7a-5ae5-4eab-9fcc-5dd4fe3abf89
bge-large-en-v1.5,vlc,verdict,vlc_remap_snapshot_hotkey,0.61314,0.606823,0.006317,0.983934,fba2c100-79e8-42df-ae74-b592418d54f4
bge-large-en-v1.5,vlc,verdict,vlc_replay_gain_track,0.589697,0.581307,0.00839,0.979961,9195653c-f4aa-453d-aa95-787f6ccfaae9
bge-large-en-v1.5,vlc,verdict,vlc_rotate_video_clockwise,0.740426,0.709356,0.03107,0.893099,aa4b5023-aef6-4ed9-bdc9-705f59ab9ad6
bge-large-en-v1.5,vlc,verdict,vlc_sepia_effect_on,0.771044,0.753675,0.017369,0.929489,cb130f0d-d36f-4302-9838-b3baf46139b6
bge-large-en-v1.5,vlc,verdict,vlc_sharpen_video,0.682814,0.620007,0.062808,0.834714,cb130f0d-d36f-4302-9838-b3baf46139b6
bge-large-en-v1.5,vlc,verdict,vlc_shuffle_by_default,0.651622,0.649893,0.001729,0.99506,59f21cfb-0120-4326-b255-a5b827b38967
bge-large-en-v1.5,vlc,verdict,vlc_single_instance_reuse,0.711067,0.67904,0.032028,0.900213,f3977615-2b45-4ac5-8bba-80c17dbe2a37
bge-large-en-v1.5,vlc,verdict,vlc_slider_color_red,0.837761,0.682824,0.154937,0.511512,d06f0d4d-2cd5-4ede-8de9-598629438c6e
bge-large-en-v1.5,vlc,verdict,vlc_snap_scene_jpg,0.784513,0.729999,0.054514,0.798097,fba2c100-79e8-42df-ae74-b592418d54f4
bge-large-en-v1.5,vlc,verdict,vlc_snapshot_prefix_shot,0.680198,0.617902,0.062295,0.836965,8ba5ae7a-5ae5-4eab-9fcc-5dd4fe3abf89
bge-large-en-v1.5,vlc,verdict,vlc_spatializer_on,0.642915,0.640981,0.001935,0.994611,efcf0d81-0835-4880-b2fd-d866e8bc2294
bge-large-en-v1.5,vlc,verdict,vlc_stream_url,0.780579,0.721469,0.059111,0.787778,bba3381f-b5eb-4439-bd9e-80c22218d5a7
bge-large-en-v1.5,vlc,verdict,vlc_subtitle_encoding_cp949,0.550685,0.547279,0.003406,0.992476,aa4b5023-aef6-4ed9-bdc9-705f59ab9ad6
bge-large-en-v1.5,vlc,verdict,vlc_subtitle_force_bold,0.621455,0.616713,0.004741,0.98763,cb130f0d-d36f-4302-9838-b3baf46139b6
bge-large-en-v1.5,vlc,verdict,vlc_subtitle_yellow,0.597123,0.587445,0.009678,0.976541,d06f0d4d-2cd5-4ede-8de9-598629438c6e
bge-large-en-v1.5,vlc,verdict,vlc_transcode_mp4,0.687058,0.675414,0.011644,0.964127,fba2c100-79e8-42df-ae74-b592418d54f4
bge-large-en-v1.5,vlc,verdict,vlc_volume_normalizer_on,0.739311,0.68214,0.057171,0.820137,9195653c-f4aa-453d-aa95-787f6ccfaae9
bge-large-en-v1.5,vlc,verdict,vlc_wallpaper_fit_screen,0.820068,0.766444,0.053624,0.7704,efcf0d81-0835-4880-b2fd-d866e8bc2294
bge-large-en-v1.5,vlc,lower,215dfd39-f493-4bc3-a027-8a97d72c61bf,0.63432,0.629336,0.004984,0.986554,d06f0d4d-2cd5-4ede-8de9-598629438c6e
bge-large-en-v1.5,vlc,lower,386dbd0e-0241-4a0a-b6a2-6704fba26b1c,0.702656,0.696066,0.00659,0.978318,a5bbbcd5-b398-4c91-83d4-55e1e31bbb81
bge-large-en-v1.5,vlc,lower,59f21cfb-0120-4326-b255-a5b827b38967,0.752189,0.733642,0.018548,0.930366,8f080098-ddb1-424c-b438-4e96e5e4786e
bge-large-en-v1.5,vlc,lower,5ac2891a-eacd-4954-b339-98abba077adb,0.724991,0.709318,0.015673,0.946083,a5bbbcd5-b398-4c91-83d4-55e1e31bbb81
bge-large-en-v1.5,vlc,lower,7882ed6e-bece-4bf0-bada-c32dc1ddae72,0.584955,0.545054,0.039901,0.912294,59f21cfb-0120-4326-b255-a5b827b38967
bge-large-en-v1.5,vlc,lower,8ba5ae7a-5ae5-4eab-9fcc-5dd4fe3abf89,0.645718,0.645349,0.000369,0.998959,aa4b5023-aef6-4ed9-bdc9-705f59ab9ad6
bge-large-en-v1.5,vlc,lower,8d9fd4e2-6fdb-46b0-b9b9-02f06495c62f,0.697857,0.684326,0.013531,0.957135,a5bbbcd5-b398-4c91-83d4-55e1e31bbb81
bge-large-en-v1.5,vlc,lower,8f080098-ddb1-424c-b438-4e96e5e4786e,0.75219,0.662818,0.089372,0.734945,59f21cfb-0120-4326-b255-a5b827b38967
bge-large-en-v1.5,vlc,lower,9195653c-f4aa-453d-aa95-787f6ccfaae9,0.684326,0.65046,0.033866,0.903114,8d9fd4e2-6fdb-46b0-b9b9-02f06495c62f
bge-large-en-v1.5,vlc,lower,a5bbbcd5-b398-4c91-83d4-55e1e31bbb81,0.724991,0.702656,0.022335,0.924885,5ac2891a-eacd-4954-b339-98abba077adb
bge-large-en-v1.5,vlc,lower,aa4b5023-aef6-4ed9-bdc9-705f59ab9ad6,0.733642,0.720944,0.012698,0.954496,59f21cfb-0120-4326-b255-a5b827b38967
bge-large-en-v1.5,vlc,lower,bba3381f-b5eb-4439-bd9e-80c22218d5a7,0.671151,0.65936,0.011791,0.965387,59f21cfb-0120-4326-b255-a5b827b38967
bge-large-en-v1.5,vlc,lower,cb130f0d-d36f-4302-9838-b3baf46139b6,0.741832,0.671456,0.070375,0.785796,efcf0d81-0835-4880-b2fd-d866e8bc2294
bge-large-en-v1.5,vlc,lower,d06f0d4d-2cd5-4ede-8de9-598629438c6e,0.63432,0.629108,0.005211,0.985949,215dfd39-f493-4bc3-a027-8a97d72c61bf
bge-large-en-v1.5,vlc,lower,efcf0d81-0835-4880-b2fd-d866e8bc2294,0.776406,0.741832,0.034575,0.866077,fba2c100-79e8-42df-ae74-b592418d54f4
bge-large-en-v1.5,vlc,lower,f3977615-2b45-4ac5-8bba-80c17dbe2a37,0.709318,0.690576,0.018742,0.93943,5ac2891a-eacd-4954-b339-98abba077adb
bge-large-en-v1.5,vlc,lower,fba2c100-79e8-42df-ae74-b592418d54f4,0.776406,0.720944,0.055463,0.801249,efcf0d81-0835-4880-b2fd-d866e8bc2294
bge-large-en-v1.5,vlc,cross_floor,215dfd39-f493-4bc3-a027-8a97d72c61bf,0.669577,0.660316,0.009261,0.972736,480bcfea-d68f-4aaa-a0a9-2589ef319381
bge-large-en-v1.5,vlc,cross_floor,386dbd0e-0241-4a0a-b6a2-6704fba26b1c,0.570614,0.543148,0.027466,0.93988,38f48d40-764e-4e77-a7cf-51dfce880291
bge-large-en-v1.5,vlc,cross_floor,59f21cfb-0120-4326-b255-a5b827b38967,0.641618,0.59469,0.046928,0.884216,38f48d40-764e-4e77-a7cf-51dfce880291
bge-large-en-v1.5,vlc,cross_floor,5ac2891a-eacd-4954-b339-98abba077adb,0.625646,0.559403,0.066243,0.849651,38f48d40-764e-4e77-a7cf-51dfce880291
bge-large-en-v1.5,vlc,cross_floor,7882ed6e-bece-4bf0-bada-c32dc1ddae72,0.544801,0.462317,0.082485,0.846592,121ba48f-9e17-48ce-9bc6-a4fb17a7ebba
bge-large-en-v1.5,vlc,cross_floor,8ba5ae7a-5ae5-4eab-9fcc-5dd4fe3abf89,0.695534,0.668693,0.02684,0.918986,77b8ab4d-994f-43ac-8930-8ca087d7c4b4
bge-large-en-v1.5,vlc,cross_floor,8d9fd4e2-6fdb-46b0-b9b9-02f06495c62f,0.642878,0.601166,0.041712,0.895414,38f48d40-764e-4e77-a7cf-51dfce880291
bge-large-en-v1.5,vlc,cross_floor,8f080098-ddb1-424c-b438-4e96e5e4786e,0.598635,0.58953,0.009105,0.977819,38f48d40-764e-4e77-a7cf-51dfce880291
bge-large-en-v1.5,vlc,cross_floor,9195653c-f4aa-453d-aa95-787f6ccfaae9,0.555715,0.546416,0.009299,0.979499,8ea73f6f-9689-42ad-8c60-195bbf06a7ba
bge-large-en-v1.5,vlc,cross_floor,a5bbbcd5-b398-4c91-83d4-55e1e31bbb81,0.619141,0.609488,0.009652,0.975282,a746add2-cab0-4740-ac36-c3769d9bfb46
bge-large-en-v1.5,vlc,cross_floor,aa4b5023-aef6-4ed9-bdc9-705f59ab9ad6,0.710397,0.63614,0.074257,0.795919,38f48d40-764e-4e77-a7cf-51dfce880291
bge-large-en-v1.5,vlc,cross_floor,bba3381f-b5eb-4439-bd9e-80c22218d5a7,0.608711,0.573968,0.034743,0.91845,38f48d40-764e-4e77-a7cf-51dfce880291
bge-large-en-v1.5,vlc,cross_floor,cb130f0d-d36f-4302-9838-b3baf46139b6,0.697594,0.692977,0.004616,0.984964,e19bd559-633b-4b02-940f-d946248f088e
bge-large-en-v1.5,vlc,cross_floor,d06f0d4d-2cd5-4ede-8de9-598629438c6e,0.656826,0.625588,0.031239,0.916566,7767eef2-56a3-4cea-8c9f-48c070c7d65b
bge-large-en-v1.5,vlc,cross_floor,efcf0d81-0835-4880-b2fd-d866e8bc2294,0.737894,0.701266,0.036629,0.877386,2a729ded-3296-423d-aec4-7dd55ed5fbb3
bge-large-en-v1.5,vlc,cross_floor,f3977615-2b45-4ac5-8bba-80c17dbe2a37,0.552668,0.524874,0.027794,0.941501,38f48d40-764e-4e77-a7cf-51dfce880291
bge-large-en-v1.5,vlc,cross_floor,fba2c100-79e8-42df-ae74-b592418d54f4,0.719819,0.675836,0.043983,0.864318,77b8ab4d-994f-43ac-8930-8ca087d7c4b4
bge-large-en-v1.5,vlc,upper,215dfd39-f493-4bc3-a027-8a97d72c61bf::v0,0.933439,0.60284,0.330599,0.167593,215dfd39-f493-4bc3-a027-8a97d72c61bf
bge-large-en-v1.5,vlc,upper,215dfd39-f493-4bc3-a027-8a97d72c61bf::v1,0.953574,0.641969,0.311605,0.129671,215dfd39-f493-4bc3-a027-8a97d72c61bf
bge-large-en-v1.5,vlc,upper,215dfd39-f493-4bc3-a027-8a97d72c61bf::v2,0.931106,0.580433,0.350673,0.164202,215dfd39-f493-4bc3-a027-8a97d72c61bf
bge-large-en-v1.5,vlc,upper,215dfd39-f493-4bc3-a027-8a97d72c61bf::v3,0.946417,0.605384,0.341033,0.135785,215dfd39-f493-4bc3-a027-8a97d72c61bf
bge-large-en-v1.5,vlc,upper,215dfd39-f493-4bc3-a027-8a97d72c61bf::v4,0.966379,0.612759,0.35362,0.086822,215dfd39-f493-4bc3-a027-8a97d72c61bf
bge-large-en-v1.5,vlc,upper,386dbd0e-0241-4a0a-b6a2-6704fba26b1c::v0,0.860865,0.729157,0.131708,0.51371,386dbd0e-0241-4a0a-b6a2-6704fba26b1c
bge-large-en-v1.5,vlc,upper,386dbd0e-0241-4a0a-b6a2-6704fba26b1c::v1,0.867403,0.728311,0.139092,0.488046,386dbd0e-0241-4a0a-b6a2-6704fba26b1c
bge-large-en-v1.5,vlc,upper,386dbd0e-0241-4a0a-b6a2-6704fba26b1c::v2,0.877162,0.740023,0.137139,0.472496,386dbd0e-0241-4a0a-b6a2-6704fba26b1c
bge-large-en-v1.5,vlc,upper,386dbd0e-0241-4a0a-b6a2-6704fba26b1c::v3,0.856252,0.715577,0.140675,0.505402,386dbd0e-0241-4a0a-b6a2-6704fba26b1c
bge-large-en-v1.5,vlc,upper,386dbd0e-0241-4a0a-b6a2-6704fba26b1c::v4,0.831015,0.666124,0.164892,0.506129,386dbd0e-0241-4a0a-b6a2-6704fba26b1c
bge-large-en-v1.5,vlc,upper,59f21cfb-0120-4326-b255-a5b827b38967::v0,0.935142,0.709484,0.225658,0.223251,59f21cfb-0120-4326-b255-a5b827b38967
bge-large-en-v1.5,vlc,upper,59f21cfb-0120-4326-b255-a5b827b38967::v1,0.968713,0.76552,0.203193,0.13343,59f21cfb-0120-4326-b255-a5b827b38967
bge-large-en-v1.5,vlc,upper,59f21cfb-0120-4326-b255-a5b827b38967::v2,0.941924,0.71569,0.226234,0.204271,59f21cfb-0120-4326-b255-a5b827b38967
bge-large-en-v1.5,vlc,upper,59f21cfb-0120-4326-b255-a5b827b38967::v3,0.930447,0.734663,0.195785,0.26213,59f21cfb-0120-4326-b255-a5b827b38967
bge-large-en-v1.5,vlc,upper,59f21cfb-0120-4326-b255-a5b827b38967::v4,0.887833,0.712441,0.175391,0.390067,59f21cfb-0120-4326-b255-a5b827b38967
bge-large-en-v1.5,vlc,upper,5ac2891a-eacd-4954-b339-98abba077adb::v0,0.876993,0.71357,0.163424,0.429447,5ac2891a-eacd-4954-b339-98abba077adb
bge-large-en-v1.5,vlc,upper,5ac2891a-eacd-4954-b339-98abba077adb::v1,0.883027,0.731494,0.151533,0.435643,5ac2891a-eacd-4954-b339-98abba077adb
bge-large-en-v1.5,vlc,upper,5ac2891a-eacd-4954-b339-98abba077adb::v2,0.878563,0.702882,0.175681,0.408717,5ac2891a-eacd-4954-b339-98abba077adb
bge-large-en-v1.5,vlc,upper,5ac2891a-eacd-4954-b339-98abba077adb::v3,0.88226,0.70383,0.17843,0.397542,5ac2891a-eacd-4954-b339-98abba077adb
bge-large-en-v1.5,vlc,upper,5ac2891a-eacd-4954-b339-98abba077adb::v4,0.873948,0.735074,0.138875,0.475799,5ac2891a-eacd-4954-b339-98abba077adb
bge-large-en-v1.5,vlc,upper,7882ed6e-bece-4bf0-bada-c32dc1ddae72::v0,0.964754,0.604277,0.360478,0.089066,7882ed6e-bece-4bf0-bada-c32dc1ddae72
bge-large-en-v1.5,vlc,upper,7882ed6e-bece-4bf0-bada-c32dc1ddae72::v1,0.884613,0.710375,0.174238,0.398402,7882ed6e-bece-4bf0-bada-c32dc1ddae72
bge-large-en-v1.5,vlc,upper,7882ed6e-bece-4bf0-bada-c32dc1ddae72::v2,0.899314,0.639542,0.259772,0.279329,7882ed6e-bece-4bf0-bada-c32dc1ddae72
bge-large-en-v1.5,vlc,upper,7882ed6e-bece-4bf0-bada-c32dc1ddae72::v3,0.975247,0.604102,0.371145,0.062525,7882ed6e-bece-4bf0-bada-c32dc1ddae72
bge-large-en-v1.5,vlc,upper,7882ed6e-bece-4bf0-bada-c32dc1ddae72::v4,0.911702,0.6477,0.264002,0.250634,7882ed6e-bece-4bf0-bada-c32dc1ddae72
bge-large-en-v1.5,vlc,upper,8ba5ae7a-5ae5-4eab-9fcc-5dd4fe3abf89::v0,0.907431,0.652888,0.254543,0.266683,8ba5ae7a-5ae5-4eab-9fcc-5dd4fe3abf89
bge-large-en-v1.5,vlc,upper,8ba5ae7a-5ae5-4eab-9fcc-5dd4fe3abf89::v1,0.925927,0.694312,0.231615,0.242317,8ba5ae7a-5ae5-4eab-9fcc-5dd4fe3abf89
bge-large-en-v1.5,vlc,upper,8ba5ae7a-5ae5-4eab-9fcc-5dd4fe3abf89::v2,0.930369,0.663461,0.266909,0.206902,8ba5ae7a-5ae5-4eab-9fcc-5dd4fe3abf89
bge-large-en-v1.5,vlc,upper,8ba5ae7a-5ae5-4eab-9fcc-5dd4fe3abf89::v3,0.942728,0.677623,0.265105,0.177656,8ba5ae7a-5ae5-4eab-9fcc-5dd4fe3abf89
bge-large-en-v1.5,vlc,upper,8ba5ae7a-5ae5-4eab-9fcc-5dd4fe3abf89::v4,0.89966,0.635604,0.264055,0.275361,8ba5ae7a-5ae5-4eab-9fcc-5dd4fe3abf89
bge-large-en-v1.5,vlc,upper,8d9fd4e2-6fdb-46b0-b9b9-02f06495c62f::v0,0.961066,0.707263,0.253803,0.133,8d9fd4e2-6fdb-46b0-b9b9-02f06495c62f
bge-large-en-v1.5,vlc,upper,8d9fd4e2-6fdb-46b0-b9b9-02f06495c62f::v1,0.896851,0.760188,0.136663,0.430123,8d9fd4e2-6fdb-46b0-b9b9-02f06495c62f
bge-large-en-v1.5,vlc,upper,8d9fd4e2-6fdb-46b0-b9b9-02f06495c62f::v2,0.940827,0.72215,0.218677,0.212967,8d9fd4e2-6fdb-46b0-b9b9-02f06495c62f
bge-large-en-v1.5,vlc,upper,8d9fd4e2-6fdb-46b0-b9b9-02f06495c62f::v3,0.939436,0.706751,0.232685,0.206528,8d9fd4e2-6fdb-46b0-b9b9-02f06495c62f
bge-large-en-v1.5,vlc,upper,8d9fd4e2-6fdb-46b0-b9b9-02f06495c62f::v4,0.939126,0.69959,0.239536,0.202638,8d9fd4e2-6fdb-46b0-b9b9-02f06495c62f
bge-large-en-v1.5,vlc,upper,8f080098-ddb1-424c-b438-4e96e5e4786e::v0,0.858479,0.70971,0.148769,0.487515,8f080098-ddb1-424c-b438-4e96e5e4786e
bge-large-en-v1.5,vlc,upper,8f080098-ddb1-424c-b438-4e96e5e4786e::v1,0.923766,0.791509,0.132257,0.365647,8f080098-ddb1-424c-b438-4e96e5e4786e
bge-large-en-v1.5,vlc,upper,8f080098-ddb1-424c-b438-4e96e5e4786e::v2,0.85471,0.775202,0.079508,0.646314,8f080098-ddb1-424c-b438-4e96e5e4786e
bge-large-en-v1.5,vlc,upper,8f080098-ddb1-424c-b438-4e96e5e4786e::v3,0.874433,0.754173,0.12026,0.510795,8f080098-ddb1-424c-b438-4e96e5e4786e
bge-large-en-v1.5,vlc,upper,8f080098-ddb1-424c-b438-4e96e5e4786e::v4,0.880381,0.799148,0.081233,0.595558,8f080098-ddb1-424c-b438-4e96e5e4786e
bge-large-en-v1.5,vlc,upper,9195653c-f4aa-453d-aa95-787f6ccfaae9::v0,0.873089,0.725253,0.147835,0.461921,9195653c-f4aa-453d-aa95-787f6ccfaae9
bge-large-en-v1.5,vlc,upper,9195653c-f4aa-453d-aa95-787f6ccfaae9::v1,0.859348,0.775621,0.083727,0.626849,9195653c-f4aa-453d-aa95-787f6ccfaae9
bge-large-en-v1.5,vlc,upper,9195653c-f4aa-453d-aa95-787f6ccfaae9::v2,0.853746,0.679381,0.174366,0.45616,9195653c-f4aa-453d-aa95-787f6ccfaae9
bge-large-en-v1.5,vlc,upper,9195653c-f4aa-453d-aa95-787f6ccfaae9::v3,0.831246,0.654438,0.176808,0.488347,9195653c-f4aa-453d-aa95-787f6ccfaae9
bge-large-en-v1.5,vlc,upper,9195653c-f4aa-453d-aa95-787f6ccfaae9::v4,0.873694,0.730307,0.143387,0.468332,9195653c-f4aa-453d-aa95-787f6ccfaae9
bge-large-en-v1.5,vlc,upper,a5bbbcd5-b398-4c91-83d4-55e1e31bbb81::v0,0.894377,0.706603,0.187774,0.360001,a5bbbcd5-b398-4c91-83d4-55e1e31bbb81
bge-large-en-v1.5,vlc,upper,a5bbbcd5-b398-4c91-83d4-55e1e31bbb81::v1,0.864757,0.727979,0.136779,0.497177,a5bbbcd5-b398-4c91-83d4-55e1e31bbb81
bge-large-en-v1.5,vlc,upper,a5bbbcd5-b398-4c91-83d4-55e1e31bbb81::v2,0.855351,0.736449,0.118902,0.548847,a5bbbcd5-b398-4c91-83d4-55e1e31bbb81
bge-large-en-v1.5,vlc,upper,a5bbbcd5-b398-4c91-83d4-55e1e31bbb81::v3,0.865685,0.708032,0.157653,0.460033,a5bbbcd5-b398-4c91-83d4-55e1e31bbb81
bge-large-en-v1.5,vlc,upper,a5bbbcd5-b398-4c91-83d4-55e1e31bbb81::v4,0.898774,0.711792,0.186982,0.351225,a5bbbcd5-b398-4c91-83d4-55e1e31bbb81
bge-large-en-v1.5,vlc,upper,aa4b5023-aef6-4ed9-bdc9-705f59ab9ad6::v0,0.841979,0.714309,0.12767,0.553118,aa4b5023-aef6-4ed9-bdc9-705f59ab9ad6
bge-large-en-v1.5,vlc,upper,aa4b5023-aef6-4ed9-bdc9-705f59ab9ad6::v1,0.93638,0.763758,0.172622,0.269301,aa4b5023-aef6-4ed9-bdc9-705f59ab9ad6
bge-large-en-v1.5,vlc,upper,aa4b5023-aef6-4ed9-bdc9-705f59ab9ad6::v2,0.895959,0.733435,0.162524,0.390303,aa4b5023-aef6-4ed9-bdc9-705f59ab9ad6
bge-large-en-v1.5,vlc,upper,aa4b5023-aef6-4ed9-bdc9-705f59ab9ad6::v3,0.823456,0.688113,0.135342,0.566053,aa4b5023-aef6-4ed9-bdc9-705f59ab9ad6
bge-large-en-v1.5,vlc,upper,aa4b5023-aef6-4ed9-bdc9-705f59ab9ad6::v4,0.882671,0.768393,0.114278,0.506586,aa4b5023-aef6-4ed9-bdc9-705f59ab9ad6
bge-large-en-v1.5,vlc,upper,bba3381f-b5eb-4439-bd9e-80c22218d5a7::v0,0.923202,0.644361,0.278841,0.215944,bba3381f-b5eb-4439-bd9e-80c22218d5a7
bge-large-en-v1.5,vlc,upper,bba3381f-b5eb-4439-bd9e-80c22218d5a7::v1,0.952087,0.693775,0.258312,0.156464,bba3381f-b5eb-4439-bd9e-80c22218d5a7
bge-large-en-v1.5,vlc,upper,bba3381f-b5eb-4439-bd9e-80c22218d5a7::v2,0.899517,0.694969,0.204548,0.329419,bba3381f-b5eb-4439-bd9e-80c22218d5a7
bge-large-en-v1.5,vlc,upper,bba3381f-b5eb-4439-bd9e-80c22218d5a7::v3,0.949022,0.693081,0.255941,0.166094,bba3381f-b5eb-4439-bd9e-80c22218d5a7
bge-large-en-v1.5,vlc,upper,bba3381f-b5eb-4439-bd9e-80c22218d5a7::v4,0.896948,0.670483,0.226465,0.312736,bba3381f-b5eb-4439-bd9e-80c22218d5a7
bge-large-en-v1.5,vlc,upper,cb130f0d-d36f-4302-9838-b3baf46139b6::v0,0.960808,0.693532,0.267276,0.127883,cb130f0d-d36f-4302-9838-b3baf46139b6
bge-large-en-v1.5,vlc,upper,cb130f0d-d36f-4302-9838-b3baf46139b6::v1,0.921628,0.683698,0.23793,0.247775,cb130f0d-d36f-4302-9838-b3baf46139b6
bge-large-en-v1.5,vlc,upper,cb130f0d-d36f-4302-9838-b3baf46139b6::v2,0.945514,0.703842,0.241672,0.183975,cb130f0d-d36f-4302-9838-b3baf46139b6
bge-large-en-v1.5,vlc,upper,cb130f0d-d36f-4302-9838-b3baf46139b6::v3,0.933333,0.669581,0.263753,0.201764,cb130f0d-d36f-4302-9838-b3baf46139b6
bge-large-en-v1.5,vlc,upper,cb130f0d-d36f-4302-9838-b3baf46139b6::v4,0.90429,0.660343,0.243947,0.281783,cb130f0d-d36f-4302-9838-b3baf46139b6
bge-large-en-v1.5,vlc,upper,d06f0d4d-2cd5-4ede-8de9-598629438c6e::v0,0.861239,0.666646,0.194594,0.416256,d06f0d4d-2cd5-4ede-8de9-598629438c6e
bge-large-en-v1.5,vlc,upper,d06f0d4d-2cd5-4ede-8de9-598629438c6e::v1,0.86927,0.642746,0.226524,0.365929,d06f0d4d-2cd5-4ede-8de9-598629438c6e
bge-large-en-v1.5,vlc,upper,d06f0d4d-2cd5-4ede-8de9-598629438c6e::v2,0.891984,0.648668,0.243316,0.307448,d06f0d4d-2cd5-4ede-8de9-598629438c6e
bge-large-en-v1.5,vlc,upper,d06f0d4d-2cd5-4ede-8de9-598629438c6e::v3,0.877945,0.631114,0.246831,0.330875,d06f0d4d-2cd5-4ede-8de9-598629438c6e
bge-large-en-v1.5,vlc,upper,d06f0d4d-2cd5-4ede-8de9-598629438c6e::v4,0.89966,0.627293,0.272367,0.269219,d06f0d4d-2cd5-4ede-8de9-598629438c6e
bge-large-en-v1.5,vlc,upper,efcf0d81-0835-4880-b2fd-d866e8bc2294::v0,0.865953,0.743667,0.122286,0.522943,efcf0d81-0835-4880-b2fd-d866e8bc2294
bge-large-en-v1.5,vlc,upper,efcf0d81-0835-4880-b2fd-d866e8bc2294::v1,0.895305,0.81058,0.084724,0.552717,efcf0d81-0835-4880-b2fd-d866e8bc2294
bge-large-en-v1.5,vlc,upper,efcf0d81-0835-4880-b2fd-d866e8bc2294::v2,0.874592,0.816567,0.058025,0.68367,efcf0d81-0835-4880-b2fd-d866e8bc2294
bge-large-en-v1.5,vlc,upper,efcf0d81-0835-4880-b2fd-d866e8bc2294::v3,0.926213,0.790412,0.135801,0.352057,efcf0d81-0835-4880-b2fd-d866e8bc2294
bge-large-en-v1.5,vlc,upper,efcf0d81-0835-4880-b2fd-d866e8bc2294::v4,0.899507,0.780231,0.119276,0.457268,efcf0d81-0835-4880-b2fd-d866e8bc2294
bge-large-en-v1.5,vlc,upper,f3977615-2b45-4ac5-8bba-80c17dbe2a37::v0,0.848132,0.709815,0.138317,0.523348,f3977615-2b45-4ac5-8bba-80c17dbe2a37
bge-large-en-v1.5,vlc,upper,f3977615-2b45-4ac5-8bba-80c17dbe2a37::v1,0.837752,0.715646,0.122106,0.570583,f3977615-2b45-4ac5-8bba-80c17dbe2a37
bge-large-en-v1.5,vlc,upper,f3977615-2b45-4ac5-8bba-80c17dbe2a37::v2,0.783907,0.734682,0.049225,0.814467,f3977615-2b45-4ac5-8bba-80c17dbe2a37
bge-large-en-v1.5,vlc,upper,f3977615-2b45-4ac5-8bba-80c17dbe2a37::v3,0.88583,0.718466,0.167364,0.405527,f3977615-2b45-4ac5-8bba-80c17dbe2a37
bge-large-en-v1.5,vlc,upper,f3977615-2b45-4ac5-8bba-80c17dbe2a37::v4,0.812501,0.750069,0.062432,0.750204,f3977615-2b45-4ac5-8bba-80c17dbe2a37
bge-large-en-v1.5,vlc,upper,fba2c100-79e8-42df-ae74-b592418d54f4::v0,0.935019,0.755756,0.179263,0.266049,fba2c100-79e8-42df-ae74-b592418d54f4
bge-large-en-v1.5,vlc,upper,fba2c100-79e8-42df-ae74-b592418d54f4::v1,0.960131,0.753299,0.206831,0.16161,fba2c100-79e8-42df-ae74-b592418d54f4
bge-large-en-v1.5,vlc,upper,fba2c100-79e8-42df-ae74-b592418d54f4::v2,0.895066,0.742286,0.15278,0.407172,fba2c100-79e8-42df-ae74-b592418d54f4
bge-large-en-v1.5,vlc,upper,fba2c100-79e8-42df-ae74-b592418d54f4::v3,0.937361,0.720425,0.216935,0.224053,fba2c100-79e8-42df-ae74-b592418d54f4
bge-large-en-v1.5,vlc,upper,fba2c100-79e8-42df-ae74-b592418d54f4::v4,0.88615,0.766453,0.119697,0.487482,fba2c100-79e8-42df-ae74-b592418d54f4
gte-large,chrome,verdict,altdate_cheapest,0.840733,0.838455,0.002278,0.985898,82bc8d6a-36eb-4d2d-8801-ef714fb1e55a
gte-large,chrome,verdict,attraction_view_london_eye,0.792178,0.784488,0.007689,0.964321,f3b19d1e-2d48-44e9-b4e1-defcae1a0197
gte-large,chrome,verdict,car_electric_fuel,0.868227,0.840767,0.02746,0.827547,82279c77-8fc6-46f6-9622-3ba96f61b477
gte-large,chrome,verdict,car_large_price_sort,0.889227,0.838825,0.050402,0.687285,1704f00f-79e6-43a7-961b-cedd3724d5fd
gte-large,chrome,verdict,car_rating_sort,0.854238,0.832686,0.021552,0.871188,1704f00f-79e6-43a7-961b-cedd3724d5fd
gte-large,chrome,verdict,checkout_fill_email_stop,0.844433,0.841925,0.002508,0.984132,6c4c23a1-42a4-43cc-9db1-2f86ff3738cc
gte-large,chrome,verdict,currency_switch_eur,0.837138,0.821981,0.015156,0.914861,3720f614-37fd-4d04-8a6b-76f54f8c222d
gte-large,chrome,verdict,flight_business_cabin,0.86169,0.855868,0.005822,0.95961,82bc8d6a-36eb-4d2d-8801-ef714fb1e55a
gte-large,chrome,verdict,flight_oneway_2adults,0.89197,0.831927,0.060043,0.642758,f79439ad-3ee8-4f99-a518-0eb60e5652b0
gte-large,chrome,verdict,flight_route_date_tomorrow,0.871987,0.837482,0.034505,0.787684,fc6d8143-9452-4171-9459-7f515143419a
gte-large,chrome,verdict,flight_route_next_monday,0.902415,0.875619,0.026796,0.784562,82bc8d6a-36eb-4d2d-8801-ef714fb1e55a
gte-large,chrome,verdict,geo_hierarchy_italy_rome,0.840107,0.788615,0.051493,0.756404,b7895e80-f4d1-4648-bee0-4eb45a6f1fa8
gte-large,chrome,verdict,geo_hierarchy_spain_madrid,0.814844,0.809389,0.005455,0.971381,82bc8d6a-36eb-4d2d-8801-ef714fb1e55a
gte-large,chrome,verdict,help_category_manage_booking,0.861469,0.858687,0.002782,0.980312,f3b19d1e-2d48-44e9-b4e1-defcae1a0197
gte-large,chrome,verdict,help_search_cancel,0.840154,0.817277,0.022877,0.874801,f3b19d1e-2d48-44e9-b4e1-defcae1a0197
gte-large,chrome,verdict,help_search_refund,0.821571,0.807389,0.014182,0.926369,f3b19d1e-2d48-44e9-b4e1-defcae1a0197
gte-large,chrome,verdict,hotel_multi_filter_genius_review,0.829899,0.785351,0.044548,0.792462,b7895e80-f4d1-4648-bee0-4eb45a6f1fa8
gte-large,chrome,verdict,hotel_open_detail,0.846003,0.820214,0.025789,0.856557,b7895e80-f4d1-4648-bee0-4eb45a6f1fa8
gte-large,chrome,verdict,hotel_price_sort,0.919553,0.798049,0.121504,0.398348,b7895e80-f4d1-4648-bee0-4eb45a6f1fa8
gte-large,chrome,verdict,hotel_review_genius_filter,0.864339,0.792558,0.071781,0.653972,b7895e80-f4d1-4648-bee0-4eb45a6f1fa8
gte-large,chrome,verdict,hotel_search_price_sort,0.895674,0.799542,0.096132,0.520437,b7895e80-f4d1-4648-bee0-4eb45a6f1fa8
gte-large,chrome,verdict,hotel_top_reviewed_open,0.822189,0.808357,0.013832,0.927824,b7895e80-f4d1-4648-bee0-4eb45a6f1fa8
gte-large,chrome,verdict,info_sustainability,0.83704,0.831849,0.005191,0.969129,c1fa57f3-c3db-4596-8f09-020701085416
gte-large,chrome,verdict,language_switch_french,0.871779,0.8139,0.057879,0.68899,3720f614-37fd-4d04-8a6b-76f54f8c222d
gte-large,chrome,verdict,multicity_three_segments,0.864783,0.849601,0.015183,0.899051,6c4c23a1-42a4-43cc-9db1-2f86ff3738cc
gte-large,chrome,verdict,package_filter_4star,0.844492,0.808692,0.0358,0.812869,b7895e80-f4d1-4648-bee0-4eb45a6f1fa8
gte-large,chrome,verdict,package_free_cancellation_filter,0.826818,0.807727,0.019091,0.900711,6c4c23a1-42a4-43cc-9db1-2f86ff3738cc
gte-large,chrome,verdict,package_search_london_barcelona,0.855481,0.830997,0.024484,0.855125,f79439ad-3ee8-4f99-a518-0eb60e5652b0
gte-large,chrome,verdict,package_sort_lowest_price,0.879767,0.844059,0.035708,0.771015,b7895e80-f4d1-4648-bee0-4eb45a6f1fa8
gte-large,chrome,verdict,taxi_filter_luxury,0.832174,0.821486,0.010688,0.940128,1704f00f-79e6-43a7-961b-cedd3724d5fd
gte-large,chrome,verdict,taxi_search_lhr_3pax,0.831304,0.82461,0.006694,0.961834,f79439ad-3ee8-4f99-a518-0eb60e5652b0
gte-large,chrome,verdict,taxi_sort_most_passengers,0.875121,0.848766,0.026355,0.825734,47543840-672a-467d-80df-8f7c3b9788c9
gte-large,chrome,verdict,trips_cancel_booking,0.815436,0.799478,0.015959,0.920415,b7895e80-f4d1-4648-bee0-4eb45a6f1fa8
gte-large,chrome,verdict,trips_modify_checkin_date,0.805207,0.80212,0.003086,0.984403,da46d875-6b82-4681-9284-653b0c7ae241
gte-large,chrome,verdict,trips_signin_email,0.82183,0.816943,0.004887,0.973304,da46d875-6b82-4681-9284-653b0c7ae241
gte-large,chrome,verdict,trips_status_filter_cancelled,0.831667,0.8004,0.031267,0.843354,6c4c23a1-42a4-43cc-9db1-2f86ff3738cc
gte-large,chrome,lower,030eeff7-b492-4218-b312-701ec99ee0cc,0.894867,0.854243,0.040624,0.72129,9656a811-9b5b-4ddf-99c7-5117bcef0626
gte-large,chrome,lower,06fe7178-4491-4589-810f-2e2bc9502122,0.851693,0.847301,0.004392,0.971237,35253b65-1c19-4304-8aa4-6884b8218fc0
gte-large,chrome,lower,0d8b7de3-e8de-4d86-b9fd-dd2dce58a217,0.794778,0.780422,0.014357,0.934617,ae78f875-5b98-4907-bbb5-9c737fc68c03
gte-large,chrome,lower,12086550-11c0-466b-b367-1d9e75b3910e,0.849895,0.833904,0.015991,0.903723,35253b65-1c19-4304-8aa4-6884b8218fc0
gte-large,chrome,lower,121ba48f-9e17-48ce-9bc6-a4fb17a7ebba,0.797334,0.78773,0.009604,0.954756,f3b19d1e-2d48-44e9-b4e1-defcae1a0197
gte-large,chrome,lower,1704f00f-79e6-43a7-961b-cedd3724d5fd,0.851527,0.832409,0.019118,0.885925,47543840-672a-467d-80df-8f7c3b9788c9
gte-large,chrome,lower,2888b4e6-5b47-4b57-8bf5-c73827890774,0.809343,0.794724,0.014619,0.928783,9f3f70fc-5afc-4958-a7b7-3bb4fcb01805
gte-large,chrome,lower,2ad9387a-65d8-4e33-ad5b-7580065a27ca,0.893442,0.849309,0.044133,0.70713,7a5a7856-f1b6-42a4-ade9-1ca81ca0f263
gte-large,chrome,lower,2ae9ba84-3a0d-4d4c-8338-3a1478dc5fe3,0.852691,0.805153,0.047538,0.756023,3720f614-37fd-4d04-8a6b-76f54f8c222d
gte-large,chrome,lower,3299584d-8f11-4457-bf4c-ce98f7600250,0.845355,0.832887,0.012467,0.925395,99146c54-4f37-4ab8-9327-5f3291665e1e
gte-large,chrome,lower,35253b65-1c19-4304-8aa4-6884b8218fc0,0.869699,0.851693,0.018005,0.878594,7a5a7856-f1b6-42a4-ade9-1ca81ca0f263
gte-large,chrome,lower,368d9ba4-203c-40c1-9fa3-da2f1430ce63,0.785942,0.774645,0.011297,0.949871,b4f95342-463e-4179-8c3f-193cd7241fb2
gte-large,chrome,lower,3720f614-37fd-4d04-8a6b-76f54f8c222d,0.852691,0.842293,0.010398,0.934066,2ae9ba84-3a0d-4d4c-8338-3a1478dc5fe3
gte-large,chrome,lower,44ee5668-ecd5-4366-a6ce-c1c9b8d4e938,0.842282,0.831512,0.01077,0.93608,7b6c7e24-c58a-49fc-a5bb-d57b80e5b4c3
gte-large,chrome,lower,47543840-672a-467d-80df-8f7c3b9788c9,0.851527,0.826914,0.024613,0.857801,1704f00f-79e6-43a7-961b-cedd3724d5fd
gte-large,chrome,lower,480bcfea-d68f-4aaa-a0a9-2589ef319381,0.851306,0.836133,0.015173,0.907407,af630914-714e-4a24-a7bb-f9af687d3b91
gte-large,chrome,lower,59155008-fe71-45ec-8a8f-dc35497b6aa8,0.766153,0.746969,0.019183,0.924186,2ae9ba84-3a0d-4d4c-8338-3a1478dc5fe3
gte-large,chrome,lower,6766f2b8-8a72-417f-a9e5-56fcaa735837,0.849728,0.807053,0.042675,0.778824,35253b65-1c19-4304-8aa4-6884b8218fc0
gte-large,chrome,lower,6c4c23a1-42a4-43cc-9db1-2f86ff3738cc,0.858463,0.854547,0.003916,0.973078,fc6d8143-9452-4171-9459-7f515143419a
gte-large,chrome,lower,7a5a7856-f1b6-42a4-ade9-1ca81ca0f263,0.893442,0.869699,0.023743,0.817781,2ad9387a-65d8-4e33-ad5b-7580065a27ca
gte-large,chrome,lower,7b6c7e24-c58a-49fc-a5bb-d57b80e5b4c3,0.854243,0.842282,0.011962,0.924159,030eeff7-b492-4218-b312-701ec99ee0cc
gte-large,chrome,lower,7f52cab9-535c-4835-ac8c-391ee64dc930,0.804566,0.786951,0.017615,0.917319,b7895e80-f4d1-4648-bee0-4eb45a6f1fa8
gte-large,chrome,lower,82279c77-8fc6-46f6-9622-3ba96f61b477,0.825802,0.790501,0.035301,0.831496,1704f00f-79e6-43a7-961b-cedd3724d5fd
gte-large,chrome,lower,82bc8d6a-36eb-4d2d-8801-ef714fb1e55a,0.854547,0.848715,0.005831,0.961454,6c4c23a1-42a4-43cc-9db1-2f86ff3738cc
gte-large,chrome,lower,93eabf48-6a27-4cb6-b963-7d5fe1e0d3a9,0.858877,0.83335,0.025527,0.846824,af630914-714e-4a24-a7bb-f9af687d3b91
gte-large,chrome,lower,9656a811-9b5b-4ddf-99c7-5117bcef0626,0.894867,0.841738,0.053129,0.664296,030eeff7-b492-4218-b312-701ec99ee0cc
gte-large,chrome,lower,99146c54-4f37-4ab8-9327-5f3291665e1e,0.850059,0.845355,0.004704,0.96958,030eeff7-b492-4218-b312-701ec99ee0cc
gte-large,chrome,lower,9f3f70fc-5afc-4958-a7b7-3bb4fcb01805,0.809343,0.78601,0.023333,0.890961,2888b4e6-5b47-4b57-8bf5-c73827890774
gte-large,chrome,lower,9f935cce-0a9f-435f-8007-817732bfc0a5,0.794117,0.788971,0.005146,0.975614,ae78f875-5b98-4907-bbb5-9c737fc68c03
gte-large,chrome,lower,a728a36e-8bf1-4bb6-9a03-ef039a5233f0,0.790572,0.764909,0.025663,0.890836,da46d875-6b82-4681-9284-653b0c7ae241
gte-large,chrome,lower,a96b564e-dbe9-42c3-9ccf-b4498073438a,0.822896,0.819834,0.003062,0.983002,47543840-672a-467d-80df-8f7c3b9788c9
gte-large,chrome,lower,ae78f875-5b98-4907-bbb5-9c737fc68c03,0.823725,0.819743,0.003982,0.977908,bb5e4c0d-f964-439c-97b6-bdb9747de3f4
gte-large,chrome,lower,af630914-714e-4a24-a7bb-f9af687d3b91,0.858877,0.851306,0.007571,0.949085,93eabf48-6a27-4cb6-b963-7d5fe1e0d3a9
gte-large,chrome,lower,b070486d-e161-459b-aa2b-ef442d973b92,0.774907,0.752345,0.022561,0.9089,0d8b7de3-e8de-4d86-b9fd-dd2dce58a217
gte-large,chrome,lower,b4f95342-463e-4179-8c3f-193cd7241fb2,0.813797,0.813511,0.000286,0.998468,47543840-672a-467d-80df-8f7c3b9788c9
gte-large,chrome,lower,b7895e80-f4d1-4648-bee0-4eb45a6f1fa8,0.832667,0.832409,0.000258,0.998463,6c4c23a1-42a4-43cc-9db1-2f86ff3738cc
gte-large,chrome,lower,bb5e4c0d-f964-439c-97b6-bdb9747de3f4,0.823725,0.814174,0.009551,0.948601,ae78f875-5b98-4907-bbb5-9c737fc68c03
gte-large,chrome,lower,c1fa57f3-c3db-4596-8f09-020701085416,0.825192,0.823383,0.001809,0.989756,47543840-672a-467d-80df-8f7c3b9788c9
gte-large,chrome,lower,cabb3bae-cccb-41bd-9f5d-0f3a9fecd825,0.78601,0.785117,0.000893,0.995843,9f3f70fc-5afc-4958-a7b7-3bb4fcb01805
gte-large,chrome,lower,da46d875-6b82-4681-9284-653b0c7ae241,0.811145,0.807883,0.003261,0.983024,6c4c23a1-42a4-43cc-9db1-2f86ff3738cc
gte-large,chrome,lower,e1e75309-3ddb-4d09-92ec-de869c928143,0.854794,0.827944,0.02685,0.843945,7a5a7856-f1b6-42a4-ade9-1ca81ca0f263
gte-large,chrome,lower,f0b971a1-6831-4b9b-a50e-22a6e47f45ba,0.785816,0.782595,0.003221,0.985185,ae78f875-5b98-4907-bbb5-9c737fc68c03
gte-large,chrome,lower,f3b19d1e-2d48-44e9-b4e1-defcae1a0197,0.819834,0.818751,0.001082,0.994028,a96b564e-dbe9-42c3-9ccf-b4498073438a
gte-large,chrome,lower,f5d96daf-83a8-4c86-9686-bada31fc66ab,0.738927,0.73766,0.001267,0.995169,1704f00f-79e6-43a7-961b-cedd3724d5fd
gte-large,chrome,lower,f79439ad-3ee8-4f99-a518-0eb60e5652b0,0.842502,0.815045,0.027457,0.851549,82bc8d6a-36eb-4d2d-8801-ef714fb1e55a
gte-large,chrome,lower,fc6d8143-9452-4171-9459-7f515143419a,0.858463,0.848715,0.009747,0.935569,6c4c23a1-42a4-43cc-9db1-2f86ff3738cc
gte-large,chrome,cross_floor,030eeff7-b492-4218-b312-701ec99ee0cc,0.790408,0.785076,0.005332,0.975191,215dfd39-f493-4bc3-a027-8a97d72c61bf
gte-large,chrome,cross_floor,06fe7178-4491-4589-810f-2e2bc9502122,0.815617,0.813952,0.001664,0.991055,a5bbbcd5-b398-4c91-83d4-55e1e31bbb81
gte-large,chrome,cross_floor,0d8b7de3-e8de-4d86-b9fd-dd2dce58a217,0.765473,0.747468,0.018005,0.9287,a746add2-cab0-4740-ac36-c3769d9bfb46
gte-large,chrome,cross_floor,12086550-11c0-466b-b367-1d9e75b3910e,0.798715,0.794716,0.003998,0.980523,a746add2-cab0-4740-ac36-c3769d9bfb46
gte-large,chrome,cross_floor,121ba48f-9e17-48ce-9bc6-a4fb17a7ebba,0.778994,0.777913,0.001081,0.995134,7882ed6e-bece-4bf0-bada-c32dc1ddae72
gte-large,chrome,cross_floor,1704f00f-79e6-43a7-961b-cedd3724d5fd,0.746625,0.745436,0.001189,0.995331,58d3eeeb-e9d0-499f-962e-fd0db2a744d8
gte-large,chrome,cross_floor,2888b4e6-5b47-4b57-8bf5-c73827890774,0.763837,0.752354,0.011483,0.953633,2e6f678f-472d-4c55-99cc-8e7c5c402a71
gte-large,chrome,cross_floor,2ad9387a-65d8-4e33-ad5b-7580065a27ca,0.818995,0.816218,0.002777,0.984888,8ba5ae7a-5ae5-4eab-9fcc-5dd4fe3abf89
gte-large,chrome,cross_floor,2ae9ba84-3a0d-4d4c-8338-3a1478dc5fe3,0.768892,0.766017,0.002875,0.987714,7767eef2-56a3-4cea-8c9f-48c070c7d65b
gte-large,chrome,cross_floor,3299584d-8f11-4457-bf4c-ce98f7600250,0.80674,0.799806,0.006934,0.965365,a5bbbcd5-b398-4c91-83d4-55e1e31bbb81
gte-large,chrome,cross_floor,35253b65-1c19-4304-8aa4-6884b8218fc0,0.815506,0.810897,0.004608,0.97563,efcf0d81-0835-4880-b2fd-d866e8bc2294
gte-large,chrome,cross_floor,368d9ba4-203c-40c1-9fa3-da2f1430ce63,0.7308,0.721351,0.009449,0.966089,b148e375-fe0b-4bec-90e7-38632b0d73c2
gte-large,chrome,cross_floor,3720f614-37fd-4d04-8a6b-76f54f8c222d,0.804606,0.803913,0.000693,0.996465,215dfd39-f493-4bc3-a027-8a97d72c61bf
gte-large,chrome,cross_floor,44ee5668-ecd5-4366-a6ce-c1c9b8d4e938,0.802108,0.790017,0.012092,0.942416,38f48d40-764e-4e77-a7cf-51dfce880291
gte-large,chrome,cross_floor,47543840-672a-467d-80df-8f7c3b9788c9,0.768911,0.758912,0.009999,0.958526,fba2c100-79e8-42df-ae74-b592418d54f4
gte-large,chrome,cross_floor,480bcfea-d68f-4aaa-a0a9-2589ef319381,0.84467,0.798987,0.045683,0.772735,215dfd39-f493-4bc3-a027-8a97d72c61bf
gte-large,chrome,cross_floor,59155008-fe71-45ec-8a8f-dc35497b6aa8,0.725699,0.722975,0.002725,0.990165,72f83cdc-bf76-4531-9a1b-eb893a13f8aa
gte-large,chrome,cross_floor,6766f2b8-8a72-417f-a9e5-56fcaa735837,0.820926,0.815658,0.005268,0.971424,8ba5ae7a-5ae5-4eab-9fcc-5dd4fe3abf89
gte-large,chrome,cross_floor,6c4c23a1-42a4-43cc-9db1-2f86ff3738cc,0.770399,0.7629,0.007498,0.968375,a746add2-cab0-4740-ac36-c3769d9bfb46
gte-large,chrome,cross_floor,7a5a7856-f1b6-42a4-ade9-1ca81ca0f263,0.822022,0.812006,0.010017,0.946718,aa4b5023-aef6-4ed9-bdc9-705f59ab9ad6
gte-large,chrome,cross_floor,7b6c7e24-c58a-49fc-a5bb-d57b80e5b4c3,0.800643,0.790331,0.010313,0.950815,aa4b5023-aef6-4ed9-bdc9-705f59ab9ad6
gte-large,chrome,cross_floor,7f52cab9-535c-4835-ac8c-391ee64dc930,0.777645,0.765285,0.012361,0.947337,a746add2-cab0-4740-ac36-c3769d9bfb46
gte-large,chrome,cross_floor,82279c77-8fc6-46f6-9622-3ba96f61b477,0.721757,0.719601,0.002156,0.992312,2e6f678f-472d-4c55-99cc-8e7c5c402a71
gte-large,chrome,cross_floor,82bc8d6a-36eb-4d2d-8801-ef714fb1e55a,0.772323,0.758276,0.014048,0.941886,fba2c100-79e8-42df-ae74-b592418d54f4
gte-large,chrome,cross_floor,93eabf48-6a27-4cb6-b963-7d5fe1e0d3a9,0.837773,0.830088,0.007685,0.954769,7767eef2-56a3-4cea-8c9f-48c070c7d65b
gte-large,chrome,cross_floor,9656a811-9b5b-4ddf-99c7-5117bcef0626,0.776337,0.76535,0.010988,0.953175,215dfd39-f493-4bc3-a027-8a97d72c61bf
gte-large,chrome,cross_floor,99146c54-4f37-4ab8-9327-5f3291665e1e,0.802743,0.801215,0.001529,0.992311,5ac2891a-eacd-4954-b339-98abba077adb
gte-large,chrome,cross_floor,9f3f70fc-5afc-4958-a7b7-3bb4fcb01805,0.721631,0.719985,0.001646,0.994121,7882ed6e-bece-4bf0-bada-c32dc1ddae72
gte-large,chrome,cross_floor,9f935cce-0a9f-435f-8007-817732bfc0a5,0.772373,0.754017,0.018355,0.925379,a746add2-cab0-4740-ac36-c3769d9bfb46
gte-large,chrome,cross_floor,a728a36e-8bf1-4bb6-9a03-ef039a5233f0,0.736847,0.720028,0.016819,0.939927,a746add2-cab0-4740-ac36-c3769d9bfb46
gte-large,chrome,cross_floor,a96b564e-dbe9-42c3-9ccf-b4498073438a,0.80579,0.767267,0.038523,0.834477,a746add2-cab0-4740-ac36-c3769d9bfb46
gte-large,chrome,cross_floor,ae78f875-5b98-4907-bbb5-9c737fc68c03,0.838795,0.805078,0.033717,0.827025,2e6f678f-472d-4c55-99cc-8e7c5c402a71
gte-large,chrome,cross_floor,af630914-714e-4a24-a7bb-f9af687d3b91,0.80354,0.802719,0.000821,0.99584,2e6f678f-472d-4c55-99cc-8e7c5c402a71
gte-large,chrome,cross_floor,b070486d-e161-459b-aa2b-ef442d973b92,0.751618,0.746815,0.004804,0.981027,a5bbbcd5-b398-4c91-83d4-55e1e31bbb81
gte-large,chrome,cross_floor,b4f95342-463e-4179-8c3f-193cd7241fb2,0.766753,0.751604,0.015149,0.939011,a746add2-cab0-4740-ac36-c3769d9bfb46
gte-large,chrome,cross_floor,b7895e80-f4d1-4648-bee0-4eb45a6f1fa8,0.75539,0.745913,0.009477,0.962703,a746add2-cab0-4740-ac36-c3769d9bfb46
gte-large,chrome,cross_floor,bb5e4c0d-f964-439c-97b6-bdb9747de3f4,0.785766,0.770534,0.015232,0.933618,efcf0d81-0835-4880-b2fd-d866e8bc2294
gte-large,chrome,cross_floor,c1fa57f3-c3db-4596-8f09-020701085416,0.775149,0.762992,0.012157,0.948705,a746add2-cab0-4740-ac36-c3769d9bfb46
gte-large,chrome,cross_floor,cabb3bae-cccb-41bd-9f5d-0f3a9fecd825,0.742302,0.741321,0.000981,0.996207,72f83cdc-bf76-4531-9a1b-eb893a13f8aa
gte-large,chrome,cross_floor,da46d875-6b82-4681-9284-653b0c7ae241,0.766595,0.760713,0.005882,0.975419,a746add2-cab0-4740-ac36-c3769d9bfb46
gte-large,chrome,cross_floor,e1e75309-3ddb-4d09-92ec-de869c928143,0.843513,0.826331,0.017182,0.901066,77b8ab4d-994f-43ac-8930-8ca087d7c4b4
gte-large,chrome,cross_floor,f0b971a1-6831-4b9b-a50e-22a6e47f45ba,0.759282,0.746684,0.012598,0.950269,aa4b5023-aef6-4ed9-bdc9-705f59ab9ad6
gte-large,chrome,cross_floor,f3b19d1e-2d48-44e9-b4e1-defcae1a0197,0.773256,0.760235,0.013021,0.945691,a746add2-cab0-4740-ac36-c3769d9bfb46
gte-large,chrome,cross_floor,f5d96daf-83a8-4c86-9686-bada31fc66ab,0.735468,0.734327,0.001142,0.995703,cb130f0d-d36f-4302-9838-b3baf46139b6
gte-large,chrome,cross_floor,f79439ad-3ee8-4f99-a518-0eb60e5652b0,0.726014,0.725524,0.00049,0.998215,58d3eeeb-e9d0-499f-962e-fd0db2a744d8
gte-large,chrome,cross_floor,fc6d8143-9452-4171-9459-7f515143419a,0.739689,0.725523,0.014165,0.948391,a746add2-cab0-4740-ac36-c3769d9bfb46
gte-large,chrome,upper,030eeff7-b492-4218-b312-701ec99ee0cc::v0,0.982828,0.895966,0.086861,0.165065,030eeff7-b492-4218-b312-701ec99ee0cc
gte-large,chrome,upper,030eeff7-b492-4218-b312-701ec99ee0cc::v1,0.976297,0.882568,0.093729,0.201847,030eeff7-b492-4218-b312-701ec99ee0cc
gte-large,chrome,upper,030eeff7-b492-4218-b312-701ec99ee0cc::v2,0.976044,0.895663,0.080381,0.229599,030eeff7-b492-4218-b312-701ec99ee0cc
gte-large,chrome,upper,030eeff7-b492-4218-b312-701ec99ee0cc::v3,0.968033,0.883895,0.084139,0.275323,030eeff7-b492-4218-b312-701ec99ee0cc
gte-large,chrome,upper,030eeff7-b492-4218-b312-701ec99ee0cc::v4,0.987024,0.891104,0.09592,0.11916,030eeff7-b492-4218-b312-701ec99ee0cc
gte-large,chrome,upper,06fe7178-4491-4589-810f-2e2bc9502122::v0,0.933297,0.849866,0.083431,0.444292,06fe7178-4491-4589-810f-2e2bc9502122
gte-large,chrome,upper,06fe7178-4491-4589-810f-2e2bc9502122::v1,0.943296,0.859068,0.084228,0.40235,06fe7178-4491-4589-810f-2e2bc9502122
gte-large,chrome,upper,06fe7178-4491-4589-810f-2e2bc9502122::v2,0.981239,0.855505,0.125734,0.129838,06fe7178-4491-4589-810f-2e2bc9502122
gte-large,chrome,upper,06fe7178-4491-4589-810f-2e2bc9502122::v3,0.926416,0.858934,0.067481,0.521631,06fe7178-4491-4589-810f-2e2bc9502122
gte-large,chrome,upper,06fe7178-4491-4589-810f-2e2bc9502122::v4,0.929285,0.849236,0.080049,0.469044,06fe7178-4491-4589-810f-2e2bc9502122
gte-large,chrome,upper,0d8b7de3-e8de-4d86-b9fd-dd2dce58a217::v0,0.958816,0.804963,0.153854,0.211159,0d8b7de3-e8de-4d86-b9fd-dd2dce58a217
gte-large,chrome,upper,0d8b7de3-e8de-4d86-b9fd-dd2dce58a217::v1,0.942067,0.826603,0.115465,0.334103,0d8b7de3-e8de-4d86-b9fd-dd2dce58a217
gte-large,chrome,upper,0d8b7de3-e8de-4d86-b9fd-dd2dce58a217::v2,0.945277,0.804706,0.140571,0.280209,0d8b7de3-e8de-4d86-b9fd-dd2dce58a217
gte-large,chrome,upper,0d8b7de3-e8de-4d86-b9fd-dd2dce58a217::v3,0.954813,0.807278,0.147535,0.234469,0d8b7de3-e8de-4d86-b9fd-dd2dce58a217
gte-large,chrome,upper,0d8b7de3-e8de-4d86-b9fd-dd2dce58a217::v4,0.94303,0.808506,0.134523,0.297506,0d8b7de3-e8de-4d86-b9fd-dd2dce58a217
gte-large,chrome,upper,12086550-11c0-466b-b367-1d9e75b3910e::v0,0.973318,0.81937,0.153948,0.147718,12086550-11c0-466b-b367-1d9e75b3910e
gte-large,chrome,upper,12086550-11c0-466b-b367-1d9e75b3910e::v1,0.967396,0.831621,0.135775,0.193634,12086550-11c0-466b-b367-1d9e75b3910e
gte-large,chrome,upper,12086550-11c0-466b-b367-1d9e75b3910e::v2,0.96297,0.851753,0.111218,0.249783,12086550-11c0-466b-b367-1d9e75b3910e
gte-large,chrome,upper,12086550-11c0-466b-b367-1d9e75b3910e::v3,0.979947,0.832084,0.147863,0.119424,12086550-11c0-466b-b367-1d9e75b3910e
gte-large,chrome,upper,12086550-11c0-466b-b367-1d9e75b3910e::v4,0.960586,0.841476,0.11911,0.24863,12086550-11c0-466b-b367-1d9e75b3910e
gte-large,chrome,upper,121ba48f-9e17-48ce-9bc6-a4fb17a7ebba::v0,0.992116,0.79724,0.194877,0.038881,121ba48f-9e17-48ce-9bc6-a4fb17a7ebba
gte-large,chrome,upper,121ba48f-9e17-48ce-9bc6-a4fb17a7ebba::v1,0.954211,0.792432,0.161779,0.220596,121ba48f-9e17-48ce-9bc6-a4fb17a7ebba
gte-large,chrome,upper,121ba48f-9e17-48ce-9bc6-a4fb17a7ebba::v2,0.969604,0.796538,0.173066,0.149392,121ba48f-9e17-48ce-9bc6-a4fb17a7ebba
gte-large,chrome,upper,121ba48f-9e17-48ce-9bc6-a4fb17a7ebba::v3,0.969045,0.797875,0.17117,0.153147,121ba48f-9e17-48ce-9bc6-a4fb17a7ebba
gte-large,chrome,upper,121ba48f-9e17-48ce-9bc6-a4fb17a7ebba::v4,0.954679,0.796673,0.158006,0.222896,121ba48f-9e17-48ce-9bc6-a4fb17a7ebba
gte-large,chrome,upper,1704f00f-79e6-43a7-961b-cedd3724d5fd::v0,0.974784,0.852852,0.121931,0.171368,1704f00f-79e6-43a7-961b-cedd3724d5fd
gte-large,chrome,upper,1704f00f-79e6-43a7-961b-cedd3724d5fd::v1,0.973634,0.833925,0.139709,0.15876,1704f00f-79e6-43a7-961b-cedd3724d5fd
gte-large,chrome,upper,1704f00f-79e6-43a7-961b-cedd3724d5fd::v2,0.977915,0.846468,0.131447,0.143845,1704f00f-79e6-43a7-961b-cedd3724d5fd
gte-large,chrome,upper,1704f00f-79e6-43a7-961b-cedd3724d5fd::v3,0.984561,0.865696,0.118865,0.114957,1704f00f-79e6-43a7-961b-cedd3724d5fd
gte-large,chrome,upper,1704f00f-79e6-43a7-961b-cedd3724d5fd::v4,0.969775,0.845439,0.124336,0.195554,1704f00f-79e6-43a7-961b-cedd3724d5fd
gte-large,chrome,upper,2888b4e6-5b47-4b57-8bf5-c73827890774::v0,0.967787,0.807653,0.160134,0.167472,2888b4e6-5b47-4b57-8bf5-c73827890774
gte-large,chrome,upper,2888b4e6-5b47-4b57-8bf5-c73827890774::v1,0.984503,0.802988,0.181515,0.07866,2888b4e6-5b47-4b57-8bf5-c73827890774
gte-large,chrome,upper,2888b4e6-5b47-4b57-8bf5-c73827890774::v2,0.98502,0.821493,0.163527,0.083918,2888b4e6-5b47-4b57-8bf5-c73827890774
gte-large,chrome,upper,2888b4e6-5b47-4b57-8bf5-c73827890774::v3,0.972489,0.814102,0.158386,0.147993,2888b4e6-5b47-4b57-8bf5-c73827890774
gte-large,chrome,upper,2888b4e6-5b47-4b57-8bf5-c73827890774::v4,0.940879,0.803986,0.136894,0.301613,2888b4e6-5b47-4b57-8bf5-c73827890774
gte-large,chrome,upper,2ad9387a-65d8-4e33-ad5b-7580065a27ca::v0,0.969265,0.865483,0.103782,0.228485,2ad9387a-65d8-4e33-ad5b-7580065a27ca
gte-large,chrome,upper,2ad9387a-65d8-4e33-ad5b-7580065a27ca::v1,0.976387,0.903664,0.072723,0.245112,2ad9387a-65d8-4e33-ad5b-7580065a27ca
gte-large,chrome,upper,2ad9387a-65d8-4e33-ad5b-7580065a27ca::v2,0.974397,0.874319,0.100078,0.203717,2ad9387a-65d8-4e33-ad5b-7580065a27ca
gte-large,chrome,upper,2ad9387a-65d8-4e33-ad5b-7580065a27ca::v3,0.982374,0.88282,0.099554,0.15042,2ad9387a-65d8-4e33-ad5b-7580065a27ca
gte-large,chrome,upper,2ad9387a-65d8-4e33-ad5b-7580065a27ca::v4,0.969202,0.881771,0.08743,0.260498,2ad9387a-65d8-4e33-ad5b-7580065a27ca
gte-large,chrome,upper,2ae9ba84-3a0d-4d4c-8338-3a1478dc5fe3::v0,0.986059,0.866743,0.119315,0.104621,2ae9ba84-3a0d-4d4c-8338-3a1478dc5fe3
gte-large,chrome,upper,2ae9ba84-3a0d-4d4c-8338-3a1478dc5fe3::v1,0.979441,0.862665,0.116777,0.149698,2ae9ba84-3a0d-4d4c-8338-3a1478dc5fe3
gte-large,chrome,upper,2ae9ba84-3a0d-4d4c-8338-3a1478dc5fe3::v2,0.984843,0.865244,0.1196,0.112475,2ae9ba84-3a0d-4d4c-8338-3a1478dc5fe3
gte-large,chrome,upper,2ae9ba84-3a0d-4d4c-8338-3a1478dc5fe3::v3,0.979871,0.874959,0.104911,0.160982,2ae9ba84-3a0d-4d4c-8338-3a1478dc5fe3
gte-large,chrome,upper,2ae9ba84-3a0d-4d4c-8338-3a1478dc5fe3::v4,0.949782,0.835162,0.11462,0.30465,2ae9ba84-3a0d-4d4c-8338-3a1478dc5fe3
gte-large,chrome,upper,3299584d-8f11-4457-bf4c-ce98f7600250::v0,0.982194,0.860084,0.12211,0.127262,3299584d-8f11-4457-bf4c-ce98f7600250
gte-large,chrome,upper,3299584d-8f11-4457-bf4c-ce98f7600250::v1,0.977376,0.853558,0.123818,0.154493,3299584d-8f11-4457-bf4c-ce98f7600250
gte-large,chrome,upper,3299584d-8f11-4457-bf4c-ce98f7600250::v2,0.980807,0.861161,0.119645,0.138241,3299584d-8f11-4457-bf4c-ce98f7600250
gte-large,chrome,upper,3299584d-8f11-4457-bf4c-ce98f7600250::v3,0.985603,0.840695,0.144908,0.090372,3299584d-8f11-4457-bf4c-ce98f7600250
gte-large,chrome,upper,3299584d-8f11-4457-bf4c-ce98f7600250::v4,0.95458,0.842396,0.112184,0.288189,3299584d-8f11-4457-bf4c-ce98f7600250
gte-large,chrome,upper,35253b65-1c19-4304-8aa4-6884b8218fc0::v0,0.94332,0.836958,0.106363,0.347638,35253b65-1c19-4304-8aa4-6884b8218fc0
gte-large,chrome,upper,35253b65-1c19-4304-8aa4-6884b8218fc0::v1,0.948903,0.855357,0.093546,0.35326,35253b65-1c19-4304-8aa4-6884b8218fc0
gte-large,chrome,upper,35253b65-1c19-4304-8aa4-6884b8218fc0::v2,0.929742,0.835219,0.094523,0.426373,35253b65-1c19-4304-8aa4-6884b8218fc0
gte-large,chrome,upper,35253b65-1c19-4304-8aa4-6884b8218fc0::v3,0.969288,0.873859,0.095429,0.243472,35253b65-1c19-4304-8aa4-6884b8218fc0
gte-large,chrome,upper,35253b65-1c19-4304-8aa4-6884b8218fc0::v4,0.969113,0.856763,0.112351,0.215633,35253b65-1c19-4304-8aa4-6884b8218fc0
gte-large,chrome,upper,368d9ba4-203c-40c1-9fa3-da2f1430ce63::v0,0.974099,0.780012,0.194087,0.117738,368d9ba4-203c-40c1-9fa3-da2f1430ce63
gte-large,chrome,upper,368d9ba4-203c-40c1-9fa3-da2f1430ce63::v1,0.977201,0.786356,0.190845,0.106716,368d9ba4-203c-40c1-9fa3-da2f1430ce63
gte-large,chrome,upper,368d9ba4-203c-40c1-9fa3-da2f1430ce63::v2,0.965318,0.806291,0.159027,0.179042,368d9ba4-203c-40c1-9fa3-da2f1430ce63
gte-large,chrome,upper,368d9ba4-203c-40c1-9fa3-da2f1430ce63::v3,0.979756,0.803199,0.176557,0.102863,368d9ba4-203c-40c1-9fa3-da2f1430ce63
gte-large,chrome,upper,368d9ba4-203c-40c1-9fa3-da2f1430ce63::v4,0.964866,0.775001,0.189865,0.156151,368d9ba4-203c-40c1-9fa3-da2f1430ce63
gte-large,chrome,upper,3720f614-37fd-4d04-8a6b-76f54f8c222d::v0,0.957892,0.850531,0.107361,0.281715,3720f614-37fd-4d04-8a6b-76f54f8c222d
gte-large,chrome,upper,3720f614-37fd-4d04-8a6b-76f54f8c222d::v1,0.963117,0.85504,0.108077,0.254434,3720f614-37fd-4d04-8a6b-76f54f8c222d
gte-large,chrome,upper,3720f614-37fd-4d04-8a6b-76f54f8c222d::v2,0.958784,0.846576,0.112207,0.268645,3720f614-37fd-4d04-8a6b-76f54f8c222d
gte-large,chrome,upper,3720f614-37fd-4d04-8a6b-76f54f8c222d::v3,0.972071,0.861045,0.111025,0.200996,3720f614-37fd-4d04-8a6b-76f54f8c222d
gte-large,chrome,upper,3720f614-37fd-4d04-8a6b-76f54f8c222d::v4,0.941578,0.834558,0.10702,0.353125,3720f614-37fd-4d04-8a6b-76f54f8c222d
gte-large,chrome,upper,44ee5668-ecd5-4366-a6ce-c1c9b8d4e938::v0,0.956888,0.855869,0.10102,0.299113,44ee5668-ecd5-4366-a6ce-c1c9b8d4e938
gte-large,chrome,upper,44ee5668-ecd5-4366-a6ce-c1c9b8d4e938::v1,0.93463,0.848994,0.085636,0.432895,44ee5668-ecd5-4366-a6ce-c1c9b8d4e938
gte-large,chrome,upper,44ee5668-ecd5-4366-a6ce-c1c9b8d4e938::v2,0.944766,0.857945,0.086821,0.38882,44ee5668-ecd5-4366-a6ce-c1c9b8d4e938
gte-large,chrome,upper,44ee5668-ecd5-4366-a6ce-c1c9b8d4e938::v3,0.934594,0.856253,0.078341,0.455008,44ee5668-ecd5-4366-a6ce-c1c9b8d4e938
gte-large,chrome,upper,44ee5668-ecd5-4366-a6ce-c1c9b8d4e938::v4,0.952207,0.850898,0.101309,0.320541,44ee5668-ecd5-4366-a6ce-c1c9b8d4e938
gte-large,chrome,upper,47543840-672a-467d-80df-8f7c3b9788c9::v0,0.976517,0.84203,0.134487,0.148652,47543840-672a-467d-80df-8f7c3b9788c9
gte-large,chrome,upper,47543840-672a-467d-80df-8f7c3b9788c9::v1,0.959231,0.839215,0.120016,0.25356,47543840-672a-467d-80df-8f7c3b9788c9
gte-large,chrome,upper,47543840-672a-467d-80df-8f7c3b9788c9::v2,0.961241,0.848095,0.113146,0.255152,47543840-672a-467d-80df-8f7c3b9788c9
gte-large,chrome,upper,47543840-672a-467d-80df-8f7c3b9788c9::v3,0.971383,0.852079,0.119304,0.19346,47543840-672a-467d-80df-8f7c3b9788c9
gte-large,chrome,upper,47543840-672a-467d-80df-8f7c3b9788c9::v4,0.968216,0.857443,0.110773,0.222954,47543840-672a-467d-80df-8f7c3b9788c9
gte-large,chrome,upper,480bcfea-d68f-4aaa-a0a9-2589ef319381::v0,0.972332,0.844552,0.12778,0.177992,480bcfea-d68f-4aaa-a0a9-2589ef319381
gte-large,chrome,upper,480bcfea-d68f-4aaa-a0a9-2589ef319381::v1,0.95095,0.861825,0.089125,0.354987,480bcfea-d68f-4aaa-a0a9-2589ef319381
gte-large,chrome,upper,480bcfea-d68f-4aaa-a0a9-2589ef319381::v2,0.966584,0.858129,0.108455,0.23554,480bcfea-d68f-4aaa-a0a9-2589ef319381
gte-large,chrome,upper,480bcfea-d68f-4aaa-a0a9-2589ef319381::v3,0.956298,0.864659,0.091639,0.322901,480bcfea-d68f-4aaa-a0a9-2589ef319381
gte-large,chrome,upper,480bcfea-d68f-4aaa-a0a9-2589ef319381::v4,0.951857,0.840379,0.111479,0.301606,480bcfea-d68f-4aaa-a0a9-2589ef319381
gte-large,chrome,upper,59155008-fe71-45ec-8a8f-dc35497b6aa8::v0,0.971403,0.782563,0.18884,0.131518,59155008-fe71-45ec-8a8f-dc35497b6aa8
gte-large,chrome,upper,59155008-fe71-45ec-8a8f-dc35497b6aa8::v1,0.9749,0.775916,0.198983,0.112014,59155008-fe71-45ec-8a8f-dc35497b6aa8
gte-large,chrome,upper,59155008-fe71-45ec-8a8f-dc35497b6aa8::v2,0.9673,0.770618,0.196682,0.142557,59155008-fe71-45ec-8a8f-dc35497b6aa8
gte-large,chrome,upper,59155008-fe71-45ec-8a8f-dc35497b6aa8::v3,0.989553,0.759487,0.230066,0.043435,59155008-fe71-45ec-8a8f-dc35497b6aa8
gte-large,chrome,upper,59155008-fe71-45ec-8a8f-dc35497b6aa8::v4,0.958853,0.781303,0.177551,0.188144,59155008-fe71-45ec-8a8f-dc35497b6aa8
gte-large,chrome,upper,6766f2b8-8a72-417f-a9e5-56fcaa735837::v0,0.976238,0.854023,0.122215,0.162779,6766f2b8-8a72-417f-a9e5-56fcaa735837
gte-large,chrome,upper,6766f2b8-8a72-417f-a9e5-56fcaa735837::v1,0.978288,0.861307,0.116981,0.15655,6766f2b8-8a72-417f-a9e5-56fcaa735837
gte-large,chrome,upper,6766f2b8-8a72-417f-a9e5-56fcaa735837::v2,0.963137,0.844702,0.118436,0.237366,6766f2b8-8a72-417f-a9e5-56fcaa735837
gte-large,chrome,upper,6766f2b8-8a72-417f-a9e5-56fcaa735837::v3,0.961461,0.869437,0.092024,0.295174,6766f2b8-8a72-417f-a9e5-56fcaa735837
gte-large,chrome,upper,6766f2b8-8a72-417f-a9e5-56fcaa735837::v4,0.930822,0.835774,0.095048,0.421235,6766f2b8-8a72-417f-a9e5-56fcaa735837
gte-large,chrome,upper,6c4c23a1-42a4-43cc-9db1-2f86ff3738cc::v0,0.965542,0.854638,0.110904,0.23705,6c4c23a1-42a4-43cc-9db1-2f86ff3738cc
gte-large,chrome,upper,6c4c23a1-42a4-43cc-9db1-2f86ff3738cc::v1,0.96346,0.851252,0.112208,0.245651,6c4c23a1-42a4-43cc-9db1-2f86ff3738cc
gte-large,chrome,upper,6c4c23a1-42a4-43cc-9db1-2f86ff3738cc::v2,0.972228,0.852872,0.119357,0.188759,6c4c23a1-42a4-43cc-9db1-2f86ff3738cc
gte-large,chrome,upper,6c4c23a1-42a4-43cc-9db1-2f86ff3738cc::v3,0.972806,0.858454,0.114351,0.192124,6c4c23a1-42a4-43cc-9db1-2f86ff3738cc
gte-large,chrome,upper,6c4c23a1-42a4-43cc-9db1-2f86ff3738cc::v4,0.956955,0.848201,0.108754,0.283566,6c4c23a1-42a4-43cc-9db1-2f86ff3738cc
gte-large,chrome,upper,7a5a7856-f1b6-42a4-ade9-1ca81ca0f263::v0,0.95313,0.859897,0.093233,0.33454,7a5a7856-f1b6-42a4-ade9-1ca81ca0f263
gte-large,chrome,upper,7a5a7856-f1b6-42a4-ade9-1ca81ca0f263::v1,0.934434,0.906522,0.027912,0.701404,7a5a7856-f1b6-42a4-ade9-1ca81ca0f263
gte-large,chrome,upper,7a5a7856-f1b6-42a4-ade9-1ca81ca0f263::v2,0.941848,0.878698,0.06315,0.479399,7a5a7856-f1b6-42a4-ade9-1ca81ca0f263
gte-large,chrome,upper,7a5a7856-f1b6-42a4-ade9-1ca81ca0f263::v3,0.956207,0.891956,0.06425,0.405331,7a5a7856-f1b6-42a4-ade9-1ca81ca0f263
gte-large,chrome,upper,7a5a7856-f1b6-42a4-ade9-1ca81ca0f263::v4,0.931317,0.892458,0.038859,0.638665,7a5a7856-f1b6-42a4-ade9-1ca81ca0f263
gte-large,chrome,upper,7b6c7e24-c58a-49fc-a5bb-d57b80e5b4c3::v0,0.935305,0.852203,0.083102,0.437728,7b6c7e24-c58a-49fc-a5bb-d57b80e5b4c3
gte-large,chrome,upper,7b6c7e24-c58a-49fc-a5bb-d57b80e5b4c3::v1,0.94949,0.858339,0.09115,0.356559,7b6c7e24-c58a-49fc-a5bb-d57b80e5b4c3
gte-large,chrome,upper,7b6c7e24-c58a-49fc-a5bb-d57b80e5b4c3::v2,0.948968,0.857625,0.091343,0.358432,7b6c7e24-c58a-49fc-a5bb-d57b80e5b4c3
gte-large,chrome,upper,7b6c7e24-c58a-49fc-a5bb-d57b80e5b4c3::v3,0.92505,0.870932,0.054118,0.580704,7b6c7e24-c58a-49fc-a5bb-d57b80e5b4c3
gte-large,chrome,upper,7b6c7e24-c58a-49fc-a5bb-d57b80e5b4c3::v4,0.951776,0.860297,0.091479,0.345191,7b6c7e24-c58a-49fc-a5bb-d57b80e5b4c3
gte-large,chrome,upper,7f52cab9-535c-4835-ac8c-391ee64dc930::v0,0.986106,0.781958,0.204148,0.063723,7f52cab9-535c-4835-ac8c-391ee64dc930
gte-large,chrome,upper,7f52cab9-535c-4835-ac8c-391ee64dc930::v1,0.974339,0.814811,0.159528,0.138564,7f52cab9-535c-4835-ac8c-391ee64dc930
gte-large,chrome,upper,7f52cab9-535c-4835-ac8c-391ee64dc930::v2,0.971311,0.820882,0.150429,0.160167,7f52cab9-535c-4835-ac8c-391ee64dc930
gte-large,chrome,upper,7f52cab9-535c-4835-ac8c-391ee64dc930::v3,0.99136,0.795922,0.195438,0.042335,7f52cab9-535c-4835-ac8c-391ee64dc930
gte-large,chrome,upper,7f52cab9-535c-4835-ac8c-391ee64dc930::v4,0.955852,0.820415,0.135437,0.245831,7f52cab9-535c-4835-ac8c-391ee64dc930
gte-large,chrome,upper,82279c77-8fc6-46f6-9622-3ba96f61b477::v0,0.972645,0.826693,0.145952,0.157843,82279c77-8fc6-46f6-9622-3ba96f61b477
gte-large,chrome,upper,82279c77-8fc6-46f6-9622-3ba96f61b477::v1,0.963483,0.811946,0.151537,0.194182,82279c77-8fc6-46f6-9622-3ba96f61b477
gte-large,chrome,upper,82279c77-8fc6-46f6-9622-3ba96f61b477::v2,0.976124,0.836894,0.139231,0.146381,82279c77-8fc6-46f6-9622-3ba96f61b477
gte-large,chrome,upper,82279c77-8fc6-46f6-9622-3ba96f61b477::v3,0.98996,0.817846,0.172114,0.055119,82279c77-8fc6-46f6-9622-3ba96f61b477
gte-large,chrome,upper,82279c77-8fc6-46f6-9622-3ba96f61b477::v4,0.96366,0.809971,0.153689,0.191233,82279c77-8fc6-46f6-9622-3ba96f61b477
gte-large,chrome,upper,82bc8d6a-36eb-4d2d-8801-ef714fb1e55a::v0,0.976016,0.858014,0.118002,0.168916,82bc8d6a-36eb-4d2d-8801-ef714fb1e55a
gte-large,chrome,upper,82bc8d6a-36eb-4d2d-8801-ef714fb1e55a::v1,0.979424,0.846543,0.132881,0.134083,82bc8d6a-36eb-4d2d-8801-ef714fb1e55a
gte-large,chrome,upper,82bc8d6a-36eb-4d2d-8801-ef714fb1e55a::v2,0.961772,0.843457,0.118315,0.244204,82bc8d6a-36eb-4d2d-8801-ef714fb1e55a
gte-large,chrome,upper,82bc8d6a-36eb-4d2d-8801-ef714fb1e55a::v3,0.972075,0.842225,0.12985,0.176994,82bc8d6a-36eb-4d2d-8801-ef714fb1e55a
gte-large,chrome,upper,82bc8d6a-36eb-4d2d-8801-ef714fb1e55a::v4,0.968751,0.850407,0.118343,0.208896,82bc8d6a-36eb-4d2d-8801-ef714fb1e55a
gte-large,chrome,upper,93eabf48-6a27-4cb6-b963-7d5fe1e0d3a9::v0,0.965266,0.875711,0.089555,0.279464,93eabf48-6a27-4cb6-b963-7d5fe1e0d3a9
gte-large,chrome,upper,93eabf48-6a27-4cb6-b963-7d5fe1e0d3a9::v1,0.965503,0.865564,0.099938,0.256607,93eabf48-6a27-4cb6-b963-7d5fe1e0d3a9
gte-large,chrome,upper,93eabf48-6a27-4cb6-b963-7d5fe1e0d3a9::v2,0.963324,0.864923,0.0984,0.271523,93eabf48-6a27-4cb6-b963-7d5fe1e0d3a9
gte-large,chrome,upper,93eabf48-6a27-4cb6-b963-7d5fe1e0d3a9::v3,0.965753,0.864279,0.101474,0.252334,93eabf48-6a27-4cb6-b963-7d5fe1e0d3a9
gte-large,chrome,upper,93eabf48-6a27-4cb6-b963-7d5fe1e0d3a9::v4,0.963612,0.880202,0.08341,0.303748,93eabf48-6a27-4cb6-b963-7d5fe1e0d3a9
gte-large,chrome,upper,9656a811-9b5b-4ddf-99c7-5117bcef0626::v0,0.974641,0.876577,0.098064,0.205467,9656a811-9b5b-4ddf-99c7-5117bcef0626
gte-large,chrome,upper,9656a811-9b5b-4ddf-99c7-5117bcef0626::v1,0.957377,0.863037,0.094341,0.311196,9656a811-9b5b-4ddf-99c7-5117bcef0626
gte-large,chrome,upper,9656a811-9b5b-4ddf-99c7-5117bcef0626::v2,0.957376,0.875961,0.081414,0.343638,9656a811-9b5b-4ddf-99c7-5117bcef0626
gte-large,chrome,upper,9656a811-9b5b-4ddf-99c7-5117bcef0626::v3,0.949659,0.871392,0.078267,0.391429,9656a811-9b5b-4ddf-99c7-5117bcef0626
gte-large,chrome,upper,9656a811-9b5b-4ddf-99c7-5117bcef0626::v4,0.95872,0.869189,0.089531,0.315571,9656a811-9b5b-4ddf-99c7-5117bcef0626
gte-large,chrome,upper,99146c54-4f37-4ab8-9327-5f3291665e1e::v0,0.964441,0.864015,0.100425,0.261494,99146c54-4f37-4ab8-9327-5f3291665e1e
gte-large,chrome,upper,99146c54-4f37-4ab8-9327-5f3291665e1e::v1,0.966553,0.85496,0.111593,0.230605,99146c54-4f37-4ab8-9327-5f3291665e1e
gte-large,chrome,upper,99146c54-4f37-4ab8-9327-5f3291665e1e::v2,0.956574,0.862946,0.093628,0.316854,99146c54-4f37-4ab8-9327-5f3291665e1e
gte-large,chrome,upper,99146c54-4f37-4ab8-9327-5f3291665e1e::v3,0.958223,0.853025,0.105198,0.284244,99146c54-4f37-4ab8-9327-5f3291665e1e
gte-large,chrome,upper,99146c54-4f37-4ab8-9327-5f3291665e1e::v4,0.948163,0.862883,0.08528,0.378053,99146c54-4f37-4ab8-9327-5f3291665e1e
gte-large,chrome,upper,9f3f70fc-5afc-4958-a7b7-3bb4fcb01805::v0,0.978361,0.799933,0.178429,0.108157,9f3f70fc-5afc-4958-a7b7-3bb4fcb01805
gte-large,chrome,upper,9f3f70fc-5afc-4958-a7b7-3bb4fcb01805::v1,0.966343,0.822111,0.144232,0.189202,9f3f70fc-5afc-4958-a7b7-3bb4fcb01805
gte-large,chrome,upper,9f3f70fc-5afc-4958-a7b7-3bb4fcb01805::v2,0.964747,0.826193,0.138554,0.202829,9f3f70fc-5afc-4958-a7b7-3bb4fcb01805
gte-large,chrome,upper,9f3f70fc-5afc-4958-a7b7-3bb4fcb01805::v3,0.979244,0.820177,0.159067,0.115425,9f3f70fc-5afc-4958-a7b7-3bb4fcb01805
gte-large,chrome,upper,9f3f70fc-5afc-4958-a7b7-3bb4fcb01805::v4,0.932421,0.812142,0.120279,0.359737,9f3f70fc-5afc-4958-a7b7-3bb4fcb01805
gte-large,chrome,upper,9f935cce-0a9f-435f-8007-817732bfc0a5::v0,0.977469,0.793722,0.183747,0.109226,9f935cce-0a9f-435f-8007-817732bfc0a5
gte-large,chrome,upper,9f935cce-0a9f-435f-8007-817732bfc0a5::v1,0.973202,0.815831,0.157371,0.145506,9f935cce-0a9f-435f-8007-817732bfc0a5
gte-large,chrome,upper,9f935cce-0a9f-435f-8007-817732bfc0a5::v2,0.973681,0.809245,0.164436,0.137973,9f935cce-0a9f-435f-8007-817732bfc0a5
gte-large,chrome,upper,9f935cce-0a9f-435f-8007-817732bfc0a5::v3,0.965055,0.793919,0.171136,0.169569,9f935cce-0a9f-435f-8007-817732bfc0a5
gte-large,chrome,upper,9f935cce-0a9f-435f-8007-817732bfc0a5::v4,0.975888,0.804433,0.171454,0.123294,9f935cce-0a9f-435f-8007-817732bfc0a5
gte-large,chrome,upper,a728a36e-8bf1-4bb6-9a03-ef039a5233f0::v0,0.981413,0.807103,0.174311,0.096356,a728a36e-8bf1-4bb6-9a03-ef039a5233f0
gte-large,chrome,upper,a728a36e-8bf1-4bb6-9a03-ef039a5233f0::v1,0.949653,0.800444,0.149209,0.252296,a728a36e-8bf1-4bb6-9a03-ef039a5233f0
gte-large,chrome,upper,a728a36e-8bf1-4bb6-9a03-ef039a5233f0::v2,0.947767,0.815627,0.13214,0.283299,a728a36e-8bf1-4bb6-9a03-ef039a5233f0
gte-large,chrome,upper,a728a36e-8bf1-4bb6-9a03-ef039a5233f0::v3,0.961761,0.808025,0.153735,0.19919,a728a36e-8bf1-4bb6-9a03-ef039a5233f0
gte-large,chrome,upper,a728a36e-8bf1-4bb6-9a03-ef039a5233f0::v4,0.962937,0.792793,0.170144,0.17887,a728a36e-8bf1-4bb6-9a03-ef039a5233f0
gte-large,chrome,upper,a96b564e-dbe9-42c3-9ccf-b4498073438a::v0,0.981514,0.820555,0.160959,0.103017,a96b564e-dbe9-42c3-9ccf-b4498073438a
gte-large,chrome,upper,a96b564e-dbe9-42c3-9ccf-b4498073438a::v1,0.950606,0.82487,0.125737,0.282039,a96b564e-dbe9-42c3-9ccf-b4498073438a
gte-large,chrome,upper,a96b564e-dbe9-42c3-9ccf-b4498073438a::v2,0.961156,0.813837,0.147319,0.208657,a96b564e-dbe9-42c3-9ccf-b4498073438a
gte-large,chrome,upper,a96b564e-dbe9-42c3-9ccf-b4498073438a::v3,0.962776,0.825136,0.13764,0.212875,a96b564e-dbe9-42c3-9ccf-b4498073438a
gte-large,chrome,upper,a96b564e-dbe9-42c3-9ccf-b4498073438a::v4,0.955439,0.82405,0.131389,0.25326,a96b564e-dbe9-42c3-9ccf-b4498073438a
gte-large,chrome,upper,ae78f875-5b98-4907-bbb5-9c737fc68c03::v0,0.945723,0.815626,0.130097,0.294387,ae78f875-5b98-4907-bbb5-9c737fc68c03
gte-large,chrome,upper,ae78f875-5b98-4907-bbb5-9c737fc68c03::v1,0.969683,0.814119,0.155564,0.163101,ae78f875-5b98-4907-bbb5-9c737fc68c03
gte-large,chrome,upper,ae78f875-5b98-4907-bbb5-9c737fc68c03::v2,0.936783,0.828202,0.108582,0.367971,ae78f875-5b98-4907-bbb5-9c737fc68c03
gte-large,chrome,upper,ae78f875-5b98-4907-bbb5-9c737fc68c03::v3,0.952277,0.83028,0.121996,0.281188,ae78f875-5b98-4907-bbb5-9c737fc68c03
gte-large,chrome,upper,ae78f875-5b98-4907-bbb5-9c737fc68c03::v4,0.951392,0.835889,0.115502,0.296193,ae78f875-5b98-4907-bbb5-9c737fc68c03
gte-large,chrome,upper,af630914-714e-4a24-a7bb-f9af687d3b91::v0,0.963643,0.870823,0.09282,0.281454,af630914-714e-4a24-a7bb-f9af687d3b91
gte-large,chrome,upper,af630914-714e-4a24-a7bb-f9af687d3b91::v1,0.958313,0.848975,0.109338,0.276026,af630914-714e-4a24-a7bb-f9af687d3b91
gte-large,chrome,upper,af630914-714e-4a24-a7bb-f9af687d3b91::v2,0.956969,0.837715,0.119254,0.265157,af630914-714e-4a24-a7bb-f9af687d3b91
gte-large,chrome,upper,af630914-714e-4a24-a7bb-f9af687d3b91::v3,0.972017,0.854906,0.11711,0.192865,af630914-714e-4a24-a7bb-f9af687d3b91
gte-large,chrome,upper,af630914-714e-4a24-a7bb-f9af687d3b91::v4,0.969157,0.831213,0.137945,0.18273,af630914-714e-4a24-a7bb-f9af687d3b91
gte-large,chrome,upper,b070486d-e161-459b-aa2b-ef442d973b92::v0,0.977683,0.788413,0.189271,0.105472,b070486d-e161-459b-aa2b-ef442d973b92
gte-large,chrome,upper,b070486d-e161-459b-aa2b-ef442d973b92::v1,0.96287,0.779051,0.183819,0.168049,b070486d-e161-459b-aa2b-ef442d973b92
gte-large,chrome,upper,b070486d-e161-459b-aa2b-ef442d973b92::v2,0.954773,0.808202,0.146571,0.235807,b070486d-e161-459b-aa2b-ef442d973b92
gte-large,chrome,upper,b070486d-e161-459b-aa2b-ef442d973b92::v3,0.964778,0.775624,0.189155,0.156975,b070486d-e161-459b-aa2b-ef442d973b92
gte-large,chrome,upper,b070486d-e161-459b-aa2b-ef442d973b92::v4,0.965974,0.801719,0.164256,0.171603,b070486d-e161-459b-aa2b-ef442d973b92
gte-large,chrome,upper,b4f95342-463e-4179-8c3f-193cd7241fb2::v0,0.995853,0.816905,0.178948,0.022651,b4f95342-463e-4179-8c3f-193cd7241fb2
gte-large,chrome,upper,b4f95342-463e-4179-8c3f-193cd7241fb2::v1,0.967363,0.807922,0.15944,0.169918,b4f95342-463e-4179-8c3f-193cd7241fb2
gte-large,chrome,upper,b4f95342-463e-4179-8c3f-193cd7241fb2::v2,0.97699,0.825095,0.151894,0.131559,b4f95342-463e-4179-8c3f-193cd7241fb2
gte-large,chrome,upper,b4f95342-463e-4179-8c3f-193cd7241fb2::v3,0.972256,0.818861,0.153395,0.153165,b4f95342-463e-4179-8c3f-193cd7241fb2
gte-large,chrome,upper,b4f95342-463e-4179-8c3f-193cd7241fb2::v4,0.975675,0.814193,0.161482,0.130918,b4f95342-463e-4179-8c3f-193cd7241fb2
gte-large,chrome,upper,b7895e80-f4d1-4648-bee0-4eb45a6f1fa8::v0,0.979141,0.836304,0.142837,0.127427,b7895e80-f4d1-4648-bee0-4eb45a6f1fa8
gte-large,chrome,upper,b7895e80-f4d1-4648-bee0-4eb45a6f1fa8::v1,0.970746,0.826614,0.144131,0.168722,b7895e80-f4d1-4648-bee0-4eb45a6f1fa8
gte-large,chrome,upper,b7895e80-f4d1-4648-bee0-4eb45a6f1fa8::v2,0.968023,0.834015,0.134008,0.19265,b7895e80-f4d1-4648-bee0-4eb45a6f1fa8
gte-large,chrome,upper,b7895e80-f4d1-4648-bee0-4eb45a6f1fa8::v3,0.971927,0.829965,0.141962,0.1651,b7895e80-f4d1-4648-bee0-4eb45a6f1fa8
gte-large,chrome,upper,b7895e80-f4d1-4648-bee0-4eb45a6f1fa8::v4,0.969132,0.82711,0.142022,0.178539,b7895e80-f4d1-4648-bee0-4eb45a6f1fa8
gte-large,chrome,upper,bb5e4c0d-f964-439c-97b6-bdb9747de3f4::v0,0.92676,0.827435,0.099324,0.424424,bb5e4c0d-f964-439c-97b6-bdb9747de3f4
gte-large,chrome,upper,bb5e4c0d-f964-439c-97b6-bdb9747de3f4::v1,0.949582,0.855724,0.093858,0.349454,bb5e4c0d-f964-439c-97b6-bdb9747de3f4
gte-large,chrome,upper,bb5e4c0d-f964-439c-97b6-bdb9747de3f4::v2,0.926261,0.826843,0.099418,0.425852,bb5e4c0d-f964-439c-97b6-bdb9747de3f4
gte-large,chrome,upper,bb5e4c0d-f964-439c-97b6-bdb9747de3f4::v3,0.914354,0.86276,0.051594,0.624059,bb5e4c0d-f964-439c-97b6-bdb9747de3f4
gte-large,chrome,upper,bb5e4c0d-f964-439c-97b6-bdb9747de3f4::v4,0.954508,0.830158,0.12435,0.267849,bb5e4c0d-f964-439c-97b6-bdb9747de3f4
gte-large,chrome,upper,c1fa57f3-c3db-4596-8f09-020701085416::v0,0.99154,0.815269,0.17627,0.045798,c1fa57f3-c3db-4596-8f09-020701085416
gte-large,chrome,upper,c1fa57f3-c3db-4596-8f09-020701085416::v1,0.967613,0.818764,0.148849,0.178703,c1fa57f3-c3db-4596-8f09-020701085416
gte-large,chrome,upper,c1fa57f3-c3db-4596-8f09-020701085416::v2,0.980197,0.83893,0.141267,0.122947,c1fa57f3-c3db-4596-8f09-020701085416
gte-large,chrome,upper,c1fa57f3-c3db-4596-8f09-020701085416::v3,0.988652,0.822919,0.165734,0.064081,c1fa57f3-c3db-4596-8f09-020701085416
gte-large,chrome,upper,c1fa57f3-c3db-4596-8f09-020701085416::v4,0.962175,0.82111,0.141065,0.211444,c1fa57f3-c3db-4596-8f09-020701085416
gte-large,chrome,upper,cabb3bae-cccb-41bd-9f5d-0f3a9fecd825::v0,0.99108,0.781137,0.209943,0.040758,cabb3bae-cccb-41bd-9f5d-0f3a9fecd825
gte-large,chrome,upper,cabb3bae-cccb-41bd-9f5d-0f3a9fecd825::v1,0.954931,0.806667,0.148263,0.233119,cabb3bae-cccb-41bd-9f5d-0f3a9fecd825
gte-large,chrome,upper,cabb3bae-cccb-41bd-9f5d-0f3a9fecd825::v2,0.963996,0.80644,0.157556,0.186008,cabb3bae-cccb-41bd-9f5d-0f3a9fecd825
gte-large,chrome,upper,cabb3bae-cccb-41bd-9f5d-0f3a9fecd825::v3,0.986796,0.791973,0.194823,0.063472,cabb3bae-cccb-41bd-9f5d-0f3a9fecd825
gte-large,chrome,upper,cabb3bae-cccb-41bd-9f5d-0f3a9fecd825::v4,0.96616,0.812669,0.15349,0.180645,cabb3bae-cccb-41bd-9f5d-0f3a9fecd825
gte-large,chrome,upper,da46d875-6b82-4681-9284-653b0c7ae241::v0,0.993079,0.815668,0.177411,0.037547,da46d875-6b82-4681-9284-653b0c7ae241
gte-large,chrome,upper,da46d875-6b82-4681-9284-653b0c7ae241::v1,0.964343,0.816016,0.148327,0.193806,da46d875-6b82-4681-9284-653b0c7ae241
gte-large,chrome,upper,da46d875-6b82-4681-9284-653b0c7ae241::v2,0.96638,0.821151,0.145229,0.187979,da46d875-6b82-4681-9284-653b0c7ae241
gte-large,chrome,upper,da46d875-6b82-4681-9284-653b0c7ae241::v3,0.984627,0.818319,0.166307,0.084617,da46d875-6b82-4681-9284-653b0c7ae241
gte-large,chrome,upper,da46d875-6b82-4681-9284-653b0c7ae241::v4,0.958737,0.816165,0.142572,0.224456,da46d875-6b82-4681-9284-653b0c7ae241
gte-large,chrome,upper,e1e75309-3ddb-4d09-92ec-de869c928143::v0,0.947914,0.838351,0.109563,0.322217,e1e75309-3ddb-4d09-92ec-de869c928143
gte-large,chrome,upper,e1e75309-3ddb-4d09-92ec-de869c928143::v1,0.947972,0.833287,0.114685,0.312082,e1e75309-3ddb-4d09-92ec-de869c928143
gte-large,chrome,upper,e1e75309-3ddb-4d09-92ec-de869c928143::v2,0.950728,0.825009,0.125719,0.281568,e1e75309-3ddb-4d09-92ec-de869c928143
gte-large,chrome,upper,e1e75309-3ddb-4d09-92ec-de869c928143::v3,0.945514,0.826474,0.119041,0.313991,e1e75309-3ddb-4d09-92ec-de869c928143
gte-large,chrome,upper,e1e75309-3ddb-4d09-92ec-de869c928143::v4,0.945158,0.826494,0.118665,0.316079,e1e75309-3ddb-4d09-92ec-de869c928143
gte-large,chrome,upper,f0b971a1-6831-4b9b-a50e-22a6e47f45ba::v0,0.979218,0.789847,0.189371,0.098892,f0b971a1-6831-4b9b-a50e-22a6e47f45ba
gte-large,chrome,upper,f0b971a1-6831-4b9b-a50e-22a6e47f45ba::v1,0.956186,0.786185,0.170001,0.204917,f0b971a1-6831-4b9b-a50e-22a6e47f45ba
gte-large,chrome,upper,f0b971a1-6831-4b9b-a50e-22a6e47f45ba::v2,0.981142,0.794575,0.186567,0.091799,f0b971a1-6831-4b9b-a50e-22a6e47f45ba
gte-large,chrome,upper,f0b971a1-6831-4b9b-a50e-22a6e47f45ba::v3,0.986762,0.786427,0.200335,0.061984,f0b971a1-6831-4b9b-a50e-22a6e47f45ba
gte-large,chrome,upper,f0b971a1-6831-4b9b-a50e-22a6e47f45ba::v4,0.983733,0.781933,0.2018,0.074595,f0b971a1-6831-4b9b-a50e-22a6e47f45ba
gte-large,chrome,upper,f3b19d1e-2d48-44e9-b4e1-defcae1a0197::v0,0.984751,0.826975,0.157776,0.088134,f3b19d1e-2d48-44e9-b4e1-defcae1a0197
gte-large,chrome,upper,f3b19d1e-2d48-44e9-b4e1-defcae1a0197::v1,0.973278,0.823579,0.149699,0.151467,f3b19d1e-2d48-44e9-b4e1-defcae1a0197
gte-large,chrome,upper,f3b19d1e-2d48-44e9-b4e1-defcae1a0197::v2,0.983775,0.822519,0.161256,0.091417,f3b19d1e-2d48-44e9-b4e1-defcae1a0197
gte-large,chrome,upper,f3b19d1e-2d48-44e9-b4e1-defcae1a0197::v3,0.979587,0.804621,0.174966,0.104479,f3b19d1e-2d48-44e9-b4e1-defcae1a0197
gte-large,chrome,upper,f3b19d1e-2d48-44e9-b4e1-defcae1a0197::v4,0.95816,0.83171,0.12645,0.24862,f3b19d1e-2d48-44e9-b4e1-defcae1a0197
gte-large,chrome,upper,f5d96daf-83a8-4c86-9686-bada31fc66ab::v0,0.95933,0.7652,0.19413,0.17321,f5d96daf-83a8-4c86-9686-bada31fc66ab
gte-large,chrome,upper,f5d96daf-83a8-4c86-9686-bada31fc66ab::v1,0.987909,0.743912,0.243997,0.047216,f5d96daf-83a8-4c86-9686-bada31fc66ab
gte-large,chrome,upper,f5d96daf-83a8-4c86-9686-bada31fc66ab::v2,0.941277,0.774145,0.167133,0.260001,f5d96daf-83a8-4c86-9686-bada31fc66ab
gte-large,chrome,upper,f5d96daf-83a8-4c86-9686-bada31fc66ab::v3,0.971997,0.754745,0.217252,0.11418,f5d96daf-83a8-4c86-9686-bada31fc66ab
gte-large,chrome,upper,f5d96daf-83a8-4c86-9686-bada31fc66ab::v4,0.974874,0.742181,0.232693,0.097457,f5d96daf-83a8-4c86-9686-bada31fc66ab
gte-large,chrome,upper,f79439ad-3ee8-4f99-a518-0eb60e5652b0::v0,0.98718,0.841235,0.145946,0.080747,f79439ad-3ee8-4f99-a518-0eb60e5652b0
gte-large,chrome,upper,f79439ad-3ee8-4f99-a518-0eb60e5652b0::v1,0.983547,0.837787,0.14576,0.101426,f79439ad-3ee8-4f99-a518-0eb60e5652b0
gte-large,chrome,upper,f79439ad-3ee8-4f99-a518-0eb60e5652b0::v2,0.980294,0.848123,0.132171,0.129751,f79439ad-3ee8-4f99-a518-0eb60e5652b0
gte-large,chrome,upper,f79439ad-3ee8-4f99-a518-0eb60e5652b0::v3,0.989273,0.856503,0.13277,0.074753,f79439ad-3ee8-4f99-a518-0eb60e5652b0
gte-large,chrome,upper,f79439ad-3ee8-4f99-a518-0eb60e5652b0::v4,0.980978,0.847944,0.133035,0.125096,f79439ad-3ee8-4f99-a518-0eb60e5652b0
gte-large,chrome,upper,fc6d8143-9452-4171-9459-7f515143419a::v0,0.98715,0.864618,0.122532,0.094918,fc6d8143-9452-4171-9459-7f515143419a
gte-large,chrome,upper,fc6d8143-9452-4171-9459-7f515143419a::v1,0.980621,0.85647,0.124151,0.13502,fc6d8143-9452-4171-9459-7f515143419a
gte-large,chrome,upper,fc6d8143-9452-4171-9459-7f515143419a::v2,0.975234,0.840077,0.135157,0.154863,fc6d8143-9452-4171-9459-7f515143419a
gte-large,chrome,upper,fc6d8143-9452-4171-9459-7f515143419a::v3,0.978607,0.861318,0.117289,0.154258,fc6d8143-9452-4171-9459-7f515143419a
gte-large,chrome,upper,fc6d8143-9452-4171-9459-7f515143419a::v4,0.972004,0.854255,0.117749,0.192087,fc6d8143-9452-4171-9459-7f515143419a
gte-large,gimp,verdict,gimp_add_border_export,0.837876,0.83022,0.007656,0.954907,77b8ab4d-994f-43ac-8930-8ca087d7c4b4
gte-large,gimp,verdict,gimp_add_guide_50pct,0.863756,0.846003,0.017753,0.884716,f4aec372-4fb0-4df5-a52b-79e0e2a5d6ce
gte-large,gimp,verdict,gimp_add_layer_mask_black,0.82618,0.825655,0.000526,0.996985,734d6579-c07d-47a8-9ae2-13339795476b
gte-large,gimp,verdict,gimp_alpha_channel_erase,0.854512,0.83129,0.023221,0.862358,b148e375-fe0b-4bec-90e7-38632b0d73c2
gte-large,gimp,verdict,gimp_brighten_photo,0.943249,0.919894,0.023355,0.708447,7a4deb26-d57d-4ea9-9a73-630f66a7b568
gte-large,gimp,verdict,gimp_canvas_size_white_fill,0.847402,0.83989,0.007511,0.953086,d16c99dc-2a1e-46f2-b350-d97c86c85c15
gte-large,gimp,verdict,gimp_channel_new_mask,0.841381,0.782502,0.058879,0.729289,b148e375-fe0b-4bec-90e7-38632b0d73c2
gte-large,gimp,verdict,gimp_convert_webp,0.853706,0.850576,0.00313,0.979055,5ca86c6f-f317-49d8-b6a7-b527541caae8
gte-large,gimp,verdict,gimp_crop_square_512,0.854331,0.841121,0.01321,0.916853,d16c99dc-2a1e-46f2-b350-d97c86c85c15
gte-large,gimp,verdict,gimp_curves_adjustment,0.866012,0.855933,0.010079,0.930041,7a4deb26-d57d-4ea9-9a73-630f66a7b568
gte-large,gimp,verdict,gimp_drop_shadow_filter,0.844291,0.838521,0.005771,0.964264,f723c744-e62c-4ae6-98d1-750d3cd7d79d
gte-large,gimp,verdict,gimp_export_gif,0.857488,0.855825,0.001663,0.988464,77b8ab4d-994f-43ac-8930-8ca087d7c4b4
gte-large,gimp,verdict,gimp_export_output_png,0.946432,0.860856,0.085576,0.384981,77b8ab4d-994f-43ac-8930-8ca087d7c4b4
gte-large,gimp,verdict,gimp_export_pdf,0.854352,0.809396,0.044956,0.764139,77b8ab4d-994f-43ac-8930-8ca087d7c4b4
gte-large,gimp,verdict,gimp_export_psd,0.88699,0.852281,0.03471,0.765031,77b8ab4d-994f-43ac-8930-8ca087d7c4b4
gte-large,gimp,verdict,gimp_export_tiff,0.857928,0.846884,0.011044,0.927871,77b8ab4d-994f-43ac-8930-8ca087d7c4b4
gte-large,gimp,verdict,gimp_flip_vertical,0.909184,0.816871,0.092313,0.495912,72f83cdc-bf76-4531-9a1b-eb893a13f8aa
gte-large,gimp,verdict,gimp_fuzzy_select_fill,0.869352,0.848695,0.020657,0.863472,fbb548ca-c2a6-4601-9204-e39a2efc507b
gte-large,gimp,verdict,gimp_gaussian_blur_dialog,0.893588,0.839717,0.053871,0.663901,a746add2-cab0-4740-ac36-c3769d9bfb46
gte-large,gimp,verdict,gimp_gradient_fill_canvas,0.830058,0.82513,0.004928,0.971816,06ca5602-62ca-47f6-ad4f-da151cde54cc
gte-large,gimp,verdict,gimp_grayscale_mode,0.893968,0.863558,0.03041,0.777122,06ca5602-62ca-47f6-ad4f-da151cde54cc
gte-large,gimp,verdict,gimp_group_layers,0.812351,0.790028,0.022323,0.893686,b148e375-fe0b-4bec-90e7-38632b0d73c2
gte-large,gimp,verdict,gimp_hide_right_docks,0.910134,0.845731,0.064403,0.582529,d52d6308-ec58-42b7-a2c9-de80e4837b2b
gte-large,gimp,verdict,gimp_icon_theme_legacy,0.901978,0.871405,0.030573,0.76225,7767eef2-56a3-4cea-8c9f-48c070c7d65b
gte-large,gimp,verdict,gimp_indexed_16_colors,0.827023,0.823439,0.003584,0.979699,06ca5602-62ca-47f6-ad4f-da151cde54cc
gte-large,gimp,verdict,gimp_indexed_color_mode,0.903516,0.880849,0.022667,0.809765,045bf3ff-9077-4b86-b483-a1040a949cff
gte-large,gimp,verdict,gimp_layer_blend_screen,0.851601,0.84944,0.00216,0.98565,7767eef2-56a3-4cea-8c9f-48c070c7d65b
gte-large,gimp,verdict,gimp_layer_preview_large,0.852818,0.85217,0.000648,0.995616,d16c99dc-2a1e-46f2-b350-d97c86c85c15
gte-large,gimp,verdict,gimp_levels_adjustment,0.828758,0.821981,0.006778,0.961928,7767eef2-56a3-4cea-8c9f-48c070c7d65b
gte-large,gimp,verdict,gimp_lower_contrast,0.904325,0.899782,0.004544,0.954663,f723c744-e62c-4ae6-98d1-750d3cd7d79d
gte-large,gimp,verdict,gimp_merge_visible_clip,0.831485,0.821563,0.009922,0.944397,d16c99dc-2a1e-46f2-b350-d97c86c85c15
gte-large,gimp,verdict,gimp_moon_top_left,0.904657,0.846656,0.058001,0.62176,f4aec372-4fb0-4df5-a52b-79e0e2a5d6ce
gte-large,gimp,verdict,gimp_new_layer_half_opacity,0.844835,0.839642,0.005193,0.967616,b148e375-fe0b-4bec-90e7-38632b0d73c2
gte-large,gimp,verdict,gimp_new_layer_multiply,0.85657,0.816681,0.039888,0.78241,b148e375-fe0b-4bec-90e7-38632b0d73c2
gte-large,gimp,verdict,gimp_new_layer_name,0.912009,0.813272,0.098737,0.471226,b148e375-fe0b-4bec-90e7-38632b0d73c2
gte-large,gimp,verdict,gimp_new_layer_white_fill,0.867148,0.849025,0.018123,0.879958,b148e375-fe0b-4bec-90e7-38632b0d73c2
gte-large,gimp,verdict,gimp_new_text_sale,0.837714,0.829505,0.00821,0.951848,b148e375-fe0b-4bec-90e7-38632b0d73c2
gte-large,gimp,verdict,gimp_path_new_outline,0.835604,0.775953,0.059651,0.733757,b148e375-fe0b-4bec-90e7-38632b0d73c2
gte-large,gimp,verdict,gimp_pointer_crosshair,0.814388,0.805448,0.00894,0.954047,d52d6308-ec58-42b7-a2c9-de80e4837b2b
gte-large,gimp,verdict,gimp_posterize_effect,0.830897,0.829839,0.001058,0.993783,d16c99dc-2a1e-46f2-b350-d97c86c85c15
gte-large,gimp,verdict,gimp_recent_files_20,0.87569,0.846085,0.029605,0.807651,2e6f678f-472d-4c55-99cc-8e7c5c402a71
gte-large,gimp,verdict,gimp_red_background_layer,0.888575,0.846072,0.042502,0.723882,734d6579-c07d-47a8-9ae2-13339795476b
gte-large,gimp,verdict,gimp_reduce_saturation,0.914354,0.908259,0.006095,0.93356,7a4deb26-d57d-4ea9-9a73-630f66a7b568
gte-large,gimp,verdict,gimp_resize_layer_256,0.911404,0.845765,0.065639,0.574424,d16c99dc-2a1e-46f2-b350-d97c86c85c15
gte-large,gimp,verdict,gimp_rotate_90_export,0.866382,0.851313,0.015069,0.898654,72f83cdc-bf76-4531-9a1b-eb893a13f8aa
gte-large,gimp,verdict,gimp_save_project_xcf,0.859533,0.835079,0.024454,0.851721,dbbf4b99-2253-4b10-9274-45f246af2466
gte-large,gimp,verdict,gimp_scale_image_800x600,0.853201,0.852322,0.00088,0.994042,d16c99dc-2a1e-46f2-b350-d97c86c85c15
gte-large,gimp,verdict,gimp_scriptfu_export,0.856732,0.853841,0.002891,0.980219,dbbf4b99-2253-4b10-9274-45f246af2466
gte-large,gimp,verdict,gimp_selection_feather_25,0.848857,0.835938,0.012919,0.921255,2e6f678f-472d-4c55-99cc-8e7c5c402a71
gte-large,gimp,verdict,gimp_selection_grow_10,0.841299,0.830949,0.01035,0.938778,f4aec372-4fb0-4df5-a52b-79e0e2a5d6ce
gte-large,gimp,verdict,gimp_text_box_right,0.929312,0.834774,0.094538,0.427825,e2dd0213-26db-4349-abe5-d5667bfd725c
gte-large,gimp,verdict,gimp_toggle_multi_window_mode,0.853647,0.851453,0.002193,0.985237,045bf3ff-9077-4b86-b483-a1040a949cff
gte-large,gimp,verdict,gimp_toolbox_logo_off,0.857987,0.835896,0.022091,0.865385,d52d6308-ec58-42b7-a2c9-de80e4837b2b
gte-large,gimp,verdict,gimp_undo_levels_50,0.918438,0.858226,0.060212,0.575298,7b7617bd-57cc-468e-9c91-40c4ec2bcb3d
gte-large,gimp,verdict,gimp_white_background,0.887438,0.870195,0.017244,0.867157,2a729ded-3296-423d-aec4-7dd55ed5fbb3
gte-large,gimp,lower,045bf3ff-9077-4b86-b483-a1040a949cff,0.872645,0.87094,0.001705,0.986791,62f7fd55-0687-4a43-b6e1-3eda16fc6252
gte-large,gimp,lower,06ca5602-62ca-47f6-ad4f-da151cde54cc,0.880357,0.873496,0.006861,0.945767,7767eef2-56a3-4cea-8c9f-48c070c7d65b
gte-large,gimp,lower,2a729ded-3296-423d-aec4-7dd55ed5fbb3,0.858012,0.848258,0.009754,0.935721,06ca5602-62ca-47f6-ad4f-da151cde54cc
gte-large,gimp,lower,2e6f678f-472d-4c55-99cc-8e7c5c402a71,0.901503,0.884427,0.017076,0.852251,e19bd559-633b-4b02-940f-d946248f088e
gte-large,gimp,lower,38f48d40-764e-4e77-a7cf-51dfce880291,0.84155,0.831682,0.009869,0.941369,d52d6308-ec58-42b7-a2c9-de80e4837b2b
gte-large,gimp,lower,554785e9-4523-4e7a-b8e1-8016f565f56a,0.896927,0.88969,0.007237,0.934391,f723c744-e62c-4ae6-98d1-750d3cd7d79d
gte-large,gimp,lower,58d3eeeb-e9d0-499f-962e-fd0db2a744d8,0.79753,0.787331,0.010199,0.952041,a746add2-cab0-4740-ac36-c3769d9bfb46
gte-large,gimp,lower,5ca86c6f-f317-49d8-b6a7-b527541caae8,0.89096,0.84589,0.04507,0.70755,62f7fd55-0687-4a43-b6e1-3eda16fc6252
gte-large,gimp,lower,62f7fd55-0687-4a43-b6e1-3eda16fc6252,0.89096,0.872645,0.018315,0.85619,5ca86c6f-f317-49d8-b6a7-b527541caae8
gte-large,gimp,lower,72f83cdc-bf76-4531-9a1b-eb893a13f8aa,0.834774,0.82058,0.014194,0.920889,f4aec372-4fb0-4df5-a52b-79e0e2a5d6ce
gte-large,gimp,lower,734d6579-c07d-47a8-9ae2-13339795476b,0.848258,0.839903,0.008355,0.947811,2a729ded-3296-423d-aec4-7dd55ed5fbb3
gte-large,gimp,lower,7767eef2-56a3-4cea-8c9f-48c070c7d65b,0.930389,0.884427,0.045962,0.602314,fbb548ca-c2a6-4601-9204-e39a2efc507b
gte-large,gimp,lower,77b8ab4d-994f-43ac-8930-8ca087d7c4b4,0.854563,0.848445,0.006118,0.959631,62f7fd55-0687-4a43-b6e1-3eda16fc6252
gte-large,gimp,lower,7a4deb26-d57d-4ea9-9a73-630f66a7b568,0.970545,0.88969,0.080855,0.267024,e19bd559-633b-4b02-940f-d946248f088e
gte-large,gimp,lower,7b7617bd-57cc-468e-9c91-40c4ec2bcb3d,0.811341,0.770931,0.04041,0.823591,2e6f678f-472d-4c55-99cc-8e7c5c402a71
gte-large,gimp,lower,8ea73f6f-9689-42ad-8c60-195bbf06a7ba,0.850128,0.849463,0.000665,0.995584,f723c744-e62c-4ae6-98d1-750d3cd7d79d
gte-large,gimp,lower,a746add2-cab0-4740-ac36-c3769d9bfb46,0.82905,0.823217,0.005834,0.967,06ca5602-62ca-47f6-ad4f-da151cde54cc
gte-large,gimp,lower,b148e375-fe0b-4bec-90e7-38632b0d73c2,0.840758,0.839903,0.000856,0.994656,06ca5602-62ca-47f6-ad4f-da151cde54cc
gte-large,gimp,lower,d16c99dc-2a1e-46f2-b350-d97c86c85c15,0.845057,0.828693,0.016364,0.904477,8ea73f6f-9689-42ad-8c60-195bbf06a7ba
gte-large,gimp,lower,d52d6308-ec58-42b7-a2c9-de80e4837b2b,0.86057,0.842266,0.018304,0.883955,e2dd0213-26db-4349-abe5-d5667bfd725c
gte-large,gimp,lower,dbbf4b99-2253-4b10-9274-45f246af2466,0.870822,0.867246,0.003576,0.973064,045bf3ff-9077-4b86-b483-a1040a949cff
gte-large,gimp,lower,e19bd559-633b-4b02-940f-d946248f088e,0.970545,0.901503,0.069041,0.299049,7a4deb26-d57d-4ea9-9a73-630f66a7b568
gte-large,gimp,lower,e2dd0213-26db-4349-abe5-d5667bfd725c,0.86057,0.820086,0.040484,0.774981,d52d6308-ec58-42b7-a2c9-de80e4837b2b
gte-large,gimp,lower,f4aec372-4fb0-4df5-a52b-79e0e2a5d6ce,0.839759,0.834774,0.004986,0.969825,06ca5602-62ca-47f6-ad4f-da151cde54cc
gte-large,gimp,lower,f723c744-e62c-4ae6-98d1-750d3cd7d79d,0.896927,0.88056,0.016367,0.862965,554785e9-4523-4e7a-b8e1-8016f565f56a
gte-large,gimp,lower,fbb548ca-c2a6-4601-9204-e39a2efc507b,0.930389,0.873496,0.056893,0.550268,7767eef2-56a3-4cea-8c9f-48c070c7d65b
gte-large,gimp,cross_floor,045bf3ff-9077-4b86-b483-a1040a949cff,0.826246,0.825457,0.000789,0.99548,fba2c100-79e8-42df-ae74-b592418d54f4
gte-large,gimp,cross_floor,06ca5602-62ca-47f6-ad4f-da151cde54cc,0.843892,0.824551,0.019341,0.889764,cb130f0d-d36f-4302-9838-b3baf46139b6
gte-large,gimp,cross_floor,2a729ded-3296-423d-aec4-7dd55ed5fbb3,0.859502,0.813877,0.045625,0.754866,efcf0d81-0835-4880-b2fd-d866e8bc2294
gte-large,gimp,cross_floor,2e6f678f-472d-4c55-99cc-8e7c5c402a71,0.854937,0.838795,0.016142,0.899865,cb130f0d-d36f-4302-9838-b3baf46139b6
gte-large,gimp,cross_floor,38f48d40-764e-4e77-a7cf-51dfce880291,0.861456,0.85654,0.004916,0.965735,efcf0d81-0835-4880-b2fd-d866e8bc2294
gte-large,gimp,cross_floor,554785e9-4523-4e7a-b8e1-8016f565f56a,0.82445,0.791677,0.032773,0.84268,cb130f0d-d36f-4302-9838-b3baf46139b6
gte-large,gimp,cross_floor,58d3eeeb-e9d0-499f-962e-fd0db2a744d8,0.803913,0.793513,0.0104,0.949636,3720f614-37fd-4d04-8a6b-76f54f8c222d
gte-large,gimp,cross_floor,5ca86c6f-f317-49d8-b6a7-b527541caae8,0.816939,0.812357,0.004581,0.975585,fba2c100-79e8-42df-ae74-b592418d54f4
gte-large,gimp,cross_floor,62f7fd55-0687-4a43-b6e1-3eda16fc6252,0.816517,0.813248,0.003269,0.982494,fba2c100-79e8-42df-ae74-b592418d54f4
gte-large,gimp,cross_floor,72f83cdc-bf76-4531-9a1b-eb893a13f8aa,0.814194,0.803793,0.010401,0.94699,aa4b5023-aef6-4ed9-bdc9-705f59ab9ad6
gte-large,gimp,cross_floor,734d6579-c07d-47a8-9ae2-13339795476b,0.819492,0.788946,0.030547,0.855266,efcf0d81-0835-4880-b2fd-d866e8bc2294
gte-large,gimp,cross_floor,7767eef2-56a3-4cea-8c9f-48c070c7d65b,0.837773,0.829731,0.008042,0.95277,93eabf48-6a27-4cb6-b963-7d5fe1e0d3a9
gte-large,gimp,cross_floor,77b8ab4d-994f-43ac-8930-8ca087d7c4b4,0.849443,0.843513,0.00593,0.962105,fba2c100-79e8-42df-ae74-b592418d54f4
gte-large,gimp,cross_floor,7a4deb26-d57d-4ea9-9a73-630f66a7b568,0.840267,0.819049,0.021218,0.882743,cb130f0d-d36f-4302-9838-b3baf46139b6
gte-large,gimp,cross_floor,7b7617bd-57cc-468e-9c91-40c4ec2bcb3d,0.792194,0.788661,0.003532,0.983286,ae78f875-5b98-4907-bbb5-9c737fc68c03
gte-large,gimp,cross_floor,8ea73f6f-9689-42ad-8c60-195bbf06a7ba,0.813993,0.80397,0.010023,0.948868,fba2c100-79e8-42df-ae74-b592418d54f4
gte-large,gimp,cross_floor,a746add2-cab0-4740-ac36-c3769d9bfb46,0.82711,0.825266,0.001843,0.989451,fba2c100-79e8-42df-ae74-b592418d54f4
gte-large,gimp,cross_floor,b148e375-fe0b-4bec-90e7-38632b0d73c2,0.796457,0.791071,0.005385,0.974225,efcf0d81-0835-4880-b2fd-d866e8bc2294
gte-large,gimp,cross_floor,d16c99dc-2a1e-46f2-b350-d97c86c85c15,0.806073,0.801073,0.005,0.974865,efcf0d81-0835-4880-b2fd-d866e8bc2294
gte-large,gimp,cross_floor,d52d6308-ec58-42b7-a2c9-de80e4837b2b,0.826149,0.811609,0.01454,0.922819,215dfd39-f493-4bc3-a027-8a97d72c61bf
gte-large,gimp,cross_floor,dbbf4b99-2253-4b10-9274-45f246af2466,0.821206,0.81436,0.006846,0.963123,fba2c100-79e8-42df-ae74-b592418d54f4
gte-large,gimp,cross_floor,e19bd559-633b-4b02-940f-d946248f088e,0.84415,0.830088,0.014063,0.917236,cb130f0d-d36f-4302-9838-b3baf46139b6
gte-large,gimp,cross_floor,e2dd0213-26db-4349-abe5-d5667bfd725c,0.806901,0.803075,0.003826,0.980571,efcf0d81-0835-4880-b2fd-d866e8bc2294
gte-large,gimp,cross_floor,f4aec372-4fb0-4df5-a52b-79e0e2a5d6ce,0.81323,0.800564,0.012666,0.936493,efcf0d81-0835-4880-b2fd-d866e8bc2294
gte-large,gimp,cross_floor,f723c744-e62c-4ae6-98d1-750d3cd7d79d,0.856411,0.81674,0.03967,0.783529,cb130f0d-d36f-4302-9838-b3baf46139b6
gte-large,gimp,cross_floor,fbb548ca-c2a6-4601-9204-e39a2efc507b,0.809653,0.806688,0.002965,0.984664,fba2c100-79e8-42df-ae74-b592418d54f4
gte-large,gimp,upper,045bf3ff-9077-4b86-b483-a1040a949cff::v0,0.970903,0.89397,0.076933,0.274426,045bf3ff-9077-4b86-b483-a1040a949cff
gte-large,gimp,upper,045bf3ff-9077-4b86-b483-a1040a949cff::v1,0.991962,0.879717,0.112245,0.066826,045bf3ff-9077-4b86-b483-a1040a949cff
gte-large,gimp,upper,045bf3ff-9077-4b86-b483-a1040a949cff::v2,0.966299,0.879863,0.086437,0.280517,045bf3ff-9077-4b86-b483-a1040a949cff
gte-large,gimp,upper,045bf3ff-9077-4b86-b483-a1040a949cff::v3,0.969455,0.894244,0.075211,0.288826,045bf3ff-9077-4b86-b483-a1040a949cff
gte-large,gimp,upper,045bf3ff-9077-4b86-b483-a1040a949cff::v4,0.961319,0.85825,0.103069,0.27288,045bf3ff-9077-4b86-b483-a1040a949cff
gte-large,gimp,upper,06ca5602-62ca-47f6-ad4f-da151cde54cc::v0,0.96103,0.847018,0.114012,0.254736,06ca5602-62ca-47f6-ad4f-da151cde54cc
gte-large,gimp,upper,06ca5602-62ca-47f6-ad4f-da151cde54cc::v1,0.963871,0.887577,0.076294,0.321368,06ca5602-62ca-47f6-ad4f-da151cde54cc
gte-large,gimp,upper,06ca5602-62ca-47f6-ad4f-da151cde54cc::v2,0.973452,0.886568,0.086884,0.23404,06ca5602-62ca-47f6-ad4f-da151cde54cc
gte-large,gimp,upper,06ca5602-62ca-47f6-ad4f-da151cde54cc::v3,0.98701,0.864577,0.122432,0.095924,06ca5602-62ca-47f6-ad4f-da151cde54cc
gte-large,gimp,upper,06ca5602-62ca-47f6-ad4f-da151cde54cc::v4,0.948516,0.873044,0.075471,0.40553,06ca5602-62ca-47f6-ad4f-da151cde54cc
gte-large,gimp,upper,2a729ded-3296-423d-aec4-7dd55ed5fbb3::v0,0.943753,0.835422,0.108332,0.341761,2a729ded-3296-423d-aec4-7dd55ed5fbb3
gte-large,gimp,upper,2a729ded-3296-423d-aec4-7dd55ed5fbb3::v1,0.987077,0.858543,0.128533,0.091358,2a729ded-3296-423d-aec4-7dd55ed5fbb3
gte-large,gimp,upper,2a729ded-3296-423d-aec4-7dd55ed5fbb3::v2,0.954949,0.861405,0.093543,0.325058,2a729ded-3296-423d-aec4-7dd55ed5fbb3
gte-large,gimp,upper,2a729ded-3296-423d-aec4-7dd55ed5fbb3::v3,0.966266,0.870221,0.096045,0.259935,2a729ded-3296-423d-aec4-7dd55ed5fbb3
gte-large,gimp,upper,2a729ded-3296-423d-aec4-7dd55ed5fbb3::v4,0.941893,0.869872,0.072021,0.446539,2a729ded-3296-423d-aec4-7dd55ed5fbb3
gte-large,gimp,upper,2e6f678f-472d-4c55-99cc-8e7c5c402a71::v0,0.978882,0.872846,0.106036,0.166085,2e6f678f-472d-4c55-99cc-8e7c5c402a71
gte-large,gimp,upper,2e6f678f-472d-4c55-99cc-8e7c5c402a71::v1,0.977991,0.904158,0.073833,0.229639,2e6f678f-472d-4c55-99cc-8e7c5c402a71
gte-large,gimp,upper,2e6f678f-472d-4c55-99cc-8e7c5c402a71::v2,0.967684,0.886022,0.081662,0.283525,2e6f678f-472d-4c55-99cc-8e7c5c402a71
gte-large,gimp,upper,2e6f678f-472d-4c55-99cc-8e7c5c402a71::v3,0.997134,0.902969,0.094166,0.029532,2e6f678f-472d-4c55-99cc-8e7c5c402a71
gte-large,gimp,upper,2e6f678f-472d-4c55-99cc-8e7c5c402a71::v4,0.956159,0.873843,0.082316,0.34751,2e6f678f-472d-4c55-99cc-8e7c5c402a71
gte-large,gimp,upper,38f48d40-764e-4e77-a7cf-51dfce880291::v0,0.978893,0.823734,0.155159,0.119746,38f48d40-764e-4e77-a7cf-51dfce880291
gte-large,gimp,upper,38f48d40-764e-4e77-a7cf-51dfce880291::v1,0.98948,0.848144,0.141336,0.069277,38f48d40-764e-4e77-a7cf-51dfce880291
gte-large,gimp,upper,38f48d40-764e-4e77-a7cf-51dfce880291::v2,0.978846,0.829116,0.14973,0.123792,38f48d40-764e-4e77-a7cf-51dfce880291
gte-large,gimp,upper,38f48d40-764e-4e77-a7cf-51dfce880291::v3,0.981715,0.844361,0.137354,0.117481,38f48d40-764e-4e77-a7cf-51dfce880291
gte-large,gimp,upper,38f48d40-764e-4e77-a7cf-51dfce880291::v4,0.948689,0.848317,0.100373,0.338275,38f48d40-764e-4e77-a7cf-51dfce880291
gte-large,gimp,upper,554785e9-4523-4e7a-b8e1-8016f565f56a::v0,0.957978,0.862207,0.095772,0.304962,554785e9-4523-4e7a-b8e1-8016f565f56a
gte-large,gimp,upper,554785e9-4523-4e7a-b8e1-8016f565f56a::v1,0.975247,0.909285,0.065962,0.272866,554785e9-4523-4e7a-b8e1-8016f565f56a
gte-large,gimp,upper,554785e9-4523-4e7a-b8e1-8016f565f56a::v2,0.970177,0.886137,0.08404,0.26192,554785e9-4523-4e7a-b8e1-8016f565f56a
gte-large,gimp,upper,554785e9-4523-4e7a-b8e1-8016f565f56a::v3,0.993173,0.894527,0.098646,0.06473,554785e9-4523-4e7a-b8e1-8016f565f56a
gte-large,gimp,upper,554785e9-4523-4e7a-b8e1-8016f565f56a::v4,0.928637,0.911143,0.017493,0.80313,554785e9-4523-4e7a-b8e1-8016f565f56a
gte-large,gimp,upper,58d3eeeb-e9d0-499f-962e-fd0db2a744d8::v0,0.995418,0.788074,0.207344,0.02162,58d3eeeb-e9d0-499f-962e-fd0db2a744d8
gte-large,gimp,upper,58d3eeeb-e9d0-499f-962e-fd0db2a744d8::v1,0.977943,0.783826,0.194117,0.102033,58d3eeeb-e9d0-499f-962e-fd0db2a744d8
gte-large,gimp,upper,58d3eeeb-e9d0-499f-962e-fd0db2a744d8::v2,0.98572,0.7938,0.19192,0.069253,58d3eeeb-e9d0-499f-962e-fd0db2a744d8
gte-large,gimp,upper,58d3eeeb-e9d0-499f-962e-fd0db2a744d8::v3,0.989116,0.783792,0.205324,0.050341,58d3eeeb-e9d0-499f-962e-fd0db2a744d8
gte-large,gimp,upper,58d3eeeb-e9d0-499f-962e-fd0db2a744d8::v4,0.978669,0.786184,0.192486,0.099761,58d3eeeb-e9d0-499f-962e-fd0db2a744d8
gte-large,gimp,upper,5ca86c6f-f317-49d8-b6a7-b527541caae8::v0,0.982612,0.881166,0.101445,0.146325,5ca86c6f-f317-49d8-b6a7-b527541caae8
gte-large,gimp,upper,5ca86c6f-f317-49d8-b6a7-b527541caae8::v1,0.982632,0.897522,0.08511,0.169477,5ca86c6f-f317-49d8-b6a7-b527541caae8
gte-large,gimp,upper,5ca86c6f-f317-49d8-b6a7-b527541caae8::v2,0.982168,0.895837,0.086331,0.171196,5ca86c6f-f317-49d8-b6a7-b527541caae8
gte-large,gimp,upper,5ca86c6f-f317-49d8-b6a7-b527541caae8::v3,0.983167,0.876421,0.106747,0.136209,5ca86c6f-f317-49d8-b6a7-b527541caae8
gte-large,gimp,upper,5ca86c6f-f317-49d8-b6a7-b527541caae8::v4,0.980127,0.889273,0.090855,0.179474,5ca86c6f-f317-49d8-b6a7-b527541caae8
gte-large,gimp,upper,62f7fd55-0687-4a43-b6e1-3eda16fc6252::v0,0.985453,0.87929,0.106163,0.120514,62f7fd55-0687-4a43-b6e1-3eda16fc6252
gte-large,gimp,upper,62f7fd55-0687-4a43-b6e1-3eda16fc6252::v1,0.991943,0.892596,0.099347,0.075018,62f7fd55-0687-4a43-b6e1-3eda16fc6252
gte-large,gimp,upper,62f7fd55-0687-4a43-b6e1-3eda16fc6252::v2,0.985966,0.885195,0.100771,0.122242,62f7fd55-0687-4a43-b6e1-3eda16fc6252
gte-large,gimp,upper,62f7fd55-0687-4a43-b6e1-3eda16fc6252::v3,0.983352,0.88707,0.096282,0.147423,62f7fd55-0687-4a43-b6e1-3eda16fc6252
gte-large,gimp,upper,62f7fd55-0687-4a43-b6e1-3eda16fc6252::v4,0.967274,0.879444,0.087829,0.27146,62f7fd55-0687-4a43-b6e1-3eda16fc6252
gte-large,gimp,upper,72f83cdc-bf76-4531-9a1b-eb893a13f8aa::v0,0.96942,0.823896,0.145524,0.173645,72f83cdc-bf76-4531-9a1b-eb893a13f8aa
gte-large,gimp,upper,72f83cdc-bf76-4531-9a1b-eb893a13f8aa::v1,0.979719,0.832577,0.147142,0.121136,72f83cdc-bf76-4531-9a1b-eb893a13f8aa
gte-large,gimp,upper,72f83cdc-bf76-4531-9a1b-eb893a13f8aa::v2,0.944259,0.816371,0.127888,0.303554,72f83cdc-bf76-4531-9a1b-eb893a13f8aa
gte-large,gimp,upper,72f83cdc-bf76-4531-9a1b-eb893a13f8aa::v3,0.994001,0.836861,0.15714,0.036773,72f83cdc-bf76-4531-9a1b-eb893a13f8aa
gte-large,gimp,upper,72f83cdc-bf76-4531-9a1b-eb893a13f8aa::v4,0.925447,0.790222,0.135226,0.355387,72f83cdc-bf76-4531-9a1b-eb893a13f8aa
gte-large,gimp,upper,734d6579-c07d-47a8-9ae2-13339795476b::v0,0.971191,0.831953,0.139238,0.171434,734d6579-c07d-47a8-9ae2-13339795476b
gte-large,gimp,upper,734d6579-c07d-47a8-9ae2-13339795476b::v1,0.979828,0.878867,0.100961,0.166525,734d6579-c07d-47a8-9ae2-13339795476b
gte-large,gimp,upper,734d6579-c07d-47a8-9ae2-13339795476b::v2,0.965559,0.852365,0.113194,0.233283,734d6579-c07d-47a8-9ae2-13339795476b
gte-large,gimp,upper,734d6579-c07d-47a8-9ae2-13339795476b::v3,0.963418,0.85531,0.108108,0.252831,734d6579-c07d-47a8-9ae2-13339795476b
gte-large,gimp,upper,734d6579-c07d-47a8-9ae2-13339795476b::v4,0.954078,0.820871,0.133207,0.256364,734d6579-c07d-47a8-9ae2-13339795476b
gte-large,gimp,upper,7767eef2-56a3-4cea-8c9f-48c070c7d65b::v0,0.969302,0.91148,0.057823,0.346788,7767eef2-56a3-4cea-8c9f-48c070c7d65b
gte-large,gimp,upper,7767eef2-56a3-4cea-8c9f-48c070c7d65b::v1,0.983646,0.936645,0.047001,0.258138,7767eef2-56a3-4cea-8c9f-48c070c7d65b
gte-large,gimp,upper,7767eef2-56a3-4cea-8c9f-48c070c7d65b::v2,0.984214,0.925035,0.059179,0.210583,7767eef2-56a3-4cea-8c9f-48c070c7d65b
gte-large,gimp,upper,7767eef2-56a3-4cea-8c9f-48c070c7d65b::v3,0.973009,0.908092,0.064916,0.293679,7767eef2-56a3-4cea-8c9f-48c070c7d65b
gte-large,gimp,upper,7767eef2-56a3-4cea-8c9f-48c070c7d65b::v4,0.940393,0.885839,0.054554,0.522129,7767eef2-56a3-4cea-8c9f-48c070c7d65b
gte-large,gimp,upper,77b8ab4d-994f-43ac-8930-8ca087d7c4b4::v0,0.972409,0.871133,0.101276,0.214103,77b8ab4d-994f-43ac-8930-8ca087d7c4b4
gte-large,gimp,upper,77b8ab4d-994f-43ac-8930-8ca087d7c4b4::v1,0.991731,0.860153,0.131578,0.059128,77b8ab4d-994f-43ac-8930-8ca087d7c4b4
gte-large,gimp,upper,77b8ab4d-994f-43ac-8930-8ca087d7c4b4::v2,0.965862,0.849227,0.116635,0.226417,77b8ab4d-994f-43ac-8930-8ca087d7c4b4
gte-large,gimp,upper,77b8ab4d-994f-43ac-8930-8ca087d7c4b4::v3,0.968085,0.863077,0.105008,0.233087,77b8ab4d-994f-43ac-8930-8ca087d7c4b4
gte-large,gimp,upper,77b8ab4d-994f-43ac-8930-8ca087d7c4b4::v4,0.968398,0.852264,0.116134,0.213908,77b8ab4d-994f-43ac-8930-8ca087d7c4b4
gte-large,gimp,upper,7a4deb26-d57d-4ea9-9a73-630f66a7b568::v0,0.948287,0.931393,0.016894,0.753753,7a4deb26-d57d-4ea9-9a73-630f66a7b568
gte-large,gimp,upper,7a4deb26-d57d-4ea9-9a73-630f66a7b568::v1,0.988435,0.95602,0.032414,0.262965,7a4deb26-d57d-4ea9-9a73-630f66a7b568
gte-large,gimp,upper,7a4deb26-d57d-4ea9-9a73-630f66a7b568::v2,0.966523,0.946124,0.020399,0.621373,7a4deb26-d57d-4ea9-9a73-630f66a7b568
gte-large,gimp,upper,7a4deb26-d57d-4ea9-9a73-630f66a7b568::v3,0.976658,0.953215,0.023443,0.498922,7a4deb26-d57d-4ea9-9a73-630f66a7b568
gte-large,gimp,upper,7a4deb26-d57d-4ea9-9a73-630f66a7b568::v4,0.950736,0.935168,0.015568,0.759869,7a4deb26-d57d-4ea9-9a73-630f66a7b568
gte-large,gimp,upper,7b7617bd-57cc-468e-9c91-40c4ec2bcb3d::v0,0.981511,0.836174,0.145337,0.112857,7b7617bd-57cc-468e-9c91-40c4ec2bcb3d
gte-large,gimp,upper,7b7617bd-57cc-468e-9c91-40c4ec2bcb3d::v1,0.972577,0.834103,0.138474,0.165302,7b7617bd-57cc-468e-9c91-40c4ec2bcb3d
gte-large,gimp,upper,7b7617bd-57cc-468e-9c91-40c4ec2bcb3d::v2,0.981569,0.831895,0.149674,0.109639,7b7617bd-57cc-468e-9c91-40c4ec2bcb3d
gte-large,gimp,upper,7b7617bd-57cc-468e-9c91-40c4ec2bcb3d::v3,0.977683,0.835775,0.141908,0.135894,7b7617bd-57cc-468e-9c91-40c4ec2bcb3d
gte-large,gimp,upper,7b7617bd-57cc-468e-9c91-40c4ec2bcb3d::v4,0.975954,0.806308,0.169646,0.124147,7b7617bd-57cc-468e-9c91-40c4ec2bcb3d
gte-large,gimp,upper,8ea73f6f-9689-42ad-8c60-195bbf06a7ba::v0,0.977348,0.854853,0.122496,0.15606,8ea73f6f-9689-42ad-8c60-195bbf06a7ba
gte-large,gimp,upper,8ea73f6f-9689-42ad-8c60-195bbf06a7ba::v1,0.963679,0.87395,0.089729,0.288145,8ea73f6f-9689-42ad-8c60-195bbf06a7ba
gte-large,gimp,upper,8ea73f6f-9689-42ad-8c60-195bbf06a7ba::v2,0.949541,0.868985,0.080556,0.385141,8ea73f6f-9689-42ad-8c60-195bbf06a7ba
gte-large,gimp,upper,8ea73f6f-9689-42ad-8c60-195bbf06a7ba::v3,0.958567,0.867913,0.090654,0.313677,8ea73f6f-9689-42ad-8c60-195bbf06a7ba
gte-large,gimp,upper,8ea73f6f-9689-42ad-8c60-195bbf06a7ba::v4,0.975119,0.857347,0.117772,0.174419,8ea73f6f-9689-42ad-8c60-195bbf06a7ba
gte-large,gimp,upper,a746add2-cab0-4740-ac36-c3769d9bfb46::v0,0.980591,0.807877,0.172714,0.101024,a746add2-cab0-4740-ac36-c3769d9bfb46
gte-large,gimp,upper,a746add2-cab0-4740-ac36-c3769d9bfb46::v1,0.974623,0.840908,0.133715,0.159513,a746add2-cab0-4740-ac36-c3769d9bfb46
gte-large,gimp,upper,a746add2-cab0-4740-ac36-c3769d9bfb46::v2,0.982772,0.822761,0.160011,0.097201,a746add2-cab0-4740-ac36-c3769d9bfb46
gte-large,gimp,upper,a746add2-cab0-4740-ac36-c3769d9bfb46::v3,0.962854,0.823195,0.139659,0.210097,a746add2-cab0-4740-ac36-c3769d9bfb46
gte-large,gimp,upper,a746add2-cab0-4740-ac36-c3769d9bfb46::v4,0.969473,0.833445,0.136028,0.183285,a746add2-cab0-4740-ac36-c3769d9bfb46
gte-large,gimp,upper,b148e375-fe0b-4bec-90e7-38632b0d73c2::v0,0.9721,0.814956,0.157144,0.150775,b148e375-fe0b-4bec-90e7-38632b0d73c2
gte-large,gimp,upper,b148e375-fe0b-4bec-90e7-38632b0d73c2::v1,0.989223,0.848757,0.140466,0.071259,b148e375-fe0b-4bec-90e7-38632b0d73c2
gte-large,gimp,upper,b148e375-fe0b-4bec-90e7-38632b0d73c2::v2,0.970352,0.828905,0.141447,0.173282,b148e375-fe0b-4bec-90e7-38632b0d73c2
gte-large,gimp,upper,b148e375-fe0b-4bec-90e7-38632b0d73c2::v3,0.970047,0.823492,0.146555,0.169696,b148e375-fe0b-4bec-90e7-38632b0d73c2
gte-large,gimp,upper,b148e375-fe0b-4bec-90e7-38632b0d73c2::v4,0.950557,0.847281,0.103277,0.32375,b148e375-fe0b-4bec-90e7-38632b0d73c2
gte-large,gimp,upper,d16c99dc-2a1e-46f2-b350-d97c86c85c15::v0,0.96936,0.832448,0.136912,0.182868,d16c99dc-2a1e-46f2-b350-d97c86c85c15
gte-large,gimp,upper,d16c99dc-2a1e-46f2-b350-d97c86c85c15::v1,0.985802,0.843646,0.142157,0.090804,d16c99dc-2a1e-46f2-b350-d97c86c85c15
gte-large,gimp,upper,d16c99dc-2a1e-46f2-b350-d97c86c85c15::v2,0.976455,0.841551,0.134905,0.148594,d16c99dc-2a1e-46f2-b350-d97c86c85c15
gte-large,gimp,upper,d16c99dc-2a1e-46f2-b350-d97c86c85c15::v3,0.944516,0.838717,0.105799,0.344019,d16c99dc-2a1e-46f2-b350-d97c86c85c15
gte-large,gimp,upper,d16c99dc-2a1e-46f2-b350-d97c86c85c15::v4,0.945835,0.836455,0.10938,0.331192,d16c99dc-2a1e-46f2-b350-d97c86c85c15
gte-large,gimp,upper,d52d6308-ec58-42b7-a2c9-de80e4837b2b::v0,0.970859,0.853885,0.116974,0.199437,d52d6308-ec58-42b7-a2c9-de80e4837b2b
gte-large,gimp,upper,d52d6308-ec58-42b7-a2c9-de80e4837b2b::v1,0.996688,0.861828,0.13486,0.023969,d52d6308-ec58-42b7-a2c9-de80e4837b2b
gte-large,gimp,upper,d52d6308-ec58-42b7-a2c9-de80e4837b2b::v2,0.980941,0.855589,0.125353,0.131976,d52d6308-ec58-42b7-a2c9-de80e4837b2b
gte-large,gimp,upper,d52d6308-ec58-42b7-a2c9-de80e4837b2b::v3,0.955453,0.84996,0.105493,0.296902,d52d6308-ec58-42b7-a2c9-de80e4837b2b
gte-large,gimp,upper,d52d6308-ec58-42b7-a2c9-de80e4837b2b::v4,0.951678,0.833445,0.118233,0.290128,d52d6308-ec58-42b7-a2c9-de80e4837b2b
gte-large,gimp,upper,dbbf4b99-2253-4b10-9274-45f246af2466::v0,0.975824,0.8628,0.113024,0.176209,dbbf4b99-2253-4b10-9274-45f246af2466
gte-large,gimp,upper,dbbf4b99-2253-4b10-9274-45f246af2466::v1,0.951316,0.889064,0.062252,0.438847,dbbf4b99-2253-4b10-9274-45f246af2466
gte-large,gimp,upper,dbbf4b99-2253-4b10-9274-45f246af2466::v2,0.970134,0.86911,0.101024,0.228177,dbbf4b99-2253-4b10-9274-45f246af2466
gte-large,gimp,upper,dbbf4b99-2253-4b10-9274-45f246af2466::v3,0.962403,0.875419,0.086983,0.30179,dbbf4b99-2253-4b10-9274-45f246af2466
gte-large,gimp,upper,dbbf4b99-2253-4b10-9274-45f246af2466::v4,0.967688,0.877293,0.090394,0.263331,dbbf4b99-2253-4b10-9274-45f246af2466
gte-large,gimp,upper,e19bd559-633b-4b02-940f-d946248f088e::v0,0.972632,0.936293,0.036339,0.429595,e19bd559-633b-4b02-940f-d946248f088e
gte-large,gimp,upper,e19bd559-633b-4b02-940f-d946248f088e::v1,0.978842,0.952947,0.025894,0.449671,e19bd559-633b-4b02-940f-d946248f088e
gte-large,gimp,upper,e19bd559-633b-4b02-940f-d946248f088e::v2,0.95985,0.920383,0.039467,0.50429,e19bd559-633b-4b02-940f-d946248f088e
gte-large,gimp,upper,e19bd559-633b-4b02-940f-d946248f088e::v3,0.97832,0.95059,0.02773,0.438774,e19bd559-633b-4b02-940f-d946248f088e
gte-large,gimp,upper,e19bd559-633b-4b02-940f-d946248f088e::v4,0.964146,0.921071,0.043075,0.454253,e19bd559-633b-4b02-940f-d946248f088e
gte-large,gimp,upper,e2dd0213-26db-4349-abe5-d5667bfd725c::v0,0.967565,0.835278,0.132287,0.196909,e2dd0213-26db-4349-abe5-d5667bfd725c
gte-large,gimp,upper,e2dd0213-26db-4349-abe5-d5667bfd725c::v1,0.985317,0.868756,0.116561,0.111875,e2dd0213-26db-4349-abe5-d5667bfd725c
gte-large,gimp,upper,e2dd0213-26db-4349-abe5-d5667bfd725c::v2,0.984462,0.841588,0.142874,0.098086,e2dd0213-26db-4349-abe5-d5667bfd725c
gte-large,gimp,upper,e2dd0213-26db-4349-abe5-d5667bfd725c::v3,0.950678,0.842219,0.108458,0.3126,e2dd0213-26db-4349-abe5-d5667bfd725c
gte-large,gimp,upper,e2dd0213-26db-4349-abe5-d5667bfd725c::v4,0.964781,0.840121,0.12466,0.220284,e2dd0213-26db-4349-abe5-d5667bfd725c
gte-large,gimp,upper,f4aec372-4fb0-4df5-a52b-79e0e2a5d6ce::v0,0.969045,0.841216,0.127829,0.194949,f4aec372-4fb0-4df5-a52b-79e0e2a5d6ce
gte-large,gimp,upper,f4aec372-4fb0-4df5-a52b-79e0e2a5d6ce::v1,0.977544,0.857945,0.119599,0.158081,f4aec372-4fb0-4df5-a52b-79e0e2a5d6ce
gte-large,gimp,upper,f4aec372-4fb0-4df5-a52b-79e0e2a5d6ce::v2,0.968682,0.84211,0.126572,0.198355,f4aec372-4fb0-4df5-a52b-79e0e2a5d6ce
gte-large,gimp,upper,f4aec372-4fb0-4df5-a52b-79e0e2a5d6ce::v3,0.966274,0.847029,0.119244,0.220477,f4aec372-4fb0-4df5-a52b-79e0e2a5d6ce
gte-large,gimp,upper,f4aec372-4fb0-4df5-a52b-79e0e2a5d6ce::v4,0.937735,0.847002,0.090733,0.406967,f4aec372-4fb0-4df5-a52b-79e0e2a5d6ce
gte-large,gimp,upper,f723c744-e62c-4ae6-98d1-750d3cd7d79d::v0,0.963938,0.872782,0.091156,0.283467,f723c744-e62c-4ae6-98d1-750d3cd7d79d
gte-large,gimp,upper,f723c744-e62c-4ae6-98d1-750d3cd7d79d::v1,0.961876,0.891786,0.07009,0.352301,f723c744-e62c-4ae6-98d1-750d3cd7d79d
gte-large,gimp,upper,f723c744-e62c-4ae6-98d1-750d3cd7d79d::v2,0.973958,0.889565,0.084392,0.235815,f723c744-e62c-4ae6-98d1-750d3cd7d79d
gte-large,gimp,upper,f723c744-e62c-4ae6-98d1-750d3cd7d79d::v3,0.963059,0.875125,0.087934,0.295821,f723c744-e62c-4ae6-98d1-750d3cd7d79d
gte-large,gimp,upper,f723c744-e62c-4ae6-98d1-750d3cd7d79d::v4,0.937017,0.889888,0.047128,0.571995,f723c744-e62c-4ae6-98d1-750d3cd7d79d
gte-large,gimp,upper,fbb548ca-c2a6-4601-9204-e39a2efc507b::v0,0.977345,0.921823,0.055523,0.289785,fbb548ca-c2a6-4601-9204-e39a2efc507b
gte-large,gimp,upper,fbb548ca-c2a6-4601-9204-e39a2efc507b::v1,0.984425,0.931051,0.053375,0.225888,fbb548ca-c2a6-4601-9204-e39a2efc507b
gte-large,gimp,upper,fbb548ca-c2a6-4601-9204-e39a2efc507b::v2,0.974068,0.931784,0.042284,0.380143,fbb548ca-c2a6-4601-9204-e39a2efc507b
gte-large,gimp,upper,fbb548ca-c2a6-4601-9204-e39a2efc507b::v3,0.984932,0.939098,0.045834,0.247416,fbb548ca-c2a6-4601-9204-e39a2efc507b
gte-large,gimp,upper,fbb548ca-c2a6-4601-9204-e39a2efc507b::v4,0.95632,0.90311,0.05321,0.450818,fbb548ca-c2a6-4601-9204-e39a2efc507b
gte-large,vlc,verdict,vlc_always_start_fullscreen,0.91597,0.889599,0.026371,0.761134,8d9fd4e2-6fdb-46b0-b9b9-02f06495c62f
gte-large,vlc,verdict,vlc_audio_desync_200ms,0.878799,0.870516,0.008282,0.936035,a5bbbcd5-b398-4c91-83d4-55e1e31bbb81
gte-large,vlc,verdict,vlc_audio_visualization,0.850303,0.845978,0.004325,0.971917,efcf0d81-0835-4880-b2fd-d866e8bc2294
gte-large,vlc,verdict,vlc_bgcone_expand,0.838756,0.830464,0.008292,0.951087,efcf0d81-0835-4880-b2fd-d866e8bc2294
gte-large,vlc,verdict,vlc_boost_saturation,0.888653,0.848316,0.040337,0.734074,cb130f0d-d36f-4302-9838-b3baf46139b6
gte-large,vlc,verdict,vlc_convert_flac,0.843829,0.831732,0.012096,0.928113,8f080098-ddb1-424c-b438-4e96e5e4786e
gte-large,vlc,verdict,vlc_convert_ogg,0.871153,0.870497,0.000656,0.994931,8f080098-ddb1-424c-b438-4e96e5e4786e
gte-large,vlc,verdict,vlc_crop_top_100,0.866204,0.842028,0.024176,0.846959,efcf0d81-0835-4880-b2fd-d866e8bc2294
gte-large,vlc,verdict,vlc_default_aspect_16_9,0.856393,0.851009,0.005384,0.963866,cb130f0d-d36f-4302-9838-b3baf46139b6
gte-large,vlc,verdict,vlc_deinterlace_yadif,0.815798,0.793417,0.022381,0.891659,a5bbbcd5-b398-4c91-83d4-55e1e31bbb81
gte-large,vlc,verdict,vlc_disable_hw_decoding,0.828995,0.828722,0.000273,0.998405,efcf0d81-0835-4880-b2fd-d866e8bc2294
gte-large,vlc,verdict,vlc_edit_track_metadata,0.851828,0.847992,0.003837,0.974761,aa4b5023-aef6-4ed9-bdc9-705f59ab9ad6
gte-large,vlc,verdict,vlc_equalizer_rock_preset,0.815283,0.7962,0.019082,0.906366,cb130f0d-d36f-4302-9838-b3baf46139b6
gte-large,vlc,verdict,vlc_global_volume_hotkey,0.839301,0.833826,0.005475,0.96705,386dbd0e-0241-4a0a-b6a2-6704fba26b1c
gte-large,vlc,verdict,vlc_headphone_surround,0.852429,0.840155,0.012274,0.923211,a5bbbcd5-b398-4c91-83d4-55e1e31bbb81
gte-large,vlc,verdict,vlc_hide_title_filename,0.909353,0.880634,0.028719,0.759406,a5bbbcd5-b398-4c91-83d4-55e1e31bbb81
gte-large,vlc,verdict,vlc_hide_title_on_video,0.878923,0.875841,0.003082,0.975176,a5bbbcd5-b398-4c91-83d4-55e1e31bbb81
gte-large,vlc,verdict,vlc_loop_current_video,0.894015,0.885144,0.008871,0.922764,5ac2891a-eacd-4954-b339-98abba077adb
gte-large,vlc,verdict,vlc_loop_music_video,0.882837,0.879537,0.0033,0.972608,efcf0d81-0835-4880-b2fd-d866e8bc2294
gte-large,vlc,verdict,vlc_loop_whole_playlist,0.86614,0.856536,0.009604,0.933059,5ac2891a-eacd-4954-b339-98abba077adb
gte-large,vlc,verdict,vlc_marquee_overlay_text,0.810587,0.80437,0.006217,0.96822,fba2c100-79e8-42df-ae74-b592418d54f4
gte-large,vlc,verdict,vlc_max_volume_150,0.912864,0.851381,0.061482,0.586308,9195653c-f4aa-453d-aa95-787f6ccfaae9
gte-large,vlc,verdict,vlc_metadata_network_on,0.871782,0.834822,0.03696,0.776241,59f21cfb-0120-4326-b255-a5b827b38967
gte-large,vlc,verdict,vlc_mirror_video_hflip,0.860172,0.856704,0.003468,0.975798,efcf0d81-0835-4880-b2fd-d866e8bc2294
gte-large,vlc,verdict,vlc_network_caching_1500,0.822042,0.818429,0.003614,0.980098,a5bbbcd5-b398-4c91-83d4-55e1e31bbb81
gte-large,vlc,verdict,vlc_never_resume_playback,0.892549,0.889382,0.003167,0.97137,5ac2891a-eacd-4954-b339-98abba077adb
gte-large,vlc,verdict,vlc_no_track_change_popup,0.876055,0.867444,0.008611,0.935039,a5bbbcd5-b398-4c91-83d4-55e1e31bbb81
gte-large,vlc,verdict,vlc_no_window_autoresize,0.901011,0.898072,0.00294,0.971157,a5bbbcd5-b398-4c91-83d4-55e1e31bbb81
gte-large,vlc,verdict,vlc_pause_on_minimize,0.912397,0.903033,0.009364,0.903428,a5bbbcd5-b398-4c91-83d4-55e1e31bbb81
gte-large,vlc,verdict,vlc_recordings_folder_videos,0.896377,0.8622,0.034177,0.751983,8ba5ae7a-5ae5-4eab-9fcc-5dd4fe3abf89
gte-large,vlc,verdict,vlc_remap_snapshot_hotkey,0.804359,0.795514,0.008846,0.956742,386dbd0e-0241-4a0a-b6a2-6704fba26b1c
gte-large,vlc,verdict,vlc_replay_gain_track,0.817537,0.811964,0.005574,0.970359,9195653c-f4aa-453d-aa95-787f6ccfaae9
gte-large,vlc,verdict,vlc_rotate_video_clockwise,0.889672,0.865702,0.023969,0.82152,aa4b5023-aef6-4ed9-bdc9-705f59ab9ad6
gte-large,vlc,verdict,vlc_sepia_effect_on,0.879442,0.870858,0.008584,0.933531,cb130f0d-d36f-4302-9838-b3baf46139b6
gte-large,vlc,verdict,vlc_sharpen_video,0.864697,0.836065,0.028632,0.825345,cb130f0d-d36f-4302-9838-b3baf46139b6
gte-large,vlc,verdict,vlc_shuffle_by_default,0.849695,0.840116,0.009579,0.940087,a5bbbcd5-b398-4c91-83d4-55e1e31bbb81
gte-large,vlc,verdict,vlc_single_instance_reuse,0.898608,0.87098,0.027628,0.785865,f3977615-2b45-4ac5-8bba-80c17dbe2a37
gte-large,vlc,verdict,vlc_slider_color_red,0.92256,0.827765,0.094795,0.449619,d06f0d4d-2cd5-4ede-8de9-598629438c6e
gte-large,vlc,verdict,vlc_snap_scene_jpg,0.899274,0.868437,0.030836,0.765614,fba2c100-79e8-42df-ae74-b592418d54f4
gte-large,vlc,verdict,vlc_snapshot_prefix_shot,0.818381,0.813576,0.004805,0.974226,a5bbbcd5-b398-4c91-83d4-55e1e31bbb81
gte-large,vlc,verdict,vlc_spatializer_on,0.816177,0.814076,0.002101,0.988701,a5bbbcd5-b398-4c91-83d4-55e1e31bbb81
gte-large,vlc,verdict,vlc_stream_url,0.896362,0.841847,0.054515,0.655302,bba3381f-b5eb-4439-bd9e-80c22218d5a7
gte-large,vlc,verdict,vlc_subtitle_encoding_cp949,0.786181,0.785787,0.000394,0.99816,fba2c100-79e8-42df-ae74-b592418d54f4
gte-large,vlc,verdict,vlc_subtitle_force_bold,0.824764,0.809441,0.015323,0.919588,cb130f0d-d36f-4302-9838-b3baf46139b6
gte-large,vlc,verdict,vlc_subtitle_yellow,0.821603,0.804198,0.017405,0.911109,d06f0d4d-2cd5-4ede-8de9-598629438c6e
gte-large,vlc,verdict,vlc_transcode_mp4,0.849273,0.841397,0.007875,0.950345,aa4b5023-aef6-4ed9-bdc9-705f59ab9ad6
gte-large,vlc,verdict,vlc_volume_normalizer_on,0.895238,0.870068,0.025169,0.806288,9195653c-f4aa-453d-aa95-787f6ccfaae9
gte-large,vlc,verdict,vlc_wallpaper_fit_screen,0.892035,0.872153,0.019882,0.844487,efcf0d81-0835-4880-b2fd-d866e8bc2294
gte-large,vlc,lower,215dfd39-f493-4bc3-a027-8a97d72c61bf,0.817316,0.807044,0.010272,0.946764,a5bbbcd5-b398-4c91-83d4-55e1e31bbb81
gte-large,vlc,lower,386dbd0e-0241-4a0a-b6a2-6704fba26b1c,0.877324,0.862755,0.014569,0.893849,a5bbbcd5-b398-4c91-83d4-55e1e31bbb81
gte-large,vlc,lower,59f21cfb-0120-4326-b255-a5b827b38967,0.886096,0.880012,0.006084,0.949291,8f080098-ddb1-424c-b438-4e96e5e4786e
gte-large,vlc,lower,5ac2891a-eacd-4954-b339-98abba077adb,0.884665,0.862755,0.02191,0.840359,a5bbbcd5-b398-4c91-83d4-55e1e31bbb81
gte-large,vlc,lower,7882ed6e-bece-4bf0-bada-c32dc1ddae72,0.809721,0.803192,0.006529,0.966825,f3977615-2b45-4ac5-8bba-80c17dbe2a37
gte-large,vlc,lower,8ba5ae7a-5ae5-4eab-9fcc-5dd4fe3abf89,0.836746,0.818941,0.017805,0.901662,aa4b5023-aef6-4ed9-bdc9-705f59ab9ad6
gte-large,vlc,lower,8d9fd4e2-6fdb-46b0-b9b9-02f06495c62f,0.865064,0.864664,0.0004,0.997048,a5bbbcd5-b398-4c91-83d4-55e1e31bbb81
gte-large,vlc,lower,8f080098-ddb1-424c-b438-4e96e5e4786e,0.886096,0.841096,0.045,0.716808,59f21cfb-0120-4326-b255-a5b827b38967
gte-large,vlc,lower,9195653c-f4aa-453d-aa95-787f6ccfaae9,0.864664,0.836479,0.028185,0.827637,8d9fd4e2-6fdb-46b0-b9b9-02f06495c62f
gte-large,vlc,lower,a5bbbcd5-b398-4c91-83d4-55e1e31bbb81,0.884665,0.877323,0.007341,0.940157,5ac2891a-eacd-4954-b339-98abba077adb
gte-large,vlc,lower,aa4b5023-aef6-4ed9-bdc9-705f59ab9ad6,0.880012,0.871813,0.008199,0.936039,59f21cfb-0120-4326-b255-a5b827b38967
gte-large,vlc,lower,bba3381f-b5eb-4439-bd9e-80c22218d5a7,0.85014,0.832091,0.01805,0.892503,59f21cfb-0120-4326-b255-a5b827b38967
gte-large,vlc,lower,cb130f0d-d36f-4302-9838-b3baf46139b6,0.86349,0.831457,0.032033,0.809943,efcf0d81-0835-4880-b2fd-d866e8bc2294
gte-large,vlc,lower,d06f0d4d-2cd5-4ede-8de9-598629438c6e,0.810633,0.807044,0.003589,0.981401,9195653c-f4aa-453d-aa95-787f6ccfaae9
gte-large,vlc,lower,efcf0d81-0835-4880-b2fd-d866e8bc2294,0.886392,0.871813,0.014579,0.886269,fba2c100-79e8-42df-ae74-b592418d54f4
gte-large,vlc,lower,f3977615-2b45-4ac5-8bba-80c17dbe2a37,0.863865,0.85617,0.007695,0.946502,a5bbbcd5-b398-4c91-83d4-55e1e31bbb81
gte-large,vlc,lower,fba2c100-79e8-42df-ae74-b592418d54f4,0.886392,0.858951,0.02744,0.805454,efcf0d81-0835-4880-b2fd-d866e8bc2294
gte-large,vlc,cross_floor,215dfd39-f493-4bc3-a027-8a97d72c61bf,0.84467,0.8256,0.01907,0.890652,480bcfea-d68f-4aaa-a0a9-2589ef319381
gte-large,vlc,cross_floor,386dbd0e-0241-4a0a-b6a2-6704fba26b1c,0.782612,0.778736,0.003876,0.982482,35253b65-1c19-4304-8aa4-6884b8218fc0
gte-large,vlc,cross_floor,59f21cfb-0120-4326-b255-a5b827b38967,0.82553,0.809591,0.015939,0.916291,38f48d40-764e-4e77-a7cf-51dfce880291
gte-large,vlc,cross_floor,5ac2891a-eacd-4954-b339-98abba077adb,0.818829,0.813952,0.004876,0.973791,38f48d40-764e-4e77-a7cf-51dfce880291
gte-large,vlc,cross_floor,7882ed6e-bece-4bf0-bada-c32dc1ddae72,0.778991,0.760252,0.018739,0.921838,121ba48f-9e17-48ce-9bc6-a4fb17a7ebba
gte-large,vlc,cross_floor,8ba5ae7a-5ae5-4eab-9fcc-5dd4fe3abf89,0.840858,0.820926,0.019932,0.888692,77b8ab4d-994f-43ac-8930-8ca087d7c4b4
gte-large,vlc,cross_floor,8d9fd4e2-6fdb-46b0-b9b9-02f06495c62f,0.816224,0.798075,0.018149,0.91012,38f48d40-764e-4e77-a7cf-51dfce880291
gte-large,vlc,cross_floor,8f080098-ddb1-424c-b438-4e96e5e4786e,0.819349,0.807012,0.012338,0.93607,77b8ab4d-994f-43ac-8930-8ca087d7c4b4
gte-large,vlc,cross_floor,9195653c-f4aa-453d-aa95-787f6ccfaae9,0.803675,0.792145,0.01153,0.944528,8ea73f6f-9689-42ad-8c60-195bbf06a7ba
gte-large,vlc,cross_floor,a5bbbcd5-b398-4c91-83d4-55e1e31bbb81,0.821465,0.815617,0.005849,0.968279,a746add2-cab0-4740-ac36-c3769d9bfb46
gte-large,vlc,cross_floor,aa4b5023-aef6-4ed9-bdc9-705f59ab9ad6,0.856543,0.83335,0.023193,0.860831,38f48d40-764e-4e77-a7cf-51dfce880291
gte-large,vlc,cross_floor,bba3381f-b5eb-4439-bd9e-80c22218d5a7,0.803894,0.794941,0.008953,0.95634,38f48d40-764e-4e77-a7cf-51dfce880291
gte-large,vlc,cross_floor,cb130f0d-d36f-4302-9838-b3baf46139b6,0.856411,0.854937,0.001473,0.989844,f723c744-e62c-4ae6-98d1-750d3cd7d79d
gte-large,vlc,cross_floor,d06f0d4d-2cd5-4ede-8de9-598629438c6e,0.822376,0.806705,0.015671,0.918926,7767eef2-56a3-4cea-8c9f-48c070c7d65b
gte-large,vlc,cross_floor,efcf0d81-0835-4880-b2fd-d866e8bc2294,0.861468,0.859502,0.001966,0.986009,38f48d40-764e-4e77-a7cf-51dfce880291
gte-large,vlc,cross_floor,f3977615-2b45-4ac5-8bba-80c17dbe2a37,0.774537,0.764022,0.010515,0.955441,38f48d40-764e-4e77-a7cf-51dfce880291
gte-large,vlc,cross_floor,fba2c100-79e8-42df-ae74-b592418d54f4,0.849443,0.835433,0.014009,0.914872,77b8ab4d-994f-43ac-8930-8ca087d7c4b4
gte-large,vlc,upper,215dfd39-f493-4bc3-a027-8a97d72c61bf::v0,0.979151,0.824497,0.154654,0.118795,215dfd39-f493-4bc3-a027-8a97d72c61bf
gte-large,vlc,upper,215dfd39-f493-4bc3-a027-8a97d72c61bf::v1,0.974785,0.81629,0.158495,0.137254,215dfd39-f493-4bc3-a027-8a97d72c61bf
gte-large,vlc,upper,215dfd39-f493-4bc3-a027-8a97d72c61bf::v2,0.976845,0.812388,0.164457,0.12342,215dfd39-f493-4bc3-a027-8a97d72c61bf
gte-large,vlc,upper,215dfd39-f493-4bc3-a027-8a97d72c61bf::v3,0.972371,0.817427,0.154944,0.151331,215dfd39-f493-4bc3-a027-8a97d72c61bf
gte-large,vlc,upper,215dfd39-f493-4bc3-a027-8a97d72c61bf::v4,0.980572,0.814712,0.16586,0.104851,215dfd39-f493-4bc3-a027-8a97d72c61bf
gte-large,vlc,upper,386dbd0e-0241-4a0a-b6a2-6704fba26b1c::v0,0.956519,0.888812,0.067707,0.39106,386dbd0e-0241-4a0a-b6a2-6704fba26b1c
gte-large,vlc,upper,386dbd0e-0241-4a0a-b6a2-6704fba26b1c::v1,0.949996,0.883908,0.066089,0.430723,386dbd0e-0241-4a0a-b6a2-6704fba26b1c
gte-large,vlc,upper,386dbd0e-0241-4a0a-b6a2-6704fba26b1c::v2,0.946181,0.893106,0.053075,0.503481,386dbd0e-0241-4a0a-b6a2-6704fba26b1c
gte-large,vlc,upper,386dbd0e-0241-4a0a-b6a2-6704fba26b1c::v3,0.951059,0.887345,0.063715,0.43443,386dbd0e-0241-4a0a-b6a2-6704fba26b1c
gte-large,vlc,upper,386dbd0e-0241-4a0a-b6a2-6704fba26b1c::v4,0.948424,0.858578,0.089847,0.364692,386dbd0e-0241-4a0a-b6a2-6704fba26b1c
gte-large,vlc,upper,59f21cfb-0120-4326-b255-a5b827b38967::v0,0.962461,0.860344,0.102117,0.268795,59f21cfb-0120-4326-b255-a5b827b38967
gte-large,vlc,upper,59f21cfb-0120-4326-b255-a5b827b38967::v1,0.983715,0.890521,0.093194,0.14875,59f21cfb-0120-4326-b255-a5b827b38967
gte-large,vlc,upper,59f21cfb-0120-4326-b255-a5b827b38967::v2,0.959972,0.871324,0.088648,0.311074,59f21cfb-0120-4326-b255-a5b827b38967
gte-large,vlc,upper,59f21cfb-0120-4326-b255-a5b827b38967::v3,0.968073,0.879874,0.088199,0.265783,59f21cfb-0120-4326-b255-a5b827b38967
gte-large,vlc,upper,59f21cfb-0120-4326-b255-a5b827b38967::v4,0.937823,0.859434,0.07839,0.442331,59f21cfb-0120-4326-b255-a5b827b38967
gte-large,vlc,upper,5ac2891a-eacd-4954-b339-98abba077adb::v0,0.976416,0.893,0.083416,0.220413,5ac2891a-eacd-4954-b339-98abba077adb
gte-large,vlc,upper,5ac2891a-eacd-4954-b339-98abba077adb::v1,0.961001,0.888918,0.072083,0.351081,5ac2891a-eacd-4954-b339-98abba077adb
gte-large,vlc,upper,5ac2891a-eacd-4954-b339-98abba077adb::v2,0.970825,0.890494,0.080331,0.266424,5ac2891a-eacd-4954-b339-98abba077adb
gte-large,vlc,upper,5ac2891a-eacd-4954-b339-98abba077adb::v3,0.96351,0.878634,0.084877,0.300657,5ac2891a-eacd-4954-b339-98abba077adb
gte-large,vlc,upper,5ac2891a-eacd-4954-b339-98abba077adb::v4,0.960068,0.891572,0.068495,0.368284,5ac2891a-eacd-4954-b339-98abba077adb
gte-large,vlc,upper,7882ed6e-bece-4bf0-bada-c32dc1ddae72::v0,0.992061,0.819388,0.172674,0.043954,7882ed6e-bece-4bf0-bada-c32dc1ddae72
gte-large,vlc,upper,7882ed6e-bece-4bf0-bada-c32dc1ddae72::v1,0.959964,0.858792,0.101172,0.283523,7882ed6e-bece-4bf0-bada-c32dc1ddae72
gte-large,vlc,upper,7882ed6e-bece-4bf0-bada-c32dc1ddae72::v2,0.963741,0.819182,0.144559,0.200528,7882ed6e-bece-4bf0-bada-c32dc1ddae72
gte-large,vlc,upper,7882ed6e-bece-4bf0-bada-c32dc1ddae72::v3,0.990752,0.819361,0.171391,0.051194,7882ed6e-bece-4bf0-bada-c32dc1ddae72
gte-large,vlc,upper,7882ed6e-bece-4bf0-bada-c32dc1ddae72::v4,0.963288,0.827592,0.135696,0.212935,7882ed6e-bece-4bf0-bada-c32dc1ddae72
gte-large,vlc,upper,8ba5ae7a-5ae5-4eab-9fcc-5dd4fe3abf89::v0,0.94889,0.820463,0.128427,0.284677,8ba5ae7a-5ae5-4eab-9fcc-5dd4fe3abf89
gte-large,vlc,upper,8ba5ae7a-5ae5-4eab-9fcc-5dd4fe3abf89::v1,0.960884,0.853355,0.107528,0.266742,8ba5ae7a-5ae5-4eab-9fcc-5dd4fe3abf89
gte-large,vlc,upper,8ba5ae7a-5ae5-4eab-9fcc-5dd4fe3abf89::v2,0.953282,0.848578,0.104704,0.308531,8ba5ae7a-5ae5-4eab-9fcc-5dd4fe3abf89
gte-large,vlc,upper,8ba5ae7a-5ae5-4eab-9fcc-5dd4fe3abf89::v3,0.963102,0.860855,0.102247,0.265179,8ba5ae7a-5ae5-4eab-9fcc-5dd4fe3abf89
gte-large,vlc,upper,8ba5ae7a-5ae5-4eab-9fcc-5dd4fe3abf89::v4,0.937022,0.824349,0.112673,0.35854,8ba5ae7a-5ae5-4eab-9fcc-5dd4fe3abf89
gte-large,vlc,upper,8d9fd4e2-6fdb-46b0-b9b9-02f06495c62f::v0,0.979619,0.880245,0.099374,0.17019,8d9fd4e2-6fdb-46b0-b9b9-02f06495c62f
gte-large,vlc,upper,8d9fd4e2-6fdb-46b0-b9b9-02f06495c62f::v1,0.94691,0.895569,0.051342,0.508369,8d9fd4e2-6fdb-46b0-b9b9-02f06495c62f
gte-large,vlc,upper,8d9fd4e2-6fdb-46b0-b9b9-02f06495c62f::v2,0.965778,0.895493,0.070285,0.32746,8d9fd4e2-6fdb-46b0-b9b9-02f06495c62f
gte-large,vlc,upper,8d9fd4e2-6fdb-46b0-b9b9-02f06495c62f::v3,0.963357,0.891595,0.071763,0.338017,8d9fd4e2-6fdb-46b0-b9b9-02f06495c62f
gte-large,vlc,upper,8d9fd4e2-6fdb-46b0-b9b9-02f06495c62f::v4,0.967829,0.862381,0.105448,0.23377,8d9fd4e2-6fdb-46b0-b9b9-02f06495c62f
gte-large,vlc,upper,8f080098-ddb1-424c-b438-4e96e5e4786e::v0,0.949199,0.846859,0.10234,0.331727,8f080098-ddb1-424c-b438-4e96e5e4786e
gte-large,vlc,upper,8f080098-ddb1-424c-b438-4e96e5e4786e::v1,0.970428,0.900157,0.070271,0.296184,8f080098-ddb1-424c-b438-4e96e5e4786e
gte-large,vlc,upper,8f080098-ddb1-424c-b438-4e96e5e4786e::v2,0.941131,0.872188,0.068942,0.460594,8f080098-ddb1-424c-b438-4e96e5e4786e
gte-large,vlc,upper,8f080098-ddb1-424c-b438-4e96e5e4786e::v3,0.945046,0.87735,0.067696,0.448055,8f080098-ddb1-424c-b438-4e96e5e4786e
gte-large,vlc,upper,8f080098-ddb1-424c-b438-4e96e5e4786e::v4,0.952871,0.887136,0.065734,0.417576,8f080098-ddb1-424c-b438-4e96e5e4786e
gte-large,vlc,upper,9195653c-f4aa-453d-aa95-787f6ccfaae9::v0,0.949213,0.879706,0.069507,0.422189,9195653c-f4aa-453d-aa95-787f6ccfaae9
gte-large,vlc,upper,9195653c-f4aa-453d-aa95-787f6ccfaae9::v1,0.931548,0.880605,0.050943,0.573321,9195653c-f4aa-453d-aa95-787f6ccfaae9
gte-large,vlc,upper,9195653c-f4aa-453d-aa95-787f6ccfaae9::v2,0.928184,0.850772,0.077411,0.481254,9195653c-f4aa-453d-aa95-787f6ccfaae9
gte-large,vlc,upper,9195653c-f4aa-453d-aa95-787f6ccfaae9::v3,0.922342,0.857651,0.064691,0.545548,9195653c-f4aa-453d-aa95-787f6ccfaae9
gte-large,vlc,upper,9195653c-f4aa-453d-aa95-787f6ccfaae9::v4,0.951173,0.870803,0.08037,0.377924,9195653c-f4aa-453d-aa95-787f6ccfaae9
gte-large,vlc,upper,a5bbbcd5-b398-4c91-83d4-55e1e31bbb81::v0,0.957455,0.869656,0.087799,0.326404,a5bbbcd5-b398-4c91-83d4-55e1e31bbb81
gte-large,vlc,upper,a5bbbcd5-b398-4c91-83d4-55e1e31bbb81::v1,0.930776,0.862989,0.067788,0.50524,a5bbbcd5-b398-4c91-83d4-55e1e31bbb81
gte-large,vlc,upper,a5bbbcd5-b398-4c91-83d4-55e1e31bbb81::v2,0.930102,0.869149,0.060953,0.534177,a5bbbcd5-b398-4c91-83d4-55e1e31bbb81
gte-large,vlc,upper,a5bbbcd5-b398-4c91-83d4-55e1e31bbb81::v3,0.939971,0.879836,0.060135,0.499561,a5bbbcd5-b398-4c91-83d4-55e1e31bbb81
gte-large,vlc,upper,a5bbbcd5-b398-4c91-83d4-55e1e31bbb81::v4,0.957865,0.861963,0.095902,0.305244,a5bbbcd5-b398-4c91-83d4-55e1e31bbb81
gte-large,vlc,upper,aa4b5023-aef6-4ed9-bdc9-705f59ab9ad6::v0,0.948665,0.861192,0.087473,0.369825,aa4b5023-aef6-4ed9-bdc9-705f59ab9ad6
gte-large,vlc,upper,aa4b5023-aef6-4ed9-bdc9-705f59ab9ad6::v1,0.970977,0.889739,0.081238,0.26322,aa4b5023-aef6-4ed9-bdc9-705f59ab9ad6
gte-large,vlc,upper,aa4b5023-aef6-4ed9-bdc9-705f59ab9ad6::v2,0.956117,0.868686,0.087432,0.33418,aa4b5023-aef6-4ed9-bdc9-705f59ab9ad6
gte-large,vlc,upper,aa4b5023-aef6-4ed9-bdc9-705f59ab9ad6::v3,0.951482,0.873217,0.078265,0.382688,aa4b5023-aef6-4ed9-bdc9-705f59ab9ad6
gte-large,vlc,upper,aa4b5023-aef6-4ed9-bdc9-705f59ab9ad6::v4,0.940674,0.878195,0.062479,0.487057,aa4b5023-aef6-4ed9-bdc9-705f59ab9ad6
gte-large,vlc,upper,bba3381f-b5eb-4439-bd9e-80c22218d5a7::v0,0.959386,0.835658,0.123728,0.247131,bba3381f-b5eb-4439-bd9e-80c22218d5a7
gte-large,vlc,upper,bba3381f-b5eb-4439-bd9e-80c22218d5a7::v1,0.971089,0.848697,0.122392,0.191081,bba3381f-b5eb-4439-bd9e-80c22218d5a7
gte-large,vlc,upper,bba3381f-b5eb-4439-bd9e-80c22218d5a7::v2,0.941978,0.840803,0.101175,0.364465,bba3381f-b5eb-4439-bd9e-80c22218d5a7
gte-large,vlc,upper,bba3381f-b5eb-4439-bd9e-80c22218d5a7::v3,0.968165,0.839277,0.128889,0.19807,bba3381f-b5eb-4439-bd9e-80c22218d5a7
gte-large,vlc,upper,bba3381f-b5eb-4439-bd9e-80c22218d5a7::v4,0.944688,0.843893,0.100795,0.35432,bba3381f-b5eb-4439-bd9e-80c22218d5a7
gte-large,vlc,upper,cb130f0d-d36f-4302-9838-b3baf46139b6::v0,0.97814,0.844894,0.133246,0.140935,cb130f0d-d36f-4302-9838-b3baf46139b6
gte-large,vlc,upper,cb130f0d-d36f-4302-9838-b3baf46139b6::v1,0.951864,0.830965,0.120899,0.284767,cb130f0d-d36f-4302-9838-b3baf46139b6
gte-large,vlc,upper,cb130f0d-d36f-4302-9838-b3baf46139b6::v2,0.966397,0.845988,0.120409,0.218183,cb130f0d-d36f-4302-9838-b3baf46139b6
gte-large,vlc,upper,cb130f0d-d36f-4302-9838-b3baf46139b6::v3,0.971546,0.84766,0.123886,0.186781,cb130f0d-d36f-4302-9838-b3baf46139b6
gte-large,vlc,upper,cb130f0d-d36f-4302-9838-b3baf46139b6::v4,0.943546,0.809036,0.134509,0.295629,cb130f0d-d36f-4302-9838-b3baf46139b6
gte-large,vlc,upper,d06f0d4d-2cd5-4ede-8de9-598629438c6e::v0,0.94335,0.834097,0.109253,0.341466,d06f0d4d-2cd5-4ede-8de9-598629438c6e
gte-large,vlc,upper,d06f0d4d-2cd5-4ede-8de9-598629438c6e::v1,0.93403,0.817395,0.116635,0.361272,d06f0d4d-2cd5-4ede-8de9-598629438c6e
gte-large,vlc,upper,d06f0d4d-2cd5-4ede-8de9-598629438c6e::v2,0.937253,0.806563,0.13069,0.32438,d06f0d4d-2cd5-4ede-8de9-598629438c6e
gte-large,vlc,upper,d06f0d4d-2cd5-4ede-8de9-598629438c6e::v3,0.932536,0.818714,0.113821,0.372144,d06f0d4d-2cd5-4ede-8de9-598629438c6e
gte-large,vlc,upper,d06f0d4d-2cd5-4ede-8de9-598629438c6e::v4,0.952185,0.798642,0.153544,0.23746,d06f0d4d-2cd5-4ede-8de9-598629438c6e
gte-large,vlc,upper,efcf0d81-0835-4880-b2fd-d866e8bc2294::v0,0.930383,0.859347,0.071035,0.494959,efcf0d81-0835-4880-b2fd-d866e8bc2294
gte-large,vlc,upper,efcf0d81-0835-4880-b2fd-d866e8bc2294::v1,0.941323,0.894799,0.046524,0.557763,efcf0d81-0835-4880-b2fd-d866e8bc2294
gte-large,vlc,upper,efcf0d81-0835-4880-b2fd-d866e8bc2294::v2,0.928699,0.894316,0.034383,0.674663,efcf0d81-0835-4880-b2fd-d866e8bc2294
gte-large,vlc,upper,efcf0d81-0835-4880-b2fd-d866e8bc2294::v3,0.96609,0.884992,0.081098,0.294849,efcf0d81-0835-4880-b2fd-d866e8bc2294
gte-large,vlc,upper,efcf0d81-0835-4880-b2fd-d866e8bc2294::v4,0.934636,0.873926,0.060709,0.518462,efcf0d81-0835-4880-b2fd-d866e8bc2294
gte-large,vlc,upper,f3977615-2b45-4ac5-8bba-80c17dbe2a37::v0,0.961217,0.878054,0.083163,0.318032,f3977615-2b45-4ac5-8bba-80c17dbe2a37
gte-large,vlc,upper,f3977615-2b45-4ac5-8bba-80c17dbe2a37::v1,0.942429,0.868145,0.074284,0.436624,f3977615-2b45-4ac5-8bba-80c17dbe2a37
gte-large,vlc,upper,f3977615-2b45-4ac5-8bba-80c17dbe2a37::v2,0.912603,0.894668,0.017935,0.829733,f3977615-2b45-4ac5-8bba-80c17dbe2a37
gte-large,vlc,upper,f3977615-2b45-4ac5-8bba-80c17dbe2a37::v3,0.947565,0.875357,0.072208,0.420678,f3977615-2b45-4ac5-8bba-80c17dbe2a37
gte-large,vlc,upper,f3977615-2b45-4ac5-8bba-80c17dbe2a37::v4,0.932142,0.890026,0.042116,0.617035,f3977615-2b45-4ac5-8bba-80c17dbe2a37
gte-large,vlc,upper,fba2c100-79e8-42df-ae74-b592418d54f4::v0,0.978494,0.884834,0.09366,0.186736,fba2c100-79e8-42df-ae74-b592418d54f4
gte-large,vlc,upper,fba2c100-79e8-42df-ae74-b592418d54f4::v1,0.977425,0.879442,0.097983,0.187252,fba2c100-79e8-42df-ae74-b592418d54f4
gte-large,vlc,upper,fba2c100-79e8-42df-ae74-b592418d54f4::v2,0.956161,0.869289,0.086872,0.335391,fba2c100-79e8-42df-ae74-b592418d54f4
gte-large,vlc,upper,fba2c100-79e8-42df-ae74-b592418d54f4::v3,0.974371,0.868039,0.106332,0.194217,fba2c100-79e8-42df-ae74-b592418d54f4
gte-large,vlc,upper,fba2c100-79e8-42df-ae74-b592418d54f4::v4,0.941814,0.871955,0.06986,0.454413,fba2c100-79e8-42df-ae74-b592418d54f4
