model,domain,dataset,left_id,top1,top2,gap,ratio,top1_right_id
uae-large-v1,chrome,verdict,altdate_cheapest,0.600218,0.594644,0.005574,0.986249,f79439ad-3ee8-4f99-a518-0eb60e5652b0
uae-large-v1,chrome,verdict,car_electric_fuel,0.661052,0.630276,0.030776,0.91676,82279c77-8fc6-46f6-9622-3ba96f61b477
uae-large-v1,chrome,verdict,car_large_price_sort,0.718237,0.643607,0.07463,0.790598,1704f00f-79e6-43a7-961b-cedd3724d5fd
uae-large-v1,chrome,verdict,car_rating_sort,0.680077,0.621898,0.058179,0.846128,1704f00f-79e6-43a7-961b-cedd3724d5fd
uae-large-v1,chrome,verdict,checkout_fill_email_stop,0.580148,0.552353,0.027795,0.937908,da46d875-6b82-4681-9284-653b0c7ae241
uae-large-v1,chrome,verdict,flight_business_cabin,0.624801,0.617541,0.007261,0.981015,6c4c23a1-42a4-43cc-9db1-2f86ff3738cc
uae-large-v1,chrome,verdict,flight_oneway_2adults,0.725546,0.578136,0.147411,0.650573,f79439ad-3ee8-4f99-a518-0eb60e5652b0
uae-large-v1,chrome,verdict,flight_route_date_tomorrow,0.713003,0.592905,0.120097,0.704989,fc6d8143-9452-4171-9459-7f515143419a
uae-large-v1,chrome,verdict,flight_route_next_monday,0.759275,0.695507,0.063768,0.790576,82bc8d6a-36eb-4d2d-8801-ef714fb1e55a
uae-large-v1,chrome,verdict,geo_hierarchy_italy_rome,0.615655,0.527676,0.087979,0.813732,b7895e80-f4d1-4648-bee0-4eb45a6f1fa8
uae-large-v1,chrome,verdict,geo_hierarchy_spain_madrid,0.580109,0.575176,0.004933,0.988388,f79439ad-3ee8-4f99-a518-0eb60e5652b0
uae-large-v1,chrome,verdict,help_category_manage_booking,0.661022,0.651158,0.009864,0.971725,f3b19d1e-2d48-44e9-b4e1-defcae1a0197
uae-large-v1,chrome,verdict,help_search_cancel,0.620094,0.559341,0.060753,0.862131,f3b19d1e-2d48-44e9-b4e1-defcae1a0197
uae-large-v1,chrome,verdict,help_search_refund,0.572281,0.545249,0.027032,0.940557,f3b19d1e-2d48-44e9-b4e1-defcae1a0197
uae-large-v1,chrome,verdict,hotel_multi_filter_genius_review,0.539597,0.483506,0.05609,0.891402,b7895e80-f4d1-4648-bee0-4eb45a6f1fa8
uae-large-v1,chrome,verdict,hotel_open_detail,0.627041,0.54744,0.079601,0.82411,b7895e80-f4d1-4648-bee0-4eb45a6f1fa8
uae-large-v1,chrome,verdict,hotel_price_sort,0.824996,0.531584,0.293412,0.373608,b7895e80-f4d1-4648-bee0-4eb45a6f1fa8
uae-large-v1,chrome,verdict,hotel_review_genius_filter,0.68134,0.53574,0.145601,0.686381,b7895e80-f4d1-4648-bee0-4eb45a6f1fa8
uae-large-v1,chrome,verdict,hotel_search_price_sort,0.760122,0.550346,0.209776,0.533472,b7895e80-f4d1-4648-bee0-4eb45a6f1fa8
uae-large-v1,chrome,verdict,hotel_top_reviewed_open,0.532596,0.493362,0.039234,0.92256,b7895e80-f4d1-4648-bee0-4eb45a6f1fa8
uae-large-v1,chrome,verdict,info_sustainability,0.597486,0.581209,0.016277,0.961134,c1fa57f3-c3db-4596-8f09-020701085416
uae-large-v1,chrome,verdict,multicity_three_segments,0.635567,0.611118,0.02445,0.937128,f79439ad-3ee8-4f99-a518-0eb60e5652b0
uae-large-v1,chrome,lower,030eeff7-b492-4218-b312-701ec99ee0cc,0.745439,0.671474,0.073965,0.774857,9656a811-9b5b-4ddf-99c7-5117bcef0626
uae-large-v1,chrome,lower,06fe7178-4491-4589-810f-2e2bc9502122,0.667042,0.651475,0.015567,0.955334,7a5a7856-f1b6-42a4-ade9-1ca81ca0f263
uae-large-v1,chrome,lower,0d8b7de3-e8de-4d86-b9fd-dd2dce58a217,0.55405,0.539051,0.014999,0.967461,9f935cce-0a9f-435f-8007-817732bfc0a5
uae-large-v1,chrome,lower,12086550-11c0-466b-b367-1d9e75b3910e,0.633693,0.620899,0.012793,0.966254,35253b65-1c19-4304-8aa4-6884b8218fc0
uae-large-v1,chrome,lower,121ba48f-9e17-48ce-9bc6-a4fb17a7ebba,0.537711,0.521039,0.016672,0.965191,f3b19d1e-2d48-44e9-b4e1-defcae1a0197
uae-large-v1,chrome,lower,1704f00f-79e6-43a7-961b-cedd3724d5fd,0.649524,0.601999,0.047525,0.880591,47543840-672a-467d-80df-8f7c3b9788c9
uae-large-v1,chrome,lower,2888b4e6-5b47-4b57-8bf5-c73827890774,0.53221,0.501034,0.031176,0.937519,9f3f70fc-5afc-4958-a7b7-3bb4fcb01805
uae-large-v1,chrome,lower,2ad9387a-65d8-4e33-ad5b-7580065a27ca,0.750174,0.644933,0.105241,0.703602,7a5a7856-f1b6-42a4-ade9-1ca81ca0f263
uae-large-v1,chrome,lower,2ae9ba84-3a0d-4d4c-8338-3a1478dc5fe3,0.644548,0.563502,0.081046,0.814327,3720f614-37fd-4d04-8a6b-76f54f8c222d
uae-large-v1,chrome,lower,3299584d-8f11-4457-bf4c-ce98f7600250,0.619209,0.606428,0.01278,0.967528,9656a811-9b5b-4ddf-99c7-5117bcef0626
uae-large-v1,chrome,lower,35253b65-1c19-4304-8aa4-6884b8218fc0,0.705701,0.67857,0.027131,0.915592,7a5a7856-f1b6-42a4-ade9-1ca81ca0f263
uae-large-v1,chrome,lower,368d9ba4-203c-40c1-9fa3-da2f1430ce63,0.507542,0.494394,0.013147,0.973997,b4f95342-463e-4179-8c3f-193cd7241fb2
uae-large-v1,chrome,lower,3720f614-37fd-4d04-8a6b-76f54f8c222d,0.644548,0.637688,0.00686,0.981066,2ae9ba84-3a0d-4d4c-8338-3a1478dc5fe3
uae-large-v1,chrome,lower,44ee5668-ecd5-4366-a6ce-c1c9b8d4e938,0.606052,0.577436,0.028616,0.93228,7b6c7e24-c58a-49fc-a5bb-d57b80e5b4c3
uae-large-v1,chrome,lower,47543840-672a-467d-80df-8f7c3b9788c9,0.649524,0.582112,0.067412,0.838684,1704f00f-79e6-43a7-961b-cedd3724d5fd
uae-large-v1,chrome,lower,480bcfea-d68f-4aaa-a0a9-2589ef319381,0.674586,0.621781,0.052805,0.860385,af630914-714e-4a24-a7bb-f9af687d3b91
uae-large-v1,chrome,lower,59155008-fe71-45ec-8a8f-dc35497b6aa8,0.462491,0.439804,0.022687,0.959501,2ae9ba84-3a0d-4d4c-8338-3a1478dc5fe3
uae-large-v1,chrome,lower,6766f2b8-8a72-417f-a9e5-56fcaa735837,0.67857,0.593221,0.085349,0.790183,35253b65-1c19-4304-8aa4-6884b8218fc0
uae-large-v1,chrome,lower,6c4c23a1-42a4-43cc-9db1-2f86ff3738cc,0.62989,0.605293,0.024597,0.937682,fc6d8143-9452-4171-9459-7f515143419a
uae-large-v1,chrome,lower,7a5a7856-f1b6-42a4-ade9-1ca81ca0f263,0.750174,0.705701,0.044473,0.848886,2ad9387a-65d8-4e33-ad5b-7580065a27ca
uae-large-v1,chrome,lower,7b6c7e24-c58a-49fc-a5bb-d57b80e5b4c3,0.649448,0.620899,0.028548,0.924695,030eeff7-b492-4218-b312-701ec99ee0cc
uae-large-v1,chrome,lower,7f52cab9-535c-4835-ac8c-391ee64dc930,0.512008,0.476751,0.035257,0.93262,b7895e80-f4d1-4648-bee0-4eb45a6f1fa8
uae-large-v1,chrome,lower,82279c77-8fc6-46f6-9622-3ba96f61b477,0.598137,0.53364,0.064497,0.861702,1704f00f-79e6-43a7-961b-cedd3724d5fd
uae-large-v1,chrome,lower,82bc8d6a-36eb-4d2d-8801-ef714fb1e55a,0.642246,0.608525,0.033721,0.913861,fc6d8143-9452-4171-9459-7f515143419a
uae-large-v1,chrome,lower,93eabf48-6a27-4cb6-b963-7d5fe1e0d3a9,0.714927,0.621781,0.093146,0.753724,af630914-714e-4a24-a7bb-f9af687d3b91
uae-large-v1,chrome,lower,9656a811-9b5b-4ddf-99c7-5117bcef0626,0.745439,0.670545,0.074894,0.772673,030eeff7-b492-4218-b312-701ec99ee0cc
uae-large-v1,chrome,lower,99146c54-4f37-4ab8-9327-5f3291665e1e,0.671474,0.670545,0.000929,0.997182,030eeff7-b492-4218-b312-701ec99ee0cc
uae-large-v1,chrome,lower,9f3f70fc-5afc-4958-a7b7-3bb4fcb01805,0.53221,0.510246,0.021964,0.955153,2888b4e6-5b47-4b57-8bf5-c73827890774
uae-large-v1,chrome,lower,9f935cce-0a9f-435f-8007-817732bfc0a5,0.55405,0.52704,0.02701,0.942892,0d8b7de3-e8de-4d86-b9fd-dd2dce58a217
uae-large-v1,chrome,lower,a728a36e-8bf1-4bb6-9a03-ef039a5233f0,0.520453,0.508209,0.012243,0.975105,9f935cce-0a9f-435f-8007-817732bfc0a5
uae-large-v1,chrome,lower,a96b564e-dbe9-42c3-9ccf-b4498073438a,0.582112,0.581175,0.000937,0.997762,47543840-672a-467d-80df-8f7c3b9788c9
uae-large-v1,chrome,lower,ae78f875-5b98-4907-bbb5-9c737fc68c03,0.562392,0.559322,0.00307,0.993033,44ee5668-ecd5-4366-a6ce-c1c9b8d4e938
uae-large-v1,chrome,lower,af630914-714e-4a24-a7bb-f9af687d3b91,0.714927,0.674585,0.040341,0.876031,93eabf48-6a27-4cb6-b963-7d5fe1e0d3a9
uae-large-v1,chrome,lower,b070486d-e161-459b-aa2b-ef442d973b92,0.505604,0.42888,0.076724,0.865661,0d8b7de3-e8de-4d86-b9fd-dd2dce58a217
uae-large-v1,chrome,lower,b4f95342-463e-4179-8c3f-193cd7241fb2,0.535787,0.533944,0.001842,0.996047,b7895e80-f4d1-4648-bee0-4eb45a6f1fa8
uae-large-v1,chrome,lower,b7895e80-f4d1-4648-bee0-4eb45a6f1fa8,0.604048,0.601999,0.002048,0.994853,6c4c23a1-42a4-43cc-9db1-2f86ff3738cc
uae-large-v1,chrome,lower,bb5e4c0d-f964-439c-97b6-bdb9747de3f4,0.545676,0.539176,0.0065,0.985894,2ad9387a-65d8-4e33-ad5b-7580065a27ca
uae-large-v1,chrome,lower,c1fa57f3-c3db-4596-8f09-020701085416,0.58211,0.567565,0.014545,0.966365,47543840-672a-467d-80df-8f7c3b9788c9
uae-large-v1,chrome,lower,cabb3bae-cccb-41bd-9f5d-0f3a9fecd825,0.513572,0.498765,0.014807,0.97046,b7895e80-f4d1-4648-bee0-4eb45a6f1fa8
uae-large-v1,chrome,lower,da46d875-6b82-4681-9284-653b0c7ae241,0.511044,0.508209,0.002834,0.994237,6c4c23a1-42a4-43cc-9db1-2f86ff3738cc
uae-large-v1,chrome,lower,e1e75309-3ddb-4d09-92ec-de869c928143,0.677278,0.604117,0.073161,0.815196,7a5a7856-f1b6-42a4-ade9-1ca81ca0f263
uae-large-v1,chrome,lower,f0b971a1-6831-4b9b-a50e-22a6e47f45ba,0.478329,0.469877,0.008451,0.984058,b7895e80-f4d1-4648-bee0-4eb45a6f1fa8
uae-large-v1,chrome,lower,f3b19d1e-2d48-44e9-b4e1-defcae1a0197,0.581175,0.567565,0.01361,0.968527,a96b564e-dbe9-42c3-9ccf-b4498073438a
uae-large-v1,chrome,lower,f5d96daf-83a8-4c86-9686-bada31fc66ab,0.40272,0.390941,0.011779,0.98066,9f3f70fc-5afc-4958-a7b7-3bb4fcb01805
uae-large-v1,chrome,lower,f79439ad-3ee8-4f99-a518-0eb60e5652b0,0.608525,0.591576,0.016949,0.958502,82bc8d6a-36eb-4d2d-8801-ef714fb1e55a
uae-large-v1,chrome,lower,fc6d8143-9452-4171-9459-7f515143419a,0.642246,0.62989,0.012356,0.966616,82bc8d6a-36eb-4d2d-8801-ef714fb1e55a
uae-large-v1,chrome,cross_floor,030eeff7-b492-4218-b312-701ec99ee0cc,0.505439,0.490578,0.01486,0.970829,efcf0d81-0835-4880-b2fd-d866e8bc2294
uae-large-v1,chrome,cross_floor,06fe7178-4491-4589-810f-2e2bc9502122,0.572694,0.546144,0.026551,0.9415,a5bbbcd5-b398-4c91-83d4-55e1e31bbb81
uae-large-v1,chrome,cross_floor,0d8b7de3-e8de-4d86-b9fd-dd2dce58a217,0.528136,0.455173,0.072964,0.866079,a746add2-cab0-4740-ac36-c3769d9bfb46
uae-large-v1,chrome,cross_floor,12086550-11c0-466b-b367-1d9e75b3910e,0.530071,0.4988,0.031272,0.937606,a746add2-cab0-4740-ac36-c3769d9bfb46
uae-large-v1,chrome,cross_floor,121ba48f-9e17-48ce-9bc6-a4fb17a7ebba,0.506072,0.484848,0.021223,0.958802,7882ed6e-bece-4bf0-bada-c32dc1ddae72
uae-large-v1,chrome,cross_floor,1704f00f-79e6-43a7-961b-cedd3724d5fd,0.403706,0.398209,0.005497,0.990866,f4aec372-4fb0-4df5-a52b-79e0e2a5d6ce
uae-large-v1,chrome,cross_floor,2888b4e6-5b47-4b57-8bf5-c73827890774,0.455422,0.441973,0.013449,0.975899,2e6f678f-472d-4c55-99cc-8e7c5c402a71
uae-large-v1,chrome,cross_floor,2ad9387a-65d8-4e33-ad5b-7580065a27ca,0.574814,0.548139,0.026675,0.940965,8ba5ae7a-5ae5-4eab-9fcc-5dd4fe3abf89
uae-large-v1,chrome,cross_floor,2ae9ba84-3a0d-4d4c-8338-3a1478dc5fe3,0.458644,0.455507,0.003137,0.994238,b148e375-fe0b-4bec-90e7-38632b0d73c2
uae-large-v1,chrome,cross_floor,3299584d-8f11-4457-bf4c-ce98f7600250,0.539844,0.511563,0.028282,0.942098,215dfd39-f493-4bc3-a027-8a97d72c61bf
uae-large-v1,chrome,cross_floor,35253b65-1c19-4304-8aa4-6884b8218fc0,0.567483,0.553599,0.013884,0.968897,efcf0d81-0835-4880-b2fd-d866e8bc2294
uae-large-v1,chrome,cross_floor,368d9ba4-203c-40c1-9fa3-da2f1430ce63,0.418184,0.396997,0.021187,0.964864,b148e375-fe0b-4bec-90e7-38632b0d73c2
uae-large-v1,chrome,cross_floor,3720f614-37fd-4d04-8a6b-76f54f8c222d,0.524503,0.498598,0.025905,0.948335,215dfd39-f493-4bc3-a027-8a97d72c61bf
uae-large-v1,chrome,cross_floor,44ee5668-ecd5-4366-a6ce-c1c9b8d4e938,0.502185,0.482389,0.019796,0.961756,38f48d40-764e-4e77-a7cf-51dfce880291
uae-large-v1,chrome,cross_floor,47543840-672a-467d-80df-8f7c3b9788c9,0.422064,0.409366,0.012698,0.9785,fba2c100-79e8-42df-ae74-b592418d54f4
uae-large-v1,chrome,cross_floor,480bcfea-d68f-4aaa-a0a9-2589ef319381,0.599233,0.501573,0.09766,0.804064,215dfd39-f493-4bc3-a027-8a97d72c61bf
uae-large-v1,chrome,cross_floor,59155008-fe71-45ec-8a8f-dc35497b6aa8,0.393227,0.374875,0.018352,0.970642,b148e375-fe0b-4bec-90e7-38632b0d73c2
uae-large-v1,chrome,cross_floor,6766f2b8-8a72-417f-a9e5-56fcaa735837,0.614804,0.577841,0.036963,0.912442,8ba5ae7a-5ae5-4eab-9fcc-5dd4fe3abf89
uae-large-v1,chrome,cross_floor,6c4c23a1-42a4-43cc-9db1-2f86ff3738cc,0.433765,0.430565,0.0032,0.99438,a746add2-cab0-4740-ac36-c3769d9bfb46
uae-large-v1,chrome,cross_floor,7a5a7856-f1b6-42a4-ade9-1ca81ca0f263,0.573465,0.563376,0.010089,0.976893,efcf0d81-0835-4880-b2fd-d866e8bc2294
uae-large-v1,chrome,cross_floor,7b6c7e24-c58a-49fc-a5bb-d57b80e5b4c3,0.543103,0.529631,0.013472,0.971358,aa4b5023-aef6-4ed9-bdc9-705f59ab9ad6
uae-large-v1,chrome,cross_floor,7f52cab9-535c-4835-ac8c-391ee64dc930,0.475941,0.458606,0.017335,0.967981,d06f0d4d-2cd5-4ede-8de9-598629438c6e
uae-large-v1,chrome,cross_floor,82279c77-8fc6-46f6-9622-3ba96f61b477,0.391892,0.363795,0.028098,0.955836,2e6f678f-472d-4c55-99cc-8e7c5c402a71
uae-large-v1,chrome,cross_floor,82bc8d6a-36eb-4d2d-8801-ef714fb1e55a,0.416437,0.400618,0.015819,0.973608,fba2c100-79e8-42df-ae74-b592418d54f4
uae-large-v1,chrome,cross_floor,93eabf48-6a27-4cb6-b963-7d5fe1e0d3a9,0.60719,0.601566,0.005625,0.985883,e19bd559-633b-4b02-940f-d946248f088e
uae-large-v1,chrome,cross_floor,9656a811-9b5b-4ddf-99c7-5117bcef0626,0.482576,0.462178,0.020398,0.962072,a746add2-cab0-4740-ac36-c3769d9bfb46
uae-large-v1,chrome,cross_floor,99146c54-4f37-4ab8-9327-5f3291665e1e,0.505206,0.500805,0.004401,0.991184,a5bbbcd5-b398-4c91-83d4-55e1e31bbb81
uae-large-v1,chrome,cross_floor,9f3f70fc-5afc-4958-a7b7-3bb4fcb01805,0.376711,0.352779,0.023931,0.963024,a746add2-cab0-4740-ac36-c3769d9bfb46
uae-large-v1,chrome,cross_floor,9f935cce-0a9f-435f-8007-817732bfc0a5,0.517653,0.47429,0.043364,0.917514,a746add2-cab0-4740-ac36-c3769d9bfb46
uae-large-v1,chrome,cross_floor,a728a36e-8bf1-4bb6-9a03-ef039a5233f0,0.449685,0.423991,0.025694,0.955393,a746add2-cab0-4740-ac36-c3769d9bfb46
uae-large-v1,chrome,cross_floor,a96b564e-dbe9-42c3-9ccf-b4498073438a,0.543434,0.435855,0.107579,0.809306,a746add2-cab0-4740-ac36-c3769d9bfb46
uae-large-v1,chrome,cross_floor,ae78f875-5b98-4907-bbb5-9c737fc68c03,0.543862,0.543373,0.000489,0.99893,2e6f678f-472d-4c55-99cc-8e7c5c402a71
uae-large-v1,chrome,cross_floor,af630914-714e-4a24-a7bb-f9af687d3b91,0.539657,0.525845,0.013812,0.97087,215dfd39-f493-4bc3-a027-8a97d72c61bf
uae-large-v1,chrome,cross_floor,b070486d-e161-459b-aa2b-ef442d973b92,0.443459,0.425654,0.017805,0.969,a5bbbcd5-b398-4c91-83d4-55e1e31bbb81
uae-large-v1,chrome,cross_floor,b4f95342-463e-4179-8c3f-193cd7241fb2,0.445629,0.438503,0.007126,0.987308,f4aec372-4fb0-4df5-a52b-79e0e2a5d6ce
uae-large-v1,chrome,cross_floor,b7895e80-f4d1-4648-bee0-4eb45a6f1fa8,0.442904,0.408489,0.034416,0.941817,a746add2-cab0-4740-ac36-c3769d9bfb46
uae-large-v1,chrome,cross_floor,bb5e4c0d-f964-439c-97b6-bdb9747de3f4,0.519029,0.497216,0.021814,0.956615,efcf0d81-0835-4880-b2fd-d866e8bc2294
uae-large-v1,chrome,cross_floor,c1fa57f3-c3db-4596-8f09-020701085416,0.462273,0.453442,0.008831,0.983843,a746add2-cab0-4740-ac36-c3769d9bfb46
uae-large-v1,chrome,cross_floor,cabb3bae-cccb-41bd-9f5d-0f3a9fecd825,0.423092,0.421765,0.001327,0.997705,a746add2-cab0-4740-ac36-c3769d9bfb46
uae-large-v1,chrome,cross_floor,da46d875-6b82-4681-9284-653b0c7ae241,0.413884,0.406917,0.006967,0.988252,a746add2-cab0-4740-ac36-c3769d9bfb46
uae-large-v1,chrome,cross_floor,e1e75309-3ddb-4d09-92ec-de869c928143,0.643512,0.607685,0.035827,0.908678,77b8ab4d-994f-43ac-8930-8ca087d7c4b4
uae-large-v1,chrome,cross_floor,f0b971a1-6831-4b9b-a50e-22a6e47f45ba,0.421542,0.394608,0.026934,0.95551,aa4b5023-aef6-4ed9-bdc9-705f59ab9ad6
uae-large-v1,chrome,cross_floor,f3b19d1e-2d48-44e9-b4e1-defcae1a0197,0.470303,0.443615,0.026688,0.952032,a746add2-cab0-4740-ac36-c3769d9bfb46
uae-large-v1,chrome,cross_floor,f5d96daf-83a8-4c86-9686-bada31fc66ab,0.411185,0.408357,0.002828,0.99522,aa4b5023-aef6-4ed9-bdc9-705f59ab9ad6
uae-large-v1,chrome,cross_floor,f79439ad-3ee8-4f99-a518-0eb60e5652b0,0.400204,0.389288,0.010916,0.982125,f4aec372-4fb0-4df5-a52b-79e0e2a5d6ce
uae-large-v1,chrome,cross_floor,fc6d8143-9452-4171-9459-7f515143419a,0.39939,0.380262,0.019128,0.969136,a746add2-cab0-4740-ac36-c3769d9bfb46
uae-large-v1,chrome,upper,030eeff7-b492-4218-b312-701ec99ee0cc,0.984396,0.749203,0.235193,0.062216,030eeff7-b492-4218-b312-701ec99ee0cc
uae-large-v1,chrome,upper,06fe7178-4491-4589-810f-2e2bc9502122,0.920092,0.677584,0.242509,0.24784,06fe7178-4491-4589-810f-2e2bc9502122
uae-large-v1,chrome,upper,0d8b7de3-e8de-4d86-b9fd-dd2dce58a217,0.961062,0.518397,0.442665,0.080851,0d8b7de3-e8de-4d86-b9fd-dd2dce58a217
uae-large-v1,chrome,upper,12086550-11c0-466b-b367-1d9e75b3910e,0.982575,0.643072,0.339503,0.048819,12086550-11c0-466b-b367-1d9e75b3910e
uae-large-v1,chrome,upper,121ba48f-9e17-48ce-9bc6-a4fb17a7ebba,0.964693,0.525375,0.439318,0.074389,121ba48f-9e17-48ce-9bc6-a4fb17a7ebba
uae-large-v1,chrome,upper,1704f00f-79e6-43a7-961b-cedd3724d5fd,0.9913,0.646792,0.344509,0.024631,1704f00f-79e6-43a7-961b-cedd3724d5fd
uae-large-v1,chrome,upper,2888b4e6-5b47-4b57-8bf5-c73827890774,0.987893,0.521585,0.466309,0.025306,2888b4e6-5b47-4b57-8bf5-c73827890774
uae-large-v1,chrome,upper,2ad9387a-65d8-4e33-ad5b-7580065a27ca,0.971526,0.752995,0.218531,0.115276,2ad9387a-65d8-4e33-ad5b-7580065a27ca
uae-large-v1,chrome,upper,2ae9ba84-3a0d-4d4c-8338-3a1478dc5fe3,0.997921,0.644902,0.353019,0.005854,2ae9ba84-3a0d-4d4c-8338-3a1478dc5fe3
uae-large-v1,chrome,upper,3299584d-8f11-4457-bf4c-ce98f7600250,0.988611,0.628356,0.360255,0.030645,3299584d-8f11-4457-bf4c-ce98f7600250
uae-large-v1,chrome,upper,35253b65-1c19-4304-8aa4-6884b8218fc0,0.986394,0.702056,0.284338,0.045666,35253b65-1c19-4304-8aa4-6884b8218fc0
uae-large-v1,chrome,upper,368d9ba4-203c-40c1-9fa3-da2f1430ce63,0.9928,0.506834,0.485966,0.0146,368d9ba4-203c-40c1-9fa3-da2f1430ce63
uae-large-v1,chrome,upper,3720f614-37fd-4d04-8a6b-76f54f8c222d,0.99187,0.66469,0.32718,0.024245,3720f614-37fd-4d04-8a6b-76f54f8c222d
uae-large-v1,chrome,upper,44ee5668-ecd5-4366-a6ce-c1c9b8d4e938,0.975343,0.608721,0.366622,0.063018,44ee5668-ecd5-4366-a6ce-c1c9b8d4e938
uae-large-v1,chrome,upper,47543840-672a-467d-80df-8f7c3b9788c9,0.979957,0.623834,0.356123,0.053282,47543840-672a-467d-80df-8f7c3b9788c9
uae-large-v1,chrome,upper,480bcfea-d68f-4aaa-a0a9-2589ef319381,0.979492,0.672357,0.307135,0.062592,480bcfea-d68f-4aaa-a0a9-2589ef319381
uae-large-v1,chrome,upper,59155008-fe71-45ec-8a8f-dc35497b6aa8,0.993882,0.454763,0.539119,0.011221,59155008-fe71-45ec-8a8f-dc35497b6aa8
uae-large-v1,chrome,upper,6766f2b8-8a72-417f-a9e5-56fcaa735837,0.961341,0.69678,0.26456,0.127496,6766f2b8-8a72-417f-a9e5-56fcaa735837
uae-large-v1,chrome,upper,6c4c23a1-42a4-43cc-9db1-2f86ff3738cc,0.982505,0.636392,0.346113,0.048115,6c4c23a1-42a4-43cc-9db1-2f86ff3738cc
uae-large-v1,chrome,upper,7a5a7856-f1b6-42a4-ade9-1ca81ca0f263,0.980605,0.743338,0.237267,0.075566,7a5a7856-f1b6-42a4-ade9-1ca81ca0f263
uae-large-v1,chrome,upper,7b6c7e24-c58a-49fc-a5bb-d57b80e5b4c3,0.95072,0.658238,0.292482,0.144194,7b6c7e24-c58a-49fc-a5bb-d57b80e5b4c3
uae-large-v1,chrome,upper,7f52cab9-535c-4835-ac8c-391ee64dc930,0.942105,0.568799,0.373306,0.134264,7f52cab9-535c-4835-ac8c-391ee64dc930
uae-large-v1,chrome,upper,82279c77-8fc6-46f6-9622-3ba96f61b477,0.94749,0.5686,0.37889,0.121719,82279c77-8fc6-46f6-9622-3ba96f61b477
uae-large-v1,chrome,upper,82bc8d6a-36eb-4d2d-8801-ef714fb1e55a,0.985076,0.651763,0.333313,0.042856,82bc8d6a-36eb-4d2d-8801-ef714fb1e55a
uae-large-v1,chrome,upper,93eabf48-6a27-4cb6-b963-7d5fe1e0d3a9,0.970339,0.739654,0.230685,0.11393,93eabf48-6a27-4cb6-b963-7d5fe1e0d3a9
uae-large-v1,chrome,upper,9656a811-9b5b-4ddf-99c7-5117bcef0626,0.979564,0.71985,0.259714,0.072946,9656a811-9b5b-4ddf-99c7-5117bcef0626
uae-large-v1,chrome,upper,99146c54-4f37-4ab8-9327-5f3291665e1e,0.986034,0.673606,0.312428,0.042789,99146c54-4f37-4ab8-9327-5f3291665e1e
uae-large-v1,chrome,upper,9f3f70fc-5afc-4958-a7b7-3bb4fcb01805,0.982809,0.516971,0.465839,0.035589,9f3f70fc-5afc-4958-a7b7-3bb4fcb01805
uae-large-v1,chrome,upper,9f935cce-0a9f-435f-8007-817732bfc0a5,0.954003,0.51513,0.438873,0.094864,9f935cce-0a9f-435f-8007-817732bfc0a5
uae-large-v1,chrome,upper,a728a36e-8bf1-4bb6-9a03-ef039a5233f0,0.967978,0.545943,0.422035,0.070524,a728a36e-8bf1-4bb6-9a03-ef039a5233f0
uae-large-v1,chrome,upper,a96b564e-dbe9-42c3-9ccf-b4498073438a,0.979995,0.588401,0.391593,0.048603,a96b564e-dbe9-42c3-9ccf-b4498073438a
uae-large-v1,chrome,upper,ae78f875-5b98-4907-bbb5-9c737fc68c03,0.972809,0.567926,0.404883,0.062932,ae78f875-5b98-4907-bbb5-9c737fc68c03
uae-large-v1,chrome,upper,af630914-714e-4a24-a7bb-f9af687d3b91,0.991678,0.703735,0.287943,0.028091,af630914-714e-4a24-a7bb-f9af687d3b91
uae-large-v1,chrome,upper,b070486d-e161-459b-aa2b-ef442d973b92,0.988021,0.49076,0.497261,0.023523,b070486d-e161-459b-aa2b-ef442d973b92
uae-large-v1,chrome,upper,b4f95342-463e-4179-8c3f-193cd7241fb2,0.979272,0.541225,0.438047,0.045182,b4f95342-463e-4179-8c3f-193cd7241fb2
uae-large-v1,chrome,upper,b7895e80-f4d1-4648-bee0-4eb45a6f1fa8,0.945989,0.590272,0.355717,0.131823,b7895e80-f4d1-4648-bee0-4eb45a6f1fa8
uae-large-v1,chrome,upper,bb5e4c0d-f964-439c-97b6-bdb9747de3f4,0.867822,0.553214,0.314608,0.295842,bb5e4c0d-f964-439c-97b6-bdb9747de3f4
uae-large-v1,chrome,upper,c1fa57f3-c3db-4596-8f09-020701085416,0.989478,0.57501,0.414468,0.024759,c1fa57f3-c3db-4596-8f09-020701085416
uae-large-v1,chrome,upper,cabb3bae-cccb-41bd-9f5d-0f3a9fecd825,0.983261,0.488598,0.494663,0.032731,cabb3bae-cccb-41bd-9f5d-0f3a9fecd825
uae-large-v1,chrome,upper,da46d875-6b82-4681-9284-653b0c7ae241,0.972084,0.555981,0.416103,0.062872,da46d875-6b82-4681-9284-653b0c7ae241
uae-large-v1,chrome,upper,e1e75309-3ddb-4d09-92ec-de869c928143,0.984927,0.66741,0.317517,0.04532,e1e75309-3ddb-4d09-92ec-de869c928143
uae-large-v1,chrome,upper,f0b971a1-6831-4b9b-a50e-22a6e47f45ba,0.989221,0.483855,0.505367,0.020883,f0b971a1-6831-4b9b-a50e-22a6e47f45ba
uae-large-v1,chrome,upper,f3b19d1e-2d48-44e9-b4e1-defcae1a0197,0.978078,0.599576,0.378503,0.054746,f3b19d1e-2d48-44e9-b4e1-defcae1a0197
uae-large-v1,chrome,upper,f5d96daf-83a8-4c86-9686-bada31fc66ab,0.989278,0.415412,0.573866,0.018341,f5d96daf-83a8-4c86-9686-bada31fc66ab
uae-large-v1,chrome,upper,f79439ad-3ee8-4f99-a518-0eb60e5652b0,0.97963,0.596228,0.383402,0.05045,f79439ad-3ee8-4f99-a518-0eb60e5652b0
uae-large-v1,chrome,upper,fc6d8143-9452-4171-9459-7f515143419a,0.984858,0.661427,0.323431,0.044722,fc6d8143-9452-4171-9459-7f515143419a
uae-large-v1,gimp,verdict,gimp_brighten_photo,0.850472,0.802758,0.047713,0.758097,7a4deb26-d57d-4ea9-9a73-630f66a7b568
uae-large-v1,gimp,verdict,gimp_convert_webp,0.657328,0.64241,0.014919,0.95828,62f7fd55-0687-4a43-b6e1-3eda16fc6252
uae-large-v1,gimp,verdict,gimp_export_output_png,0.885034,0.698617,0.186417,0.381462,77b8ab4d-994f-43ac-8930-8ca087d7c4b4
uae-large-v1,gimp,verdict,gimp_flip_vertical,0.815825,0.570834,0.244991,0.429146,72f83cdc-bf76-4531-9a1b-eb893a13f8aa
uae-large-v1,gimp,verdict,gimp_gaussian_blur_dialog,0.74877,0.669001,0.079769,0.759005,a746add2-cab0-4740-ac36-c3769d9bfb46
uae-large-v1,gimp,verdict,gimp_grayscale_mode,0.798411,0.698803,0.099608,0.669294,06ca5602-62ca-47f6-ad4f-da151cde54cc
uae-large-v1,gimp,verdict,gimp_hide_right_docks,0.77556,0.644109,0.131451,0.630643,d52d6308-ec58-42b7-a2c9-de80e4837b2b
uae-large-v1,gimp,verdict,gimp_icon_theme_legacy,0.787576,0.699216,0.088359,0.706236,7767eef2-56a3-4cea-8c9f-48c070c7d65b
uae-large-v1,gimp,verdict,gimp_indexed_color_mode,0.777711,0.745009,0.032701,0.871754,045bf3ff-9077-4b86-b483-a1040a949cff
uae-large-v1,gimp,verdict,gimp_lower_contrast,0.805008,0.77418,0.030828,0.863486,7a4deb26-d57d-4ea9-9a73-630f66a7b568
uae-large-v1,gimp,verdict,gimp_moon_top_left,0.766292,0.668327,0.097965,0.704634,f4aec372-4fb0-4df5-a52b-79e0e2a5d6ce
uae-large-v1,gimp,verdict,gimp_new_layer_name,0.824224,0.623405,0.200819,0.46675,b148e375-fe0b-4bec-90e7-38632b0d73c2
uae-large-v1,gimp,verdict,gimp_red_background_layer,0.739659,0.68621,0.053449,0.829666,734d6579-c07d-47a8-9ae2-13339795476b
uae-large-v1,gimp,verdict,gimp_reduce_saturation,0.829346,0.785271,0.044075,0.794739,7a4deb26-d57d-4ea9-9a73-630f66a7b568
uae-large-v1,gimp,verdict,gimp_resize_layer_256,0.77192,0.629531,0.142389,0.615653,d16c99dc-2a1e-46f2-b350-d97c86c85c15
uae-large-v1,gimp,verdict,gimp_text_box_right,0.819729,0.622784,0.196945,0.477899,e2dd0213-26db-4349-abe5-d5667bfd725c
uae-large-v1,gimp,verdict,gimp_undo_levels_50,0.723901,0.680688,0.043213,0.864668,7b7617bd-57cc-468e-9c91-40c4ec2bcb3d
uae-large-v1,gimp,verdict,gimp_white_background,0.766812,0.675701,0.091111,0.719053,2a729ded-3296-423d-aec4-7dd55ed5fbb3
uae-large-v1,gimp,lower,045bf3ff-9077-4b86-b483-a1040a949cff,0.734078,0.71842,0.015658,0.944392,62f7fd55-0687-4a43-b6e1-3eda16fc6252
uae-large-v1,gimp,lower,06ca5602-62ca-47f6-ad4f-da151cde54cc,0.745338,0.720562,0.024776,0.911335,7767eef2-56a3-4cea-8c9f-48c070c7d65b
uae-large-v1,gimp,lower,2a729ded-3296-423d-aec4-7dd55ed5fbb3,0.697044,0.684762,0.012283,0.961037,06ca5602-62ca-47f6-ad4f-da151cde54cc
uae-large-v1,gimp,lower,2e6f678f-472d-4c55-99cc-8e7c5c402a71,0.747929,0.732456,0.015472,0.942169,e19bd559-633b-4b02-940f-d946248f088e
uae-large-v1,gimp,lower,38f48d40-764e-4e77-a7cf-51dfce880291,0.63642,0.635196,0.001224,0.996644,dbbf4b99-2253-4b10-9274-45f246af2466
uae-large-v1,gimp,lower,554785e9-4523-4e7a-b8e1-8016f565f56a,0.787631,0.758302,0.029329,0.878653,f723c744-e62c-4ae6-98d1-750d3cd7d79d
uae-large-v1,gimp,lower,58d3eeeb-e9d0-499f-962e-fd0db2a744d8,0.47139,0.4512,0.02019,0.96321,a746add2-cab0-4740-ac36-c3769d9bfb46
uae-large-v1,gimp,lower,5ca86c6f-f317-49d8-b6a7-b527541caae8,0.743229,0.642799,0.10043,0.718842,62f7fd55-0687-4a43-b6e1-3eda16fc6252
uae-large-v1,gimp,lower,62f7fd55-0687-4a43-b6e1-3eda16fc6252,0.743229,0.734078,0.009151,0.965588,5ca86c6f-f317-49d8-b6a7-b527541caae8
uae-large-v1,gimp,lower,72f83cdc-bf76-4531-9a1b-eb893a13f8aa,0.632093,0.584029,0.048065,0.884452,f4aec372-4fb0-4df5-a52b-79e0e2a5d6ce
uae-large-v1,gimp,lower,734d6579-c07d-47a8-9ae2-13339795476b,0.684762,0.677223,0.007538,0.976645,2a729ded-3296-423d-aec4-7dd55ed5fbb3
uae-large-v1,gimp,lower,7767eef2-56a3-4cea-8c9f-48c070c7d65b,0.815084,0.745338,0.069746,0.726125,fbb548ca-c2a6-4601-9204-e39a2efc507b
uae-large-v1,gimp,lower,77b8ab4d-994f-43ac-8930-8ca087d7c4b4,0.677229,0.675741,0.001488,0.99541,dbbf4b99-2253-4b10-9274-45f246af2466
uae-large-v1,gimp,lower,7a4deb26-d57d-4ea9-9a73-630f66a7b568,0.924543,0.758302,0.166241,0.312195,e19bd559-633b-4b02-940f-d946248f088e
uae-large-v1,gimp,lower,7b7617bd-57cc-468e-9c91-40c4ec2bcb3d,0.538882,0.481158,0.057725,0.888744,2e6f678f-472d-4c55-99cc-8e7c5c402a71
uae-large-v1,gimp,lower,8ea73f6f-9689-42ad-8c60-195bbf06a7ba,0.659938,0.6545,0.005438,0.98426,554785e9-4523-4e7a-b8e1-8016f565f56a
uae-large-v1,gimp,lower,a746add2-cab0-4740-ac36-c3769d9bfb46,0.619263,0.613376,0.005887,0.984773,06ca5602-62ca-47f6-ad4f-da151cde54cc
uae-large-v1,gimp,lower,b148e375-fe0b-4bec-90e7-38632b0d73c2,0.652617,0.631348,0.021269,0.942307,734d6579-c07d-47a8-9ae2-13339795476b
uae-large-v1,gimp,lower,d16c99dc-2a1e-46f2-b350-d97c86c85c15,0.648778,0.607229,0.04155,0.894214,8ea73f6f-9689-42ad-8c60-195bbf06a7ba
uae-large-v1,gimp,lower,d52d6308-ec58-42b7-a2c9-de80e4837b2b,0.686622,0.631286,0.055336,0.849921,e2dd0213-26db-4349-abe5-d5667bfd725c
uae-large-v1,gimp,lower,dbbf4b99-2253-4b10-9274-45f246af2466,0.71842,0.693635,0.024785,0.919099,045bf3ff-9077-4b86-b483-a1040a949cff
uae-large-v1,gimp,lower,e19bd559-633b-4b02-940f-d946248f088e,0.924543,0.747929,0.176614,0.299348,7a4deb26-d57d-4ea9-9a73-630f66a7b568
uae-large-v1,gimp,lower,e2dd0213-26db-4349-abe5-d5667bfd725c,0.686622,0.602993,0.08363,0.78935,d52d6308-ec58-42b7-a2c9-de80e4837b2b
uae-large-v1,gimp,lower,f4aec372-4fb0-4df5-a52b-79e0e2a5d6ce,0.660023,0.632093,0.02793,0.924085,06ca5602-62ca-47f6-ad4f-da151cde54cc
uae-large-v1,gimp,lower,f723c744-e62c-4ae6-98d1-750d3cd7d79d,0.787631,0.71888,0.068751,0.755439,554785e9-4523-4e7a-b8e1-8016f565f56a
uae-large-v1,gimp,lower,fbb548ca-c2a6-4601-9204-e39a2efc507b,0.815084,0.696124,0.118959,0.608526,7767eef2-56a3-4cea-8c9f-48c070c7d65b
uae-large-v1,gimp,cross_floor,045bf3ff-9077-4b86-b483-a1040a949cff,0.619606,0.612865,0.006741,0.982587,fba2c100-79e8-42df-ae74-b592418d54f4
uae-large-v1,gimp,cross_floor,06ca5602-62ca-47f6-ad4f-da151cde54cc,0.661807,0.629606,0.032201,0.913062,cb130f0d-d36f-4302-9838-b3baf46139b6
uae-large-v1,gimp,cross_floor,2a729ded-3296-423d-aec4-7dd55ed5fbb3,0.698786,0.602436,0.09635,0.757649,efcf0d81-0835-4880-b2fd-d866e8bc2294
uae-large-v1,gimp,cross_floor,2e6f678f-472d-4c55-99cc-8e7c5c402a71,0.685132,0.638132,0.047,0.87012,cb130f0d-d36f-4302-9838-b3baf46139b6
uae-large-v1,gimp,cross_floor,38f48d40-764e-4e77-a7cf-51dfce880291,0.671875,0.66511,0.006765,0.979799,aa4b5023-aef6-4ed9-bdc9-705f59ab9ad6
uae-large-v1,gimp,cross_floor,554785e9-4523-4e7a-b8e1-8016f565f56a,0.645516,0.577474,0.068042,0.838965,cb130f0d-d36f-4302-9838-b3baf46139b6
uae-large-v1,gimp,cross_floor,58d3eeeb-e9d0-499f-962e-fd0db2a744d8,0.483572,0.473429,0.010144,0.980736,fba2c100-79e8-42df-ae74-b592418d54f4
uae-large-v1,gimp,cross_floor,5ca86c6f-f317-49d8-b6a7-b527541caae8,0.583019,0.554162,0.028857,0.935276,fba2c100-79e8-42df-ae74-b592418d54f4
uae-large-v1,gimp,cross_floor,62f7fd55-0687-4a43-b6e1-3eda16fc6252,0.587611,0.577841,0.00977,0.976857,fba2c100-79e8-42df-ae74-b592418d54f4
uae-large-v1,gimp,cross_floor,72f83cdc-bf76-4531-9a1b-eb893a13f8aa,0.582368,0.552413,0.029955,0.933074,efcf0d81-0835-4880-b2fd-d866e8bc2294
uae-large-v1,gimp,cross_floor,734d6579-c07d-47a8-9ae2-13339795476b,0.593816,0.526684,0.067131,0.858168,efcf0d81-0835-4880-b2fd-d866e8bc2294
uae-large-v1,gimp,cross_floor,7767eef2-56a3-4cea-8c9f-48c070c7d65b,0.653561,0.623085,0.030476,0.919144,cb130f0d-d36f-4302-9838-b3baf46139b6
uae-large-v1,gimp,cross_floor,77b8ab4d-994f-43ac-8930-8ca087d7c4b4,0.693846,0.660633,0.033213,0.902134,fba2c100-79e8-42df-ae74-b592418d54f4
uae-large-v1,gimp,cross_floor,7a4deb26-d57d-4ea9-9a73-630f66a7b568,0.637672,0.601566,0.036106,0.909379,cb130f0d-d36f-4302-9838-b3baf46139b6
uae-large-v1,gimp,cross_floor,7b7617bd-57cc-468e-9c91-40c4ec2bcb3d,0.482706,0.47014,0.012566,0.976285,99146c54-4f37-4ab8-9327-5f3291665e1e
uae-large-v1,gimp,cross_floor,8ea73f6f-9689-42ad-8c60-195bbf06a7ba,0.618953,0.575306,0.043646,0.897229,fba2c100-79e8-42df-ae74-b592418d54f4
uae-large-v1,gimp,cross_floor,a746add2-cab0-4740-ac36-c3769d9bfb46,0.630893,0.608023,0.02287,0.941656,efcf0d81-0835-4880-b2fd-d866e8bc2294
uae-large-v1,gimp,cross_floor,b148e375-fe0b-4bec-90e7-38632b0d73c2,0.525489,0.522143,0.003346,0.992999,fba2c100-79e8-42df-ae74-b592418d54f4
uae-large-v1,gimp,cross_floor,d16c99dc-2a1e-46f2-b350-d97c86c85c15,0.551613,0.550509,0.001105,0.997542,efcf0d81-0835-4880-b2fd-d866e8bc2294
uae-large-v1,gimp,cross_floor,d52d6308-ec58-42b7-a2c9-de80e4837b2b,0.614668,0.544962,0.069706,0.846813,215dfd39-f493-4bc3-a027-8a97d72c61bf
uae-large-v1,gimp,cross_floor,dbbf4b99-2253-4b10-9274-45f246af2466,0.62965,0.62171,0.00794,0.97901,fba2c100-79e8-42df-ae74-b592418d54f4
uae-large-v1,gimp,cross_floor,e19bd559-633b-4b02-940f-d946248f088e,0.672215,0.648,0.024215,0.931208,cb130f0d-d36f-4302-9838-b3baf46139b6
uae-large-v1,gimp,cross_floor,e2dd0213-26db-4349-abe5-d5667bfd725c,0.546848,0.538686,0.008162,0.982307,efcf0d81-0835-4880-b2fd-d866e8bc2294
uae-large-v1,gimp,cross_floor,f4aec372-4fb0-4df5-a52b-79e0e2a5d6ce,0.569917,0.556259,0.013657,0.969222,efcf0d81-0835-4880-b2fd-d866e8bc2294
uae-large-v1,gimp,cross_floor,f723c744-e62c-4ae6-98d1-750d3cd7d79d,0.661909,0.582904,0.079006,0.810582,cb130f0d-d36f-4302-9838-b3baf46139b6
uae-large-v1,gimp,cross_floor,fbb548ca-c2a6-4601-9204-e39a2efc507b,0.562031,0.548243,0.013788,0.96948,d06f0d4d-2cd5-4ede-8de9-598629438c6e
uae-large-v1,gimp,upper,045bf3ff-9077-4b86-b483-a1040a949cff,0.981146,0.745874,0.235272,0.074193,045bf3ff-9077-4b86-b483-a1040a949cff
uae-large-v1,gimp,upper,06ca5602-62ca-47f6-ad4f-da151cde54cc,0.933447,0.768713,0.164734,0.28775,06ca5602-62ca-47f6-ad4f-da151cde54cc
uae-large-v1,gimp,upper,2a729ded-3296-423d-aec4-7dd55ed5fbb3,0.9585,0.67512,0.28338,0.127739,2a729ded-3296-423d-aec4-7dd55ed5fbb3
uae-large-v1,gimp,upper,2e6f678f-472d-4c55-99cc-8e7c5c402a71,0.972564,0.760031,0.212533,0.114332,2e6f678f-472d-4c55-99cc-8e7c5c402a71
uae-large-v1,gimp,upper,38f48d40-764e-4e77-a7cf-51dfce880291,0.980542,0.647442,0.333101,0.055191,38f48d40-764e-4e77-a7cf-51dfce880291
uae-large-v1,gimp,upper,554785e9-4523-4e7a-b8e1-8016f565f56a,0.976135,0.797948,0.178187,0.118113,554785e9-4523-4e7a-b8e1-8016f565f56a
uae-large-v1,gimp,upper,58d3eeeb-e9d0-499f-962e-fd0db2a744d8,0.992735,0.47341,0.519325,0.013796,58d3eeeb-e9d0-499f-962e-fd0db2a744d8
uae-large-v1,gimp,upper,5ca86c6f-f317-49d8-b6a7-b527541caae8,0.989124,0.737906,0.251218,0.041496,5ca86c6f-f317-49d8-b6a7-b527541caae8
uae-large-v1,gimp,upper,62f7fd55-0687-4a43-b6e1-3eda16fc6252,0.987139,0.738731,0.248409,0.049224,62f7fd55-0687-4a43-b6e1-3eda16fc6252
uae-large-v1,gimp,upper,72f83cdc-bf76-4531-9a1b-eb893a13f8aa,0.955505,0.632224,0.323281,0.120983,72f83cdc-bf76-4531-9a1b-eb893a13f8aa
uae-large-v1,gimp,upper,734d6579-c07d-47a8-9ae2-13339795476b,0.988232,0.683704,0.304529,0.037205,734d6579-c07d-47a8-9ae2-13339795476b
uae-large-v1,gimp,upper,7767eef2-56a3-4cea-8c9f-48c070c7d65b,0.979855,0.803643,0.176212,0.102592,7767eef2-56a3-4cea-8c9f-48c070c7d65b
uae-large-v1,gimp,upper,77b8ab4d-994f-43ac-8930-8ca087d7c4b4,0.988269,0.679673,0.308595,0.036623,77b8ab4d-994f-43ac-8930-8ca087d7c4b4
uae-large-v1,gimp,upper,7a4deb26-d57d-4ea9-9a73-630f66a7b568,0.976728,0.919945,0.056783,0.290703,7a4deb26-d57d-4ea9-9a73-630f66a7b568
uae-large-v1,gimp,upper,7b7617bd-57cc-468e-9c91-40c4ec2bcb3d,0.953984,0.58777,0.366213,0.111628,7b7617bd-57cc-468e-9c91-40c4ec2bcb3d
uae-large-v1,gimp,upper,8ea73f6f-9689-42ad-8c60-195bbf06a7ba,0.958535,0.670621,0.287914,0.125888,8ea73f6f-9689-42ad-8c60-195bbf06a7ba
uae-large-v1,gimp,upper,a746add2-cab0-4740-ac36-c3769d9bfb46,0.976647,0.633009,0.343638,0.063635,a746add2-cab0-4740-ac36-c3769d9bfb46
uae-large-v1,gimp,upper,b148e375-fe0b-4bec-90e7-38632b0d73c2,0.970206,0.647856,0.32235,0.084608,b148e375-fe0b-4bec-90e7-38632b0d73c2
uae-large-v1,gimp,upper,d16c99dc-2a1e-46f2-b350-d97c86c85c15,0.975006,0.682569,0.292437,0.078737,d16c99dc-2a1e-46f2-b350-d97c86c85c15
uae-large-v1,gimp,upper,d52d6308-ec58-42b7-a2c9-de80e4837b2b,0.976106,0.686688,0.289418,0.076263,d52d6308-ec58-42b7-a2c9-de80e4837b2b
uae-large-v1,gimp,upper,dbbf4b99-2253-4b10-9274-45f246af2466,0.95416,0.722828,0.231331,0.165386,dbbf4b99-2253-4b10-9274-45f246af2466
uae-large-v1,gimp,upper,e19bd559-633b-4b02-940f-d946248f088e,0.981212,0.891842,0.089369,0.173713,e19bd559-633b-4b02-940f-d946248f088e
uae-large-v1,gimp,upper,e2dd0213-26db-4349-abe5-d5667bfd725c,0.983296,0.698018,0.285278,0.055313,e2dd0213-26db-4349-abe5-d5667bfd725c
uae-large-v1,gimp,upper,f4aec372-4fb0-4df5-a52b-79e0e2a5d6ce,0.943045,0.674078,0.268967,0.174751,f4aec372-4fb0-4df5-a52b-79e0e2a5d6ce
uae-large-v1,gimp,upper,f723c744-e62c-4ae6-98d1-750d3cd7d79d,0.963534,0.791104,0.17243,0.174567,f723c744-e62c-4ae6-98d1-750d3cd7d79d
uae-large-v1,gimp,upper,fbb548ca-c2a6-4601-9204-e39a2efc507b,0.980709,0.818006,0.162703,0.105997,fbb548ca-c2a6-4601-9204-e39a2efc507b
uae-large-v1,vlc,verdict,vlc_always_start_fullscreen,0.831516,0.738387,0.09313,0.644017,8d9fd4e2-6fdb-46b0-b9b9-02f06495c62f
uae-large-v1,vlc,verdict,vlc_bgcone_expand,0.657156,0.625389,0.031767,0.915201,efcf0d81-0835-4880-b2fd-d866e8bc2294
uae-large-v1,vlc,verdict,vlc_extract_song_wav,0.770484,0.70872,0.061764,0.787958,59f21cfb-0120-4326-b255-a5b827b38967
uae-large-v1,vlc,verdict,vlc_global_volume_hotkey,0.640468,0.637185,0.003283,0.990951,a5bbbcd5-b398-4c91-83d4-55e1e31bbb81
uae-large-v1,vlc,verdict,vlc_hide_title_filename,0.774211,0.680431,0.09378,0.706542,a5bbbcd5-b398-4c91-83d4-55e1e31bbb81
uae-large-v1,vlc,verdict,vlc_loop_current_video,0.760016,0.746794,0.013222,0.947784,5ac2891a-eacd-4954-b339-98abba077adb
uae-large-v1,vlc,verdict,vlc_loop_music_video,0.792098,0.73469,0.057409,0.783617,59f21cfb-0120-4326-b255-a5b827b38967
uae-large-v1,vlc,verdict,vlc_max_volume_150,0.761845,0.63637,0.125474,0.654939,9195653c-f4aa-453d-aa95-787f6ccfaae9
uae-large-v1,vlc,verdict,vlc_recordings_folder_videos,0.80325,0.682738,0.120513,0.620148,8ba5ae7a-5ae5-4eab-9fcc-5dd4fe3abf89
uae-large-v1,vlc,verdict,vlc_rotate_video_clockwise,0.709154,0.679517,0.029637,0.907523,aa4b5023-aef6-4ed9-bdc9-705f59ab9ad6
uae-large-v1,vlc,verdict,vlc_single_instance_reuse,0.719119,0.696386,0.022733,0.925125,f3977615-2b45-4ac5-8bba-80c17dbe2a37
uae-large-v1,vlc,verdict,vlc_slider_color_red,0.830571,0.617984,0.212587,0.443514,d06f0d4d-2cd5-4ede-8de9-598629438c6e
uae-large-v1,vlc,verdict,vlc_snap_scene_jpg,0.794676,0.736272,0.058404,0.778545,fba2c100-79e8-42df-ae74-b592418d54f4
uae-large-v1,vlc,verdict,vlc_stream_url,0.76037,0.700607,0.059763,0.800386,bba3381f-b5eb-4439-bd9e-80c22218d5a7
uae-large-v1,vlc,verdict,vlc_wallpaper_fit_screen,0.818614,0.756606,0.062008,0.745235,efcf0d81-0835-4880-b2fd-d866e8bc2294
uae-large-v1,vlc,lower,215dfd39-f493-4bc3-a027-8a97d72c61bf,0.591159,0.581966,0.009193,0.978009,d06f0d4d-2cd5-4ede-8de9-598629438c6e
uae-large-v1,vlc,lower,386dbd0e-0241-4a0a-b6a2-6704fba26b1c,0.69951,0.688489,0.011021,0.964622,a5bbbcd5-b398-4c91-83d4-55e1e31bbb81
uae-large-v1,vlc,lower,59f21cfb-0120-4326-b255-a5b827b38967,0.736349,0.709639,0.026709,0.908013,8f080098-ddb1-424c-b438-4e96e5e4786e
uae-large-v1,vlc,lower,5ac2891a-eacd-4954-b339-98abba077adb,0.69834,0.688489,0.009851,0.968376,a5bbbcd5-b398-4c91-83d4-55e1e31bbb81
uae-large-v1,vlc,lower,7882ed6e-bece-4bf0-bada-c32dc1ddae72,0.559817,0.538799,0.021019,0.954426,59f21cfb-0120-4326-b255-a5b827b38967
uae-large-v1,vlc,lower,8ba5ae7a-5ae5-4eab-9fcc-5dd4fe3abf89,0.638205,0.624243,0.013962,0.962843,efcf0d81-0835-4880-b2fd-d866e8bc2294
uae-large-v1,vlc,lower,8d9fd4e2-6fdb-46b0-b9b9-02f06495c62f,0.694908,0.688631,0.006277,0.979839,a5bbbcd5-b398-4c91-83d4-55e1e31bbb81
uae-large-v1,vlc,lower,8f080098-ddb1-424c-b438-4e96e5e4786e,0.736349,0.606308,0.130041,0.669689,59f21cfb-0120-4326-b255-a5b827b38967
uae-large-v1,vlc,lower,9195653c-f4aa-453d-aa95-787f6ccfaae9,0.681672,0.639089,0.042583,0.882013,8d9fd4e2-6fdb-46b0-b9b9-02f06495c62f
uae-large-v1,vlc,lower,a5bbbcd5-b398-4c91-83d4-55e1e31bbb81,0.69951,0.69834,0.00117,0.996122,386dbd0e-0241-4a0a-b6a2-6704fba26b1c
uae-large-v1,vlc,lower,aa4b5023-aef6-4ed9-bdc9-705f59ab9ad6,0.709639,0.704615,0.005025,0.98299,59f21cfb-0120-4326-b255-a5b827b38967
uae-large-v1,vlc,lower,bba3381f-b5eb-4439-bd9e-80c22218d5a7,0.635648,0.634368,0.00128,0.9965,aa4b5023-aef6-4ed9-bdc9-705f59ab9ad6
uae-large-v1,vlc,lower,cb130f0d-d36f-4302-9838-b3baf46139b6,0.732842,0.644805,0.088037,0.752145,efcf0d81-0835-4880-b2fd-d866e8bc2294
uae-large-v1,vlc,lower,d06f0d4d-2cd5-4ede-8de9-598629438c6e,0.614434,0.591159,0.023275,0.943072,a5bbbcd5-b398-4c91-83d4-55e1e31bbb81
uae-large-v1,vlc,lower,efcf0d81-0835-4880-b2fd-d866e8bc2294,0.775832,0.732842,0.042991,0.839082,fba2c100-79e8-42df-ae74-b592418d54f4
uae-large-v1,vlc,lower,f3977615-2b45-4ac5-8bba-80c17dbe2a37,0.688631,0.684334,0.004297,0.986387,8d9fd4e2-6fdb-46b0-b9b9-02f06495c62f
uae-large-v1,vlc,lower,fba2c100-79e8-42df-ae74-b592418d54f4,0.775832,0.694615,0.081217,0.734049,efcf0d81-0835-4880-b2fd-d866e8bc2294
uae-large-v1,vlc,cross_floor,215dfd39-f493-4bc3-a027-8a97d72c61bf,0.614668,0.599233,0.015435,0.961486,d52d6308-ec58-42b7-a2c9-de80e4837b2b
uae-large-v1,vlc,cross_floor,386dbd0e-0241-4a0a-b6a2-6704fba26b1c,0.539304,0.523185,0.016118,0.966196,38f48d40-764e-4e77-a7cf-51dfce880291
uae-large-v1,vlc,cross_floor,59f21cfb-0120-4326-b255-a5b827b38967,0.592098,0.537471,0.054628,0.881894,38f48d40-764e-4e77-a7cf-51dfce880291
uae-large-v1,vlc,cross_floor,5ac2891a-eacd-4954-b339-98abba077adb,0.578002,0.51022,0.067782,0.861607,38f48d40-764e-4e77-a7cf-51dfce880291
uae-large-v1,vlc,cross_floor,7882ed6e-bece-4bf0-bada-c32dc1ddae72,0.506071,0.421765,0.084306,0.854201,121ba48f-9e17-48ce-9bc6-a4fb17a7ebba
uae-large-v1,vlc,cross_floor,8ba5ae7a-5ae5-4eab-9fcc-5dd4fe3abf89,0.660633,0.614804,0.045829,0.881025,77b8ab4d-994f-43ac-8930-8ca087d7c4b4
uae-large-v1,vlc,cross_floor,8d9fd4e2-6fdb-46b0-b9b9-02f06495c62f,0.593322,0.550836,0.042486,0.905412,38f48d40-764e-4e77-a7cf-51dfce880291
uae-large-v1,vlc,cross_floor,8f080098-ddb1-424c-b438-4e96e5e4786e,0.553449,0.547217,0.006231,0.986238,38f48d40-764e-4e77-a7cf-51dfce880291
uae-large-v1,vlc,cross_floor,9195653c-f4aa-453d-aa95-787f6ccfaae9,0.516459,0.48253,0.03393,0.934432,8ea73f6f-9689-42ad-8c60-195bbf06a7ba
uae-large-v1,vlc,cross_floor,a5bbbcd5-b398-4c91-83d4-55e1e31bbb81,0.582276,0.572694,0.009582,0.977577,a746add2-cab0-4740-ac36-c3769d9bfb46
uae-large-v1,vlc,cross_floor,aa4b5023-aef6-4ed9-bdc9-705f59ab9ad6,0.671875,0.597234,0.074641,0.814679,38f48d40-764e-4e77-a7cf-51dfce880291
uae-large-v1,vlc,cross_floor,bba3381f-b5eb-4439-bd9e-80c22218d5a7,0.56154,0.499198,0.062342,0.875516,38f48d40-764e-4e77-a7cf-51dfce880291
uae-large-v1,vlc,cross_floor,cb130f0d-d36f-4302-9838-b3baf46139b6,0.685132,0.672215,0.012916,0.960595,2e6f678f-472d-4c55-99cc-8e7c5c402a71
uae-large-v1,vlc,cross_floor,d06f0d4d-2cd5-4ede-8de9-598629438c6e,0.623085,0.57487,0.048215,0.886587,7767eef2-56a3-4cea-8c9f-48c070c7d65b
uae-large-v1,vlc,cross_floor,efcf0d81-0835-4880-b2fd-d866e8bc2294,0.698786,0.66511,0.033677,0.89944,2a729ded-3296-423d-aec4-7dd55ed5fbb3
uae-large-v1,vlc,cross_floor,f3977615-2b45-4ac5-8bba-80c17dbe2a37,0.509069,0.446333,0.062737,0.886689,38f48d40-764e-4e77-a7cf-51dfce880291
uae-large-v1,vlc,cross_floor,fba2c100-79e8-42df-ae74-b592418d54f4,0.693846,0.638132,0.055713,0.846039,77b8ab4d-994f-43ac-8930-8ca087d7c4b4
uae-large-v1,vlc,upper,215dfd39-f493-4bc3-a027-8a97d72c61bf,0.984428,0.59861,0.385818,0.038796,215dfd39-f493-4bc3-a027-8a97d72c61bf
uae-large-v1,vlc,upper,386dbd0e-0241-4a0a-b6a2-6704fba26b1c,0.983227,0.702107,0.28112,0.056304,386dbd0e-0241-4a0a-b6a2-6704fba26b1c
uae-large-v1,vlc,upper,59f21cfb-0120-4326-b255-a5b827b38967,0.992388,0.727738,0.26465,0.027959,59f21cfb-0120-4326-b255-a5b827b38967
uae-large-v1,vlc,upper,5ac2891a-eacd-4954-b339-98abba077adb,0.991394,0.698869,0.292525,0.028579,5ac2891a-eacd-4954-b339-98abba077adb
uae-large-v1,vlc,upper,7882ed6e-bece-4bf0-bada-c32dc1ddae72,0.984456,0.545828,0.438628,0.034225,7882ed6e-bece-4bf0-bada-c32dc1ddae72
uae-large-v1,vlc,upper,8ba5ae7a-5ae5-4eab-9fcc-5dd4fe3abf89,0.965563,0.649565,0.315998,0.098269,8ba5ae7a-5ae5-4eab-9fcc-5dd4fe3abf89
uae-large-v1,vlc,upper,8d9fd4e2-6fdb-46b0-b9b9-02f06495c62f,0.987546,0.689735,0.297811,0.04014,8d9fd4e2-6fdb-46b0-b9b9-02f06495c62f
uae-large-v1,vlc,upper,8f080098-ddb1-424c-b438-4e96e5e4786e,0.988483,0.738638,0.249844,0.044067,8f080098-ddb1-424c-b438-4e96e5e4786e
uae-large-v1,vlc,upper,9195653c-f4aa-453d-aa95-787f6ccfaae9,0.987684,0.695829,0.291855,0.040489,9195653c-f4aa-453d-aa95-787f6ccfaae9
uae-large-v1,vlc,upper,a5bbbcd5-b398-4c91-83d4-55e1e31bbb81,0.97115,0.71085,0.2603,0.099774,a5bbbcd5-b398-4c91-83d4-55e1e31bbb81
uae-large-v1,vlc,upper,aa4b5023-aef6-4ed9-bdc9-705f59ab9ad6,0.977192,0.729251,0.247941,0.08424,aa4b5023-aef6-4ed9-bdc9-705f59ab9ad6
uae-large-v1,vlc,upper,bba3381f-b5eb-4439-bd9e-80c22218d5a7,0.985678,0.636568,0.349111,0.039407,bba3381f-b5eb-4439-bd9e-80c22218d5a7
uae-large-v1,vlc,upper,cb130f0d-d36f-4302-9838-b3baf46139b6,0.995241,0.723183,0.272057,0.017193,cb130f0d-d36f-4302-9838-b3baf46139b6
uae-large-v1,vlc,upper,d06f0d4d-2cd5-4ede-8de9-598629438c6e,0.986127,0.617557,0.36857,0.036274,d06f0d4d-2cd5-4ede-8de9-598629438c6e
uae-large-v1,vlc,upper,efcf0d81-0835-4880-b2fd-d866e8bc2294,0.976135,0.771023,0.205112,0.104223,efcf0d81-0835-4880-b2fd-d866e8bc2294
uae-large-v1,vlc,upper,f3977615-2b45-4ac5-8bba-80c17dbe2a37,0.990849,0.699716,0.291133,0.030475,f3977615-2b45-4ac5-8bba-80c17dbe2a37
uae-large-v1,vlc,upper,fba2c100-79e8-42df-ae74-b592418d54f4,0.972948,0.756997,0.215951,0.111323,fba2c100-79e8-42df-ae74-b592418d54f4
bge-large-en-v1.5,chrome,verdict,altdate_cheapest,0.619332,0.6146,0.004732,0.987722,f79439ad-3ee8-4f99-a518-0eb60e5652b0
bge-large-en-v1.5,chrome,verdict,car_electric_fuel,0.688865,0.662537,0.026328,0.921982,82279c77-8fc6-46f6-9622-3ba96f61b477
bge-large-en-v1.5,chrome,verdict,car_large_price_sort,0.73503,0.665233,0.069797,0.791506,1704f00f-79e6-43a7-961b-cedd3724d5fd
bge-large-en-v1.5,chrome,verdict,car_rating_sort,0.682302,0.645948,0.036354,0.89732,1704f00f-79e6-43a7-961b-cedd3724d5fd
bge-large-en-v1.5,chrome,verdict,checkout_fill_email_stop,0.611396,0.606412,0.004984,0.987336,6c4c23a1-42a4-43cc-9db1-2f86ff3738cc
bge-large-en-v1.5,chrome,verdict,flight_business_cabin,0.686167,0.669578,0.016589,0.949796,6c4c23a1-42a4-43cc-9db1-2f86ff3738cc
bge-large-en-v1.5,chrome,verdict,flight_oneway_2adults,0.767855,0.62826,0.139595,0.624482,f79439ad-3ee8-4f99-a518-0eb60e5652b0
bge-large-en-v1.5,chrome,verdict,flight_route_date_tomorrow,0.754819,0.638211,0.116608,0.67769,fc6d8143-9452-4171-9459-7f515143419a
bge-large-en-v1.5,chrome,verdict,flight_route_next_monday,0.804721,0.760549,0.044172,0.815528,82bc8d6a-36eb-4d2d-8801-ef714fb1e55a
bge-large-en-v1.5,chrome,verdict,geo_hierarchy_italy_rome,0.611459,0.555605,0.055853,0.874316,b7895e80-f4d1-4648-bee0-4eb45a6f1fa8
bge-large-en-v1.5,chrome,verdict,geo_hierarchy_spain_madrid,0.602865,0.598929,0.003936,0.990186,f79439ad-3ee8-4f99-a518-0eb60e5652b0
bge-large-en-v1.5,chrome,verdict,help_category_manage_booking,0.673186,0.668478,0.004708,0.985799,f3b19d1e-2d48-44e9-b4e1-defcae1a0197
bge-large-en-v1.5,chrome,verdict,help_search_cancel,0.662911,0.610364,0.052546,0.86514,f3b19d1e-2d48-44e9-b4e1-defcae1a0197
bge-large-en-v1.5,chrome,verdict,help_search_refund,0.622649,0.582141,0.040508,0.903058,f3b19d1e-2d48-44e9-b4e1-defcae1a0197
bge-large-en-v1.5,chrome,verdict,hotel_multi_filter_genius_review,0.560026,0.529243,0.030783,0.93461,b7895e80-f4d1-4648-bee0-4eb45a6f1fa8
bge-large-en-v1.5,chrome,verdict,hotel_open_detail,0.633641,0.619568,0.014073,0.963008,b7895e80-f4d1-4648-bee0-4eb45a6f1fa8
bge-large-en-v1.5,chrome,verdict,hotel_price_sort,0.846614,0.580153,0.266462,0.365337,b7895e80-f4d1-4648-bee0-4eb45a6f1fa8
bge-large-en-v1.5,chrome,verdict,hotel_review_genius_filter,0.694927,0.57349,0.121437,0.715277,b7895e80-f4d1-4648-bee0-4eb45a6f1fa8
bge-large-en-v1.5,chrome,verdict,hotel_search_price_sort,0.780077,0.621977,0.1581,0.581771,b7895e80-f4d1-4648-bee0-4eb45a6f1fa8
bge-large-en-v1.5,chrome,verdict,hotel_top_reviewed_open,0.555368,0.538084,0.017284,0.962582,a96b564e-dbe9-42c3-9ccf-b4498073438a
bge-large-en-v1.5,chrome,verdict,info_sustainability,0.652744,0.619415,0.03333,0.912425,c1fa57f3-c3db-4596-8f09-020701085416
bge-large-en-v1.5,chrome,verdict,multicity_three_segments,0.651247,0.641507,0.00974,0.972831,f79439ad-3ee8-4f99-a518-0eb60e5652b0
bge-large-en-v1.5,chrome,lower,030eeff7-b492-4218-b312-701ec99ee0cc,0.771477,0.714619,0.056858,0.800765,9656a811-9b5b-4ddf-99c7-5117bcef0626
bge-large-en-v1.5,chrome,lower,06fe7178-4491-4589-810f-2e2bc9502122,0.709322,0.698391,0.010931,0.963756,7a5a7856-f1b6-42a4-ade9-1ca81ca0f263
bge-large-en-v1.5,chrome,lower,0d8b7de3-e8de-4d86-b9fd-dd2dce58a217,0.641041,0.582965,0.058076,0.86074,9f935cce-0a9f-435f-8007-817732bfc0a5
bge-large-en-v1.5,chrome,lower,12086550-11c0-466b-b367-1d9e75b3910e,0.687247,0.686339,0.000907,0.997107,7b6c7e24-c58a-49fc-a5bb-d57b80e5b4c3
bge-large-en-v1.5,chrome,lower,121ba48f-9e17-48ce-9bc6-a4fb17a7ebba,0.600739,0.591035,0.009704,0.976271,c1fa57f3-c3db-4596-8f09-020701085416
bge-large-en-v1.5,chrome,lower,1704f00f-79e6-43a7-961b-cedd3724d5fd,0.689554,0.643339,0.046215,0.870424,47543840-672a-467d-80df-8f7c3b9788c9
bge-large-en-v1.5,chrome,lower,2888b4e6-5b47-4b57-8bf5-c73827890774,0.589475,0.553508,0.035967,0.919446,9f3f70fc-5afc-4958-a7b7-3bb4fcb01805
bge-large-en-v1.5,chrome,lower,2ad9387a-65d8-4e33-ad5b-7580065a27ca,0.772508,0.69815,0.074358,0.753659,7a5a7856-f1b6-42a4-ade9-1ca81ca0f263
bge-large-en-v1.5,chrome,lower,2ae9ba84-3a0d-4d4c-8338-3a1478dc5fe3,0.703896,0.598956,0.10494,0.738334,3720f614-37fd-4d04-8a6b-76f54f8c222d
bge-large-en-v1.5,chrome,lower,3299584d-8f11-4457-bf4c-ce98f7600250,0.653361,0.642925,0.010436,0.970774,480bcfea-d68f-4aaa-a0a9-2589ef319381
bge-large-en-v1.5,chrome,lower,35253b65-1c19-4304-8aa4-6884b8218fc0,0.748257,0.702839,0.045418,0.84716,7a5a7856-f1b6-42a4-ade9-1ca81ca0f263
bge-large-en-v1.5,chrome,lower,368d9ba4-203c-40c1-9fa3-da2f1430ce63,0.585148,0.555969,0.029178,0.934288,b4f95342-463e-4179-8c3f-193cd7241fb2
bge-large-en-v1.5,chrome,lower,3720f614-37fd-4d04-8a6b-76f54f8c222d,0.703896,0.681648,0.022248,0.930115,2ae9ba84-3a0d-4d4c-8338-3a1478dc5fe3
bge-large-en-v1.5,chrome,lower,44ee5668-ecd5-4366-a6ce-c1c9b8d4e938,0.665012,0.619137,0.045876,0.879549,7b6c7e24-c58a-49fc-a5bb-d57b80e5b4c3
bge-large-en-v1.5,chrome,lower,47543840-672a-467d-80df-8f7c3b9788c9,0.689554,0.607438,0.082116,0.790821,1704f00f-79e6-43a7-961b-cedd3724d5fd
bge-large-en-v1.5,chrome,lower,480bcfea-d68f-4aaa-a0a9-2589ef319381,0.7202,0.662554,0.057646,0.82917,af630914-714e-4a24-a7bb-f9af687d3b91
bge-large-en-v1.5,chrome,lower,59155008-fe71-45ec-8a8f-dc35497b6aa8,0.503076,0.487106,0.01597,0.968863,2ae9ba84-3a0d-4d4c-8338-3a1478dc5fe3
bge-large-en-v1.5,chrome,lower,6766f2b8-8a72-417f-a9e5-56fcaa735837,0.702839,0.628966,0.073874,0.800898,35253b65-1c19-4304-8aa4-6884b8218fc0
bge-large-en-v1.5,chrome,lower,6c4c23a1-42a4-43cc-9db1-2f86ff3738cc,0.668507,0.662656,0.005851,0.982655,fc6d8143-9452-4171-9459-7f515143419a
bge-large-en-v1.5,chrome,lower,7a5a7856-f1b6-42a4-ade9-1ca81ca0f263,0.772508,0.748257,0.02425,0.90367,2ad9387a-65d8-4e33-ad5b-7580065a27ca
bge-large-en-v1.5,chrome,lower,7b6c7e24-c58a-49fc-a5bb-d57b80e5b4c3,0.688824,0.687247,0.001578,0.994955,030eeff7-b492-4218-b312-701ec99ee0cc
bge-large-en-v1.5,chrome,lower,7f52cab9-535c-4835-ac8c-391ee64dc930,0.533215,0.517286,0.015929,0.967,b7895e80-f4d1-4648-bee0-4eb45a6f1fa8
bge-large-en-v1.5,chrome,lower,82279c77-8fc6-46f6-9622-3ba96f61b477,0.615,0.55431,0.06069,0.863829,1704f00f-79e6-43a7-961b-cedd3724d5fd
bge-large-en-v1.5,chrome,lower,82bc8d6a-36eb-4d2d-8801-ef714fb1e55a,0.665694,0.658527,0.007167,0.979013,fc6d8143-9452-4171-9459-7f515143419a
bge-large-en-v1.5,chrome,lower,93eabf48-6a27-4cb6-b963-7d5fe1e0d3a9,0.739568,0.662554,0.077014,0.771775,af630914-714e-4a24-a7bb-f9af687d3b91
bge-large-en-v1.5,chrome,lower,9656a811-9b5b-4ddf-99c7-5117bcef0626,0.771477,0.691597,0.07988,0.740989,030eeff7-b492-4218-b312-701ec99ee0cc
bge-large-en-v1.5,chrome,lower,99146c54-4f37-4ab8-9327-5f3291665e1e,0.714619,0.698391,0.016228,0.946195,030eeff7-b492-4218-b312-701ec99ee0cc
bge-large-en-v1.5,chrome,lower,9f3f70fc-5afc-4958-a7b7-3bb4fcb01805,0.589475,0.567074,0.022401,0.948257,2888b4e6-5b47-4b57-8bf5-c73827890774
bge-large-en-v1.5,chrome,lower,9f935cce-0a9f-435f-8007-817732bfc0a5,0.641041,0.57346,0.067581,0.84156,0d8b7de3-e8de-4d86-b9fd-dd2dce58a217
bge-large-en-v1.5,chrome,lower,a728a36e-8bf1-4bb6-9a03-ef039a5233f0,0.57346,0.533699,0.039761,0.914732,9f935cce-0a9f-435f-8007-817732bfc0a5
bge-large-en-v1.5,chrome,lower,a96b564e-dbe9-42c3-9ccf-b4498073438a,0.607438,0.605499,0.001939,0.995086,47543840-672a-467d-80df-8f7c3b9788c9
bge-large-en-v1.5,chrome,lower,ae78f875-5b98-4907-bbb5-9c737fc68c03,0.634673,0.623359,0.011314,0.969961,af630914-714e-4a24-a7bb-f9af687d3b91
bge-large-en-v1.5,chrome,lower,af630914-714e-4a24-a7bb-f9af687d3b91,0.739568,0.7202,0.019367,0.930781,93eabf48-6a27-4cb6-b963-7d5fe1e0d3a9
bge-large-en-v1.5,chrome,lower,b070486d-e161-459b-aa2b-ef442d973b92,0.577549,0.506158,0.071391,0.855438,0d8b7de3-e8de-4d86-b9fd-dd2dce58a217
bge-large-en-v1.5,chrome,lower,b4f95342-463e-4179-8c3f-193cd7241fb2,0.599876,0.593152,0.006724,0.983474,1704f00f-79e6-43a7-961b-cedd3724d5fd
bge-large-en-v1.5,chrome,lower,b7895e80-f4d1-4648-bee0-4eb45a6f1fa8,0.662656,0.643339,0.019317,0.945839,6c4c23a1-42a4-43cc-9db1-2f86ff3738cc
bge-large-en-v1.5,chrome,lower,bb5e4c0d-f964-439c-97b6-bdb9747de3f4,0.600706,0.589101,0.011604,0.971758,2ad9387a-65d8-4e33-ad5b-7580065a27ca
bge-large-en-v1.5,chrome,lower,c1fa57f3-c3db-4596-8f09-020701085416,0.632197,0.606187,0.026011,0.933952,f3b19d1e-2d48-44e9-b4e1-defcae1a0197
bge-large-en-v1.5,chrome,lower,cabb3bae-cccb-41bd-9f5d-0f3a9fecd825,0.573098,0.560645,0.012453,0.971656,b7895e80-f4d1-4648-bee0-4eb45a6f1fa8
bge-large-en-v1.5,chrome,lower,da46d875-6b82-4681-9284-653b0c7ae241,0.558113,0.535285,0.022828,0.950878,6c4c23a1-42a4-43cc-9db1-2f86ff3738cc
bge-large-en-v1.5,chrome,lower,e1e75309-3ddb-4d09-92ec-de869c928143,0.704673,0.639354,0.065319,0.818884,7a5a7856-f1b6-42a4-ade9-1ca81ca0f263
bge-large-en-v1.5,chrome,lower,f0b971a1-6831-4b9b-a50e-22a6e47f45ba,0.530418,0.522113,0.008306,0.98262,b7895e80-f4d1-4648-bee0-4eb45a6f1fa8
bge-large-en-v1.5,chrome,lower,f3b19d1e-2d48-44e9-b4e1-defcae1a0197,0.632197,0.605499,0.026698,0.932324,c1fa57f3-c3db-4596-8f09-020701085416
bge-large-en-v1.5,chrome,lower,f5d96daf-83a8-4c86-9686-bada31fc66ab,0.442997,0.441657,0.00134,0.997599,9f3f70fc-5afc-4958-a7b7-3bb4fcb01805
bge-large-en-v1.5,chrome,lower,f79439ad-3ee8-4f99-a518-0eb60e5652b0,0.658527,0.633975,0.024552,0.932922,82bc8d6a-36eb-4d2d-8801-ef714fb1e55a
bge-large-en-v1.5,chrome,lower,fc6d8143-9452-4171-9459-7f515143419a,0.668507,0.665694,0.002813,0.991585,6c4c23a1-42a4-43cc-9db1-2f86ff3738cc
bge-large-en-v1.5,chrome,cross_floor,030eeff7-b492-4218-b312-701ec99ee0cc,0.555828,0.553434,0.002394,0.994638,215dfd39-f493-4bc3-a027-8a97d72c61bf
bge-large-en-v1.5,chrome,cross_floor,06fe7178-4491-4589-810f-2e2bc9502122,0.609488,0.586497,0.022991,0.944398,a5bbbcd5-b398-4c91-83d4-55e1e31bbb81
bge-large-en-v1.5,chrome,cross_floor,0d8b7de3-e8de-4d86-b9fd-dd2dce58a217,0.587051,0.539249,0.047802,0.896252,a746add2-cab0-4740-ac36-c3769d9bfb46
bge-large-en-v1.5,chrome,cross_floor,12086550-11c0-466b-b367-1d9e75b3910e,0.599458,0.552195,0.047263,0.894456,a746add2-cab0-4740-ac36-c3769d9bfb46
bge-large-en-v1.5,chrome,cross_floor,121ba48f-9e17-48ce-9bc6-a4fb17a7ebba,0.56452,0.548787,0.015733,0.965132,fba2c100-79e8-42df-ae74-b592418d54f4
bge-large-en-v1.5,chrome,cross_floor,1704f00f-79e6-43a7-961b-cedd3724d5fd,0.441728,0.436038,0.00569,0.98991,a746add2-cab0-4740-ac36-c3769d9bfb46
bge-large-en-v1.5,chrome,cross_floor,2888b4e6-5b47-4b57-8bf5-c73827890774,0.497392,0.494629,0.002763,0.994533,a746add2-cab0-4740-ac36-c3769d9bfb46
bge-large-en-v1.5,chrome,cross_floor,2ad9387a-65d8-4e33-ad5b-7580065a27ca,0.61427,0.613055,0.001216,0.996858,fba2c100-79e8-42df-ae74-b592418d54f4
bge-large-en-v1.5,chrome,cross_floor,2ae9ba84-3a0d-4d4c-8338-3a1478dc5fe3,0.516959,0.50585,0.011108,0.97752,215dfd39-f493-4bc3-a027-8a97d72c61bf
bge-large-en-v1.5,chrome,cross_floor,3299584d-8f11-4457-bf4c-ce98f7600250,0.591558,0.558846,0.032712,0.925849,215dfd39-f493-4bc3-a027-8a97d72c61bf
bge-large-en-v1.5,chrome,cross_floor,35253b65-1c19-4304-8aa4-6884b8218fc0,0.61883,0.607024,0.011806,0.969956,a746add2-cab0-4740-ac36-c3769d9bfb46
bge-large-en-v1.5,chrome,cross_floor,368d9ba4-203c-40c1-9fa3-da2f1430ce63,0.469551,0.46378,0.005771,0.989238,b148e375-fe0b-4bec-90e7-38632b0d73c2
bge-large-en-v1.5,chrome,cross_floor,3720f614-37fd-4d04-8a6b-76f54f8c222d,0.57563,0.534928,0.040701,0.912484,215dfd39-f493-4bc3-a027-8a97d72c61bf
bge-large-en-v1.5,chrome,cross_floor,44ee5668-ecd5-4366-a6ce-c1c9b8d4e938,0.543819,0.533534,0.010285,0.977951,5ac2891a-eacd-4954-b339-98abba077adb
bge-large-en-v1.5,chrome,cross_floor,47543840-672a-467d-80df-8f7c3b9788c9,0.47237,0.450205,0.022165,0.959684,fba2c100-79e8-42df-ae74-b592418d54f4
bge-large-en-v1.5,chrome,cross_floor,480bcfea-d68f-4aaa-a0a9-2589ef319381,0.669577,0.569487,0.10009,0.76751,215dfd39-f493-4bc3-a027-8a97d72c61bf
bge-large-en-v1.5,chrome,cross_floor,59155008-fe71-45ec-8a8f-dc35497b6aa8,0.432509,0.407319,0.02519,0.957498,b148e375-fe0b-4bec-90e7-38632b0d73c2
bge-large-en-v1.5,chrome,cross_floor,6766f2b8-8a72-417f-a9e5-56fcaa735837,0.668693,0.649633,0.01906,0.945599,8ba5ae7a-5ae5-4eab-9fcc-5dd4fe3abf89
bge-large-en-v1.5,chrome,cross_floor,6c4c23a1-42a4-43cc-9db1-2f86ff3738cc,0.513327,0.503392,0.009936,0.979993,fba2c100-79e8-42df-ae74-b592418d54f4
bge-large-en-v1.5,chrome,cross_floor,7a5a7856-f1b6-42a4-ade9-1ca81ca0f263,0.617799,0.611567,0.006231,0.983958,a746add2-cab0-4740-ac36-c3769d9bfb46
bge-large-en-v1.5,chrome,cross_floor,7b6c7e24-c58a-49fc-a5bb-d57b80e5b4c3,0.606084,0.532921,0.073163,0.84336,aa4b5023-aef6-4ed9-bdc9-705f59ab9ad6
bge-large-en-v1.5,chrome,cross_floor,7f52cab9-535c-4835-ac8c-391ee64dc930,0.500707,0.492008,0.008699,0.982876,d06f0d4d-2cd5-4ede-8de9-598629438c6e
bge-large-en-v1.5,chrome,cross_floor,82279c77-8fc6-46f6-9622-3ba96f61b477,0.43214,0.425781,0.006359,0.988926,2e6f678f-472d-4c55-99cc-8e7c5c402a71
bge-large-en-v1.5,chrome,cross_floor,82bc8d6a-36eb-4d2d-8801-ef714fb1e55a,0.467562,0.425639,0.041923,0.927009,fba2c100-79e8-42df-ae74-b592418d54f4
bge-large-en-v1.5,chrome,cross_floor,93eabf48-6a27-4cb6-b963-7d5fe1e0d3a9,0.625588,0.624803,0.000785,0.997908,d06f0d4d-2cd5-4ede-8de9-598629438c6e
bge-large-en-v1.5,chrome,cross_floor,9656a811-9b5b-4ddf-99c7-5117bcef0626,0.532646,0.514623,0.018022,0.962869,a746add2-cab0-4740-ac36-c3769d9bfb46
bge-large-en-v1.5,chrome,cross_floor,99146c54-4f37-4ab8-9327-5f3291665e1e,0.551637,0.544222,0.007415,0.983732,a746add2-cab0-4740-ac36-c3769d9bfb46
bge-large-en-v1.5,chrome,cross_floor,9f3f70fc-5afc-4958-a7b7-3bb4fcb01805,0.433763,0.419678,0.014085,0.975729,a746add2-cab0-4740-ac36-c3769d9bfb46
bge-large-en-v1.5,chrome,cross_floor,9f935cce-0a9f-435f-8007-817732bfc0a5,0.584023,0.512545,0.071478,0.853364,a746add2-cab0-4740-ac36-c3769d9bfb46
bge-large-en-v1.5,chrome,cross_floor,a728a36e-8bf1-4bb6-9a03-ef039a5233f0,0.498259,0.452297,0.045962,0.916083,a746add2-cab0-4740-ac36-c3769d9bfb46
bge-large-en-v1.5,chrome,cross_floor,a96b564e-dbe9-42c3-9ccf-b4498073438a,0.590046,0.480611,0.109435,0.789301,a746add2-cab0-4740-ac36-c3769d9bfb46
bge-large-en-v1.5,chrome,cross_floor,ae78f875-5b98-4907-bbb5-9c737fc68c03,0.59298,0.587552,0.005428,0.986839,a746add2-cab0-4740-ac36-c3769d9bfb46
bge-large-en-v1.5,chrome,cross_floor,af630914-714e-4a24-a7bb-f9af687d3b91,0.597226,0.579692,0.017534,0.958282,215dfd39-f493-4bc3-a027-8a97d72c61bf
bge-large-en-v1.5,chrome,cross_floor,b070486d-e161-459b-aa2b-ef442d973b92,0.501159,0.493881,0.007278,0.985619,fba2c100-79e8-42df-ae74-b592418d54f4
bge-large-en-v1.5,chrome,cross_floor,b4f95342-463e-4179-8c3f-193cd7241fb2,0.502795,0.484923,0.017872,0.965303,a746add2-cab0-4740-ac36-c3769d9bfb46
bge-large-en-v1.5,chrome,cross_floor,b7895e80-f4d1-4648-bee0-4eb45a6f1fa8,0.484467,0.450056,0.034411,0.937429,a746add2-cab0-4740-ac36-c3769d9bfb46
bge-large-en-v1.5,chrome,cross_floor,bb5e4c0d-f964-439c-97b6-bdb9747de3f4,0.553654,0.549412,0.004242,0.990586,efcf0d81-0835-4880-b2fd-d866e8bc2294
bge-large-en-v1.5,chrome,cross_floor,c1fa57f3-c3db-4596-8f09-020701085416,0.549184,0.542747,0.006437,0.985923,a746add2-cab0-4740-ac36-c3769d9bfb46
bge-large-en-v1.5,chrome,cross_floor,cabb3bae-cccb-41bd-9f5d-0f3a9fecd825,0.476293,0.464951,0.011341,0.978803,a746add2-cab0-4740-ac36-c3769d9bfb46
bge-large-en-v1.5,chrome,cross_floor,da46d875-6b82-4681-9284-653b0c7ae241,0.451173,0.440515,0.010657,0.980952,a746add2-cab0-4740-ac36-c3769d9bfb46
bge-large-en-v1.5,chrome,cross_floor,e1e75309-3ddb-4d09-92ec-de869c928143,0.676707,0.632049,0.044658,0.87863,77b8ab4d-994f-43ac-8930-8ca087d7c4b4
bge-large-en-v1.5,chrome,cross_floor,f0b971a1-6831-4b9b-a50e-22a6e47f45ba,0.470399,0.455517,0.014882,0.972667,aa4b5023-aef6-4ed9-bdc9-705f59ab9ad6
bge-large-en-v1.5,chrome,cross_floor,f3b19d1e-2d48-44e9-b4e1-defcae1a0197,0.530447,0.515709,0.014738,0.969568,a746add2-cab0-4740-ac36-c3769d9bfb46
bge-large-en-v1.5,chrome,cross_floor,f5d96daf-83a8-4c86-9686-bada31fc66ab,0.441256,0.432927,0.00833,0.985311,d06f0d4d-2cd5-4ede-8de9-598629438c6e
bge-large-en-v1.5,chrome,cross_floor,f79439ad-3ee8-4f99-a518-0eb60e5652b0,0.457486,0.440711,0.016776,0.970005,fba2c100-79e8-42df-ae74-b592418d54f4
bge-large-en-v1.5,chrome,cross_floor,fc6d8143-9452-4171-9459-7f515143419a,0.429785,0.422764,0.007022,0.987836,a746add2-cab0-4740-ac36-c3769d9bfb46
bge-large-en-v1.5,chrome,upper,030eeff7-b492-4218-b312-701ec99ee0cc,0.989592,0.780684,0.208908,0.047456,030eeff7-b492-4218-b312-701ec99ee0cc
bge-large-en-v1.5,chrome,upper,06fe7178-4491-4589-810f-2e2bc9502122,0.930809,0.728578,0.20223,0.254921,06fe7178-4491-4589-810f-2e2bc9502122
bge-large-en-v1.5,chrome,upper,0d8b7de3-e8de-4d86-b9fd-dd2dce58a217,0.957154,0.587857,0.369297,0.103958,0d8b7de3-e8de-4d86-b9fd-dd2dce58a217
bge-large-en-v1.5,chrome,upper,12086550-11c0-466b-b367-1d9e75b3910e,0.98045,0.714639,0.265811,0.06851,12086550-11c0-466b-b367-1d9e75b3910e
bge-large-en-v1.5,chrome,upper,121ba48f-9e17-48ce-9bc6-a4fb17a7ebba,0.95651,0.598297,0.358214,0.108263,121ba48f-9e17-48ce-9bc6-a4fb17a7ebba
bge-large-en-v1.5,chrome,upper,1704f00f-79e6-43a7-961b-cedd3724d5fd,0.988335,0.675634,0.312701,0.035962,1704f00f-79e6-43a7-961b-cedd3724d5fd
bge-large-en-v1.5,chrome,upper,2888b4e6-5b47-4b57-8bf5-c73827890774,0.987456,0.57805,0.409406,0.029728,2888b4e6-5b47-4b57-8bf5-c73827890774
bge-large-en-v1.5,chrome,upper,2ad9387a-65d8-4e33-ad5b-7580065a27ca,0.971776,0.777952,0.193824,0.127106,2ad9387a-65d8-4e33-ad5b-7580065a27ca
bge-large-en-v1.5,chrome,upper,2ae9ba84-3a0d-4d4c-8338-3a1478dc5fe3,0.997245,0.702912,0.294333,0.009273,2ae9ba84-3a0d-4d4c-8338-3a1478dc5fe3
bge-large-en-v1.5,chrome,upper,3299584d-8f11-4457-bf4c-ce98f7600250,0.988595,0.660178,0.328417,0.033562,3299584d-8f11-4457-bf4c-ce98f7600250
bge-large-en-v1.5,chrome,upper,35253b65-1c19-4304-8aa4-6884b8218fc0,0.987122,0.747037,0.240085,0.050909,35253b65-1c19-4304-8aa4-6884b8218fc0
bge-large-en-v1.5,chrome,upper,368d9ba4-203c-40c1-9fa3-da2f1430ce63,0.993276,0.59107,0.402206,0.016443,368d9ba4-203c-40c1-9fa3-da2f1430ce63
bge-large-en-v1.5,chrome,upper,3720f614-37fd-4d04-8a6b-76f54f8c222d,0.993019,0.708749,0.28427,0.023969,3720f614-37fd-4d04-8a6b-76f54f8c222d
bge-large-en-v1.5,chrome,upper,44ee5668-ecd5-4366-a6ce-c1c9b8d4e938,0.971304,0.671804,0.2995,0.087436,44ee5668-ecd5-4366-a6ce-c1c9b8d4e938
bge-large-en-v1.5,chrome,upper,47543840-672a-467d-80df-8f7c3b9788c9,0.975452,0.666133,0.309319,0.073527,47543840-672a-467d-80df-8f7c3b9788c9
bge-large-en-v1.5,chrome,upper,480bcfea-d68f-4aaa-a0a9-2589ef319381,0.9813,0.715748,0.265552,0.065787,480bcfea-d68f-4aaa-a0a9-2589ef319381
bge-large-en-v1.5,chrome,upper,59155008-fe71-45ec-8a8f-dc35497b6aa8,0.993948,0.49563,0.498318,0.011999,59155008-fe71-45ec-8a8f-dc35497b6aa8
bge-large-en-v1.5,chrome,upper,6766f2b8-8a72-417f-a9e5-56fcaa735837,0.966143,0.718236,0.247907,0.120162,6766f2b8-8a72-417f-a9e5-56fcaa735837
bge-large-en-v1.5,chrome,upper,6c4c23a1-42a4-43cc-9db1-2f86ff3738cc,0.978112,0.665665,0.312447,0.065468,6c4c23a1-42a4-43cc-9db1-2f86ff3738cc
bge-large-en-v1.5,chrome,upper,7a5a7856-f1b6-42a4-ade9-1ca81ca0f263,0.980114,0.768595,0.211519,0.085936,7a5a7856-f1b6-42a4-ade9-1ca81ca0f263
bge-large-en-v1.5,chrome,upper,7b6c7e24-c58a-49fc-a5bb-d57b80e5b4c3,0.959157,0.699899,0.259258,0.136098,7b6c7e24-c58a-49fc-a5bb-d57b80e5b4c3
bge-large-en-v1.5,chrome,upper,7f52cab9-535c-4835-ac8c-391ee64dc930,0.969276,0.577434,0.391842,0.072709,7f52cab9-535c-4835-ac8c-391ee64dc930
bge-large-en-v1.5,chrome,upper,82279c77-8fc6-46f6-9622-3ba96f61b477,0.941521,0.574168,0.367353,0.137329,82279c77-8fc6-46f6-9622-3ba96f61b477
bge-large-en-v1.5,chrome,upper,82bc8d6a-36eb-4d2d-8801-ef714fb1e55a,0.970155,0.709918,0.260236,0.102885,82bc8d6a-36eb-4d2d-8801-ef714fb1e55a
bge-large-en-v1.5,chrome,upper,93eabf48-6a27-4cb6-b963-7d5fe1e0d3a9,0.962353,0.777134,0.185219,0.168923,93eabf48-6a27-4cb6-b963-7d5fe1e0d3a9
bge-large-en-v1.5,chrome,upper,9656a811-9b5b-4ddf-99c7-5117bcef0626,0.981676,0.744925,0.236751,0.071837,9656a811-9b5b-4ddf-99c7-5117bcef0626
bge-large-en-v1.5,chrome,upper,99146c54-4f37-4ab8-9327-5f3291665e1e,0.987601,0.717384,0.270217,0.043872,99146c54-4f37-4ab8-9327-5f3291665e1e
bge-large-en-v1.5,chrome,upper,9f3f70fc-5afc-4958-a7b7-3bb4fcb01805,0.974946,0.550109,0.424837,0.055689,9f3f70fc-5afc-4958-a7b7-3bb4fcb01805
bge-large-en-v1.5,chrome,upper,9f935cce-0a9f-435f-8007-817732bfc0a5,0.92472,0.555821,0.3689,0.16948,9f935cce-0a9f-435f-8007-817732bfc0a5
bge-large-en-v1.5,chrome,upper,a728a36e-8bf1-4bb6-9a03-ef039a5233f0,0.970376,0.612296,0.358079,0.076409,a728a36e-8bf1-4bb6-9a03-ef039a5233f0
bge-large-en-v1.5,chrome,upper,a96b564e-dbe9-42c3-9ccf-b4498073438a,0.971674,0.619577,0.352097,0.07446,a96b564e-dbe9-42c3-9ccf-b4498073438a
bge-large-en-v1.5,chrome,upper,ae78f875-5b98-4907-bbb5-9c737fc68c03,0.973927,0.628581,0.345346,0.070199,ae78f875-5b98-4907-bbb5-9c737fc68c03
bge-large-en-v1.5,chrome,upper,af630914-714e-4a24-a7bb-f9af687d3b91,0.992877,0.733645,0.259232,0.026744,af630914-714e-4a24-a7bb-f9af687d3b91
bge-large-en-v1.5,chrome,upper,b070486d-e161-459b-aa2b-ef442d973b92,0.987889,0.563714,0.424175,0.027758,b070486d-e161-459b-aa2b-ef442d973b92
bge-large-en-v1.5,chrome,upper,b4f95342-463e-4179-8c3f-193cd7241fb2,0.979817,0.607637,0.372179,0.05144,b4f95342-463e-4179-8c3f-193cd7241fb2
bge-large-en-v1.5,chrome,upper,b7895e80-f4d1-4648-bee0-4eb45a6f1fa8,0.936662,0.622081,0.314581,0.167598,b7895e80-f4d1-4648-bee0-4eb45a6f1fa8
bge-large-en-v1.5,chrome,upper,bb5e4c0d-f964-439c-97b6-bdb9747de3f4,0.901463,0.629693,0.27177,0.266095,bb5e4c0d-f964-439c-97b6-bdb9747de3f4
bge-large-en-v1.5,chrome,upper,c1fa57f3-c3db-4596-8f09-020701085416,0.974313,0.5923,0.382013,0.063006,c1fa57f3-c3db-4596-8f09-020701085416
bge-large-en-v1.5,chrome,upper,cabb3bae-cccb-41bd-9f5d-0f3a9fecd825,0.97682,0.545359,0.43146,0.050986,cabb3bae-cccb-41bd-9f5d-0f3a9fecd825
bge-large-en-v1.5,chrome,upper,da46d875-6b82-4681-9284-653b0c7ae241,0.979057,0.58017,0.398887,0.049885,da46d875-6b82-4681-9284-653b0c7ae241
bge-large-en-v1.5,chrome,upper,e1e75309-3ddb-4d09-92ec-de869c928143,0.986601,0.696323,0.290278,0.044124,e1e75309-3ddb-4d09-92ec-de869c928143
bge-large-en-v1.5,chrome,upper,f0b971a1-6831-4b9b-a50e-22a6e47f45ba,0.990139,0.533975,0.456164,0.021161,f0b971a1-6831-4b9b-a50e-22a6e47f45ba
bge-large-en-v1.5,chrome,upper,f3b19d1e-2d48-44e9-b4e1-defcae1a0197,0.975423,0.671916,0.303507,0.074911,f3b19d1e-2d48-44e9-b4e1-defcae1a0197
bge-large-en-v1.5,chrome,upper,f5d96daf-83a8-4c86-9686-bada31fc66ab,0.989472,0.458385,0.531087,0.019437,f5d96daf-83a8-4c86-9686-bada31fc66ab
bge-large-en-v1.5,chrome,upper,f79439ad-3ee8-4f99-a518-0eb60e5652b0,0.959895,0.635129,0.324766,0.109917,f79439ad-3ee8-4f99-a518-0eb60e5652b0
bge-large-en-v1.5,chrome,upper,fc6d8143-9452-4171-9459-7f515143419a,0.984232,0.678716,0.305516,0.049077,fc6d8143-9452-4171-9459-7f515143419a
bge-large-en-v1.5,gimp,verdict,gimp_brighten_photo,0.869272,0.831375,0.037897,0.775258,7a4deb26-d57d-4ea9-9a73-630f66a7b568
bge-large-en-v1.5,gimp,verdict,gimp_convert_webp,0.719889,0.699097,0.020792,0.930901,62f7fd55-0687-4a43-b6e1-3eda16fc6252
bge-large-en-v1.5,gimp,verdict,gimp_export_output_png,0.897104,0.747455,0.149648,0.407437,77b8ab4d-994f-43ac-8930-8ca087d7c4b4
bge-large-en-v1.5,gimp,verdict,gimp_flip_vertical,0.818478,0.614482,0.203996,0.470852,72f83cdc-bf76-4531-9a1b-eb893a13f8aa
bge-large-en-v1.5,gimp,verdict,gimp_gaussian_blur_dialog,0.782129,0.717625,0.064504,0.771566,a746add2-cab0-4740-ac36-c3769d9bfb46
bge-large-en-v1.5,gimp,verdict,gimp_grayscale_mode,0.833929,0.731668,0.102261,0.6189,06ca5602-62ca-47f6-ad4f-da151cde54cc
bge-large-en-v1.5,gimp,verdict,gimp_hide_right_docks,0.801236,0.664886,0.13635,0.593124,d52d6308-ec58-42b7-a2c9-de80e4837b2b
bge-large-en-v1.5,gimp,verdict,gimp_icon_theme_legacy,0.791877,0.73716,0.054718,0.791822,7767eef2-56a3-4cea-8c9f-48c070c7d65b
bge-large-en-v1.5,gimp,verdict,gimp_indexed_color_mode,0.796424,0.776363,0.020061,0.910297,045bf3ff-9077-4b86-b483-a1040a949cff
bge-large-en-v1.5,gimp,verdict,gimp_lower_contrast,0.815861,0.784059,0.031803,0.852725,7a4deb26-d57d-4ea9-9a73-630f66a7b568
bge-large-en-v1.5,gimp,verdict,gimp_moon_top_left,0.79449,0.70293,0.09156,0.691791,f4aec372-4fb0-4df5-a52b-79e0e2a5d6ce
bge-large-en-v1.5,gimp,verdict,gimp_new_layer_name,0.840394,0.656068,0.184326,0.464062,b148e375-fe0b-4bec-90e7-38632b0d73c2
bge-large-en-v1.5,gimp,verdict,gimp_red_background_layer,0.752396,0.695253,0.057143,0.81249,734d6579-c07d-47a8-9ae2-13339795476b
bge-large-en-v1.5,gimp,verdict,gimp_reduce_saturation,0.857012,0.823006,0.034006,0.80787,7a4deb26-d57d-4ea9-9a73-630f66a7b568
bge-large-en-v1.5,gimp,verdict,gimp_resize_layer_256,0.805495,0.678332,0.127163,0.604675,d16c99dc-2a1e-46f2-b350-d97c86c85c15
bge-large-en-v1.5,gimp,verdict,gimp_text_box_right,0.833174,0.633579,0.199595,0.455284,e2dd0213-26db-4349-abe5-d5667bfd725c
bge-large-en-v1.5,gimp,verdict,gimp_undo_levels_50,0.758292,0.712698,0.045594,0.841305,7b7617bd-57cc-468e-9c91-40c4ec2bcb3d
bge-large-en-v1.5,gimp,verdict,gimp_white_background,0.796497,0.714881,0.081616,0.713746,2a729ded-3296-423d-aec4-7dd55ed5fbb3
bge-large-en-v1.5,gimp,lower,045bf3ff-9077-4b86-b483-a1040a949cff,0.755686,0.736746,0.01894,0.928056,62f7fd55-0687-4a43-b6e1-3eda16fc6252
bge-large-en-v1.5,gimp,lower,06ca5602-62ca-47f6-ad4f-da151cde54cc,0.76906,0.738791,0.030269,0.884119,7767eef2-56a3-4cea-8c9f-48c070c7d65b
bge-large-en-v1.5,gimp,lower,2a729ded-3296-423d-aec4-7dd55ed5fbb3,0.734789,0.708615,0.026174,0.910175,06ca5602-62ca-47f6-ad4f-da151cde54cc
bge-large-en-v1.5,gimp,lower,2e6f678f-472d-4c55-99cc-8e7c5c402a71,0.759573,0.743585,0.015988,0.937646,e19bd559-633b-4b02-940f-d946248f088e
bge-large-en-v1.5,gimp,lower,38f48d40-764e-4e77-a7cf-51dfce880291,0.664031,0.65988,0.004151,0.987796,dbbf4b99-2253-4b10-9274-45f246af2466
bge-large-en-v1.5,gimp,lower,554785e9-4523-4e7a-b8e1-8016f565f56a,0.79748,0.791662,0.005818,0.972074,f723c744-e62c-4ae6-98d1-750d3cd7d79d
bge-large-en-v1.5,gimp,lower,58d3eeeb-e9d0-499f-962e-fd0db2a744d8,0.505144,0.499539,0.005605,0.988801,a746add2-cab0-4740-ac36-c3769d9bfb46
bge-large-en-v1.5,gimp,lower,5ca86c6f-f317-49d8-b6a7-b527541caae8,0.7745,0.67618,0.09832,0.696375,62f7fd55-0687-4a43-b6e1-3eda16fc6252
bge-large-en-v1.5,gimp,lower,62f7fd55-0687-4a43-b6e1-3eda16fc6252,0.7745,0.755686,0.018814,0.922991,5ca86c6f-f317-49d8-b6a7-b527541caae8
bge-large-en-v1.5,gimp,lower,72f83cdc-bf76-4531-9a1b-eb893a13f8aa,0.663166,0.627195,0.03597,0.903514,f4aec372-4fb0-4df5-a52b-79e0e2a5d6ce
bge-large-en-v1.5,gimp,lower,734d6579-c07d-47a8-9ae2-13339795476b,0.715056,0.707279,0.007777,0.973431,06ca5602-62ca-47f6-ad4f-da151cde54cc
bge-large-en-v1.5,gimp,lower,7767eef2-56a3-4cea-8c9f-48c070c7d65b,0.838915,0.76906,0.069855,0.697518,fbb548ca-c2a6-4601-9204-e39a2efc507b
bge-large-en-v1.5,gimp,lower,77b8ab4d-994f-43ac-8930-8ca087d7c4b4,0.726928,0.721255,0.005673,0.979648,62f7fd55-0687-4a43-b6e1-3eda16fc6252
bge-large-en-v1.5,gimp,lower,7a4deb26-d57d-4ea9-9a73-630f66a7b568,0.944297,0.791662,0.152634,0.267371,e19bd559-633b-4b02-940f-d946248f088e
bge-large-en-v1.5,gimp,lower,7b7617bd-57cc-468e-9c91-40c4ec2bcb3d,0.604248,0.547873,0.056375,0.875311,2e6f678f-472d-4c55-99cc-8e7c5c402a71
bge-large-en-v1.5,gimp,lower,8ea73f6f-9689-42ad-8c60-195bbf06a7ba,0.712126,0.711467,0.000659,0.997717,554785e9-4523-4e7a-b8e1-8016f565f56a
bge-large-en-v1.5,gimp,lower,a746add2-cab0-4740-ac36-c3769d9bfb46,0.674793,0.65275,0.022043,0.93652,06ca5602-62ca-47f6-ad4f-da151cde54cc
bge-large-en-v1.5,gimp,lower,b148e375-fe0b-4bec-90e7-38632b0d73c2,0.702802,0.68691,0.015893,0.94924,734d6579-c07d-47a8-9ae2-13339795476b
bge-large-en-v1.5,gimp,lower,d16c99dc-2a1e-46f2-b350-d97c86c85c15,0.708355,0.658134,0.050221,0.853098,8ea73f6f-9689-42ad-8c60-195bbf06a7ba
bge-large-en-v1.5,gimp,lower,d52d6308-ec58-42b7-a2c9-de80e4837b2b,0.728324,0.667153,0.061171,0.816217,e2dd0213-26db-4349-abe5-d5667bfd725c
bge-large-en-v1.5,gimp,lower,dbbf4b99-2253-4b10-9274-45f246af2466,0.736746,0.731203,0.005544,0.979375,045bf3ff-9077-4b86-b483-a1040a949cff
bge-large-en-v1.5,gimp,lower,e19bd559-633b-4b02-940f-d946248f088e,0.944297,0.759573,0.184723,0.231686,7a4deb26-d57d-4ea9-9a73-630f66a7b568
bge-large-en-v1.5,gimp,lower,e2dd0213-26db-4349-abe5-d5667bfd725c,0.728324,0.649612,0.078712,0.775357,d52d6308-ec58-42b7-a2c9-de80e4837b2b
bge-large-en-v1.5,gimp,lower,f4aec372-4fb0-4df5-a52b-79e0e2a5d6ce,0.678924,0.663165,0.015759,0.953216,06ca5602-62ca-47f6-ad4f-da151cde54cc
bge-large-en-v1.5,gimp,lower,f723c744-e62c-4ae6-98d1-750d3cd7d79d,0.79748,0.737573,0.059907,0.771719,554785e9-4523-4e7a-b8e1-8016f565f56a
bge-large-en-v1.5,gimp,lower,fbb548ca-c2a6-4601-9204-e39a2efc507b,0.838915,0.737556,0.10136,0.613785,7767eef2-56a3-4cea-8c9f-48c070c7d65b
bge-large-en-v1.5,gimp,cross_floor,045bf3ff-9077-4b86-b483-a1040a949cff,0.640766,0.635699,0.005067,0.986092,fba2c100-79e8-42df-ae74-b592418d54f4
bge-large-en-v1.5,gimp,cross_floor,06ca5602-62ca-47f6-ad4f-da151cde54cc,0.6821,0.670972,0.011128,0.96618,cb130f0d-d36f-4302-9838-b3baf46139b6
bge-large-en-v1.5,gimp,cross_floor,2a729ded-3296-423d-aec4-7dd55ed5fbb3,0.737894,0.641438,0.096456,0.730991,efcf0d81-0835-4880-b2fd-d866e8bc2294
bge-large-en-v1.5,gimp,cross_floor,2e6f678f-472d-4c55-99cc-8e7c5c402a71,0.692977,0.675836,0.017142,0.947121,cb130f0d-d36f-4302-9838-b3baf46139b6
bge-large-en-v1.5,gimp,cross_floor,38f48d40-764e-4e77-a7cf-51dfce880291,0.710397,0.701266,0.009132,0.969432,aa4b5023-aef6-4ed9-bdc9-705f59ab9ad6
bge-large-en-v1.5,gimp,cross_floor,554785e9-4523-4e7a-b8e1-8016f565f56a,0.675985,0.625455,0.05053,0.865089,cb130f0d-d36f-4302-9838-b3baf46139b6
bge-large-en-v1.5,gimp,cross_floor,58d3eeeb-e9d0-499f-962e-fd0db2a744d8,0.539649,0.490428,0.049221,0.903408,fba2c100-79e8-42df-ae74-b592418d54f4
bge-large-en-v1.5,gimp,cross_floor,5ca86c6f-f317-49d8-b6a7-b527541caae8,0.643345,0.607024,0.036321,0.907574,fba2c100-79e8-42df-ae74-b592418d54f4
bge-large-en-v1.5,gimp,cross_floor,62f7fd55-0687-4a43-b6e1-3eda16fc6252,0.649633,0.642778,0.006855,0.980811,6766f2b8-8a72-417f-a9e5-56fcaa735837
bge-large-en-v1.5,gimp,cross_floor,72f83cdc-bf76-4531-9a1b-eb893a13f8aa,0.624309,0.603242,0.021067,0.946903,efcf0d81-0835-4880-b2fd-d866e8bc2294
bge-large-en-v1.5,gimp,cross_floor,734d6579-c07d-47a8-9ae2-13339795476b,0.628733,0.575783,0.05295,0.875181,efcf0d81-0835-4880-b2fd-d866e8bc2294
bge-large-en-v1.5,gimp,cross_floor,7767eef2-56a3-4cea-8c9f-48c070c7d65b,0.675512,0.656826,0.018685,0.945551,cb130f0d-d36f-4302-9838-b3baf46139b6
bge-large-en-v1.5,gimp,cross_floor,77b8ab4d-994f-43ac-8930-8ca087d7c4b4,0.719819,0.695534,0.024285,0.920236,fba2c100-79e8-42df-ae74-b592418d54f4
bge-large-en-v1.5,gimp,cross_floor,7a4deb26-d57d-4ea9-9a73-630f66a7b568,0.674946,0.624803,0.050143,0.866354,cb130f0d-d36f-4302-9838-b3baf46139b6
bge-large-en-v1.5,gimp,cross_floor,7b7617bd-57cc-468e-9c91-40c4ec2bcb3d,0.544222,0.535826,0.008397,0.98191,99146c54-4f37-4ab8-9327-5f3291665e1e
bge-large-en-v1.5,gimp,cross_floor,8ea73f6f-9689-42ad-8c60-195bbf06a7ba,0.664252,0.634724,0.029528,0.919162,fba2c100-79e8-42df-ae74-b592418d54f4
bge-large-en-v1.5,gimp,cross_floor,a746add2-cab0-4740-ac36-c3769d9bfb46,0.666056,0.665432,0.000624,0.998134,fba2c100-79e8-42df-ae74-b592418d54f4
bge-large-en-v1.5,gimp,cross_floor,b148e375-fe0b-4bec-90e7-38632b0d73c2,0.591008,0.575603,0.015405,0.963701,fba2c100-79e8-42df-ae74-b592418d54f4
bge-large-en-v1.5,gimp,cross_floor,d16c99dc-2a1e-46f2-b350-d97c86c85c15,0.604632,0.60419,0.000443,0.998882,aa4b5023-aef6-4ed9-bdc9-705f59ab9ad6
bge-large-en-v1.5,gimp,cross_floor,d52d6308-ec58-42b7-a2c9-de80e4837b2b,0.660316,0.575608,0.084708,0.800401,215dfd39-f493-4bc3-a027-8a97d72c61bf
bge-large-en-v1.5,gimp,cross_floor,dbbf4b99-2253-4b10-9274-45f246af2466,0.672125,0.659916,0.012209,0.964101,fba2c100-79e8-42df-ae74-b592418d54f4
bge-large-en-v1.5,gimp,cross_floor,e19bd559-633b-4b02-940f-d946248f088e,0.697594,0.677702,0.019891,0.938283,cb130f0d-d36f-4302-9838-b3baf46139b6
bge-large-en-v1.5,gimp,cross_floor,e2dd0213-26db-4349-abe5-d5667bfd725c,0.602285,0.583875,0.01841,0.955758,215dfd39-f493-4bc3-a027-8a97d72c61bf
bge-large-en-v1.5,gimp,cross_floor,f4aec372-4fb0-4df5-a52b-79e0e2a5d6ce,0.596218,0.596217,2e-06,0.999996,efcf0d81-0835-4880-b2fd-d866e8bc2294
bge-large-en-v1.5,gimp,cross_floor,f723c744-e62c-4ae6-98d1-750d3cd7d79d,0.671006,0.608813,0.062193,0.841015,cb130f0d-d36f-4302-9838-b3baf46139b6
bge-large-en-v1.5,gimp,cross_floor,fbb548ca-c2a6-4601-9204-e39a2efc507b,0.613233,0.601491,0.011742,0.970536,d06f0d4d-2cd5-4ede-8de9-598629438c6e
bge-large-en-v1.5,gimp,upper,045bf3ff-9077-4b86-b483-a1040a949cff,0.982694,0.771504,0.21119,0.075739,045bf3ff-9077-4b86-b483-a1040a949cff
bge-large-en-v1.5,gimp,upper,06ca5602-62ca-47f6-ad4f-da151cde54cc,0.937648,0.797069,0.140579,0.307256,06ca5602-62ca-47f6-ad4f-da151cde54cc
bge-large-en-v1.5,gimp,upper,2a729ded-3296-423d-aec4-7dd55ed5fbb3,0.960578,0.70082,0.259758,0.131767,2a729ded-3296-423d-aec4-7dd55ed5fbb3
bge-large-en-v1.5,gimp,upper,2e6f678f-472d-4c55-99cc-8e7c5c402a71,0.967347,0.738713,0.228635,0.124969,2e6f678f-472d-4c55-99cc-8e7c5c402a71
bge-large-en-v1.5,gimp,upper,38f48d40-764e-4e77-a7cf-51dfce880291,0.982352,0.670142,0.312211,0.0535,38f48d40-764e-4e77-a7cf-51dfce880291
bge-large-en-v1.5,gimp,upper,554785e9-4523-4e7a-b8e1-8016f565f56a,0.978173,0.806721,0.171452,0.11293,554785e9-4523-4e7a-b8e1-8016f565f56a
bge-large-en-v1.5,gimp,upper,58d3eeeb-e9d0-499f-962e-fd0db2a744d8,0.983922,0.545547,0.438375,0.035379,58d3eeeb-e9d0-499f-962e-fd0db2a744d8
bge-large-en-v1.5,gimp,upper,5ca86c6f-f317-49d8-b6a7-b527541caae8,0.989621,0.777479,0.212142,0.046645,5ca86c6f-f317-49d8-b6a7-b527541caae8
bge-large-en-v1.5,gimp,upper,62f7fd55-0687-4a43-b6e1-3eda16fc6252,0.988688,0.773175,0.215513,0.049872,62f7fd55-0687-4a43-b6e1-3eda16fc6252
bge-large-en-v1.5,gimp,upper,72f83cdc-bf76-4531-9a1b-eb893a13f8aa,0.963709,0.666988,0.296721,0.108978,72f83cdc-bf76-4531-9a1b-eb893a13f8aa
bge-large-en-v1.5,gimp,upper,734d6579-c07d-47a8-9ae2-13339795476b,0.989999,0.719365,0.270635,0.035636,734d6579-c07d-47a8-9ae2-13339795476b
bge-large-en-v1.5,gimp,upper,7767eef2-56a3-4cea-8c9f-48c070c7d65b,0.98287,0.8305,0.152371,0.101059,7767eef2-56a3-4cea-8c9f-48c070c7d65b
bge-large-en-v1.5,gimp,upper,77b8ab4d-994f-43ac-8930-8ca087d7c4b4,0.988223,0.724375,0.263848,0.04273,77b8ab4d-994f-43ac-8930-8ca087d7c4b4
bge-large-en-v1.5,gimp,upper,7a4deb26-d57d-4ea9-9a73-630f66a7b568,0.980233,0.938984,0.04125,0.323961,7a4deb26-d57d-4ea9-9a73-630f66a7b568
bge-large-en-v1.5,gimp,upper,7b7617bd-57cc-468e-9c91-40c4ec2bcb3d,0.958638,0.657164,0.301473,0.120648,7b7617bd-57cc-468e-9c91-40c4ec2bcb3d
bge-large-en-v1.5,gimp,upper,8ea73f6f-9689-42ad-8c60-195bbf06a7ba,0.967808,0.722854,0.244955,0.116155,8ea73f6f-9689-42ad-8c60-195bbf06a7ba
bge-large-en-v1.5,gimp,upper,a746add2-cab0-4740-ac36-c3769d9bfb46,0.973621,0.684023,0.289598,0.083483,a746add2-cab0-4740-ac36-c3769d9bfb46
bge-large-en-v1.5,gimp,upper,b148e375-fe0b-4bec-90e7-38632b0d73c2,0.973517,0.693707,0.27981,0.086463,b148e375-fe0b-4bec-90e7-38632b0d73c2
bge-large-en-v1.5,gimp,upper,d16c99dc-2a1e-46f2-b350-d97c86c85c15,0.971302,0.742367,0.228935,0.11139,d16c99dc-2a1e-46f2-b350-d97c86c85c15
bge-large-en-v1.5,gimp,upper,d52d6308-ec58-42b7-a2c9-de80e4837b2b,0.975045,0.728772,0.246273,0.092007,d52d6308-ec58-42b7-a2c9-de80e4837b2b
bge-large-en-v1.5,gimp,upper,dbbf4b99-2253-4b10-9274-45f246af2466,0.961613,0.741412,0.220201,0.148449,dbbf4b99-2253-4b10-9274-45f246af2466
bge-large-en-v1.5,gimp,upper,e19bd559-633b-4b02-940f-d946248f088e,0.982753,0.915054,0.067699,0.203034,e19bd559-633b-4b02-940f-d946248f088e
bge-large-en-v1.5,gimp,upper,e2dd0213-26db-4349-abe5-d5667bfd725c,0.982102,0.740874,0.241228,0.069072,e2dd0213-26db-4349-abe5-d5667bfd725c
bge-large-en-v1.5,gimp,upper,f4aec372-4fb0-4df5-a52b-79e0e2a5d6ce,0.943301,0.70843,0.234872,0.19446,f4aec372-4fb0-4df5-a52b-79e0e2a5d6ce
bge-large-en-v1.5,gimp,upper,f723c744-e62c-4ae6-98d1-750d3cd7d79d,0.964662,0.805203,0.159459,0.181407,f723c744-e62c-4ae6-98d1-750d3cd7d79d
bge-large-en-v1.5,gimp,upper,fbb548ca-c2a6-4601-9204-e39a2efc507b,0.983241,0.842661,0.14058,0.106514,fbb548ca-c2a6-4601-9204-e39a2efc507b
bge-large-en-v1.5,vlc,verdict,vlc_always_start_fullscreen,0.84578,0.729527,0.116253,0.570187,8d9fd4e2-6fdb-46b0-b9b9-02f06495c62f
bge-large-en-v1.5,vlc,verdict,vlc_bgcone_expand,0.680743,0.655815,0.024927,0.927576,efcf0d81-0835-4880-b2fd-d866e8bc2294
bge-large-en-v1.5,vlc,verdict,vlc_extract_song_wav,0.773444,0.71418,0.059264,0.792653,59f21cfb-0120-4326-b255-a5b827b38967
bge-large-en-v1.5,vlc,verdict,vlc_global_volume_hotkey,0.66179,0.647259,0.014531,0.958804,a5bbbcd5-b398-4c91-83d4-55e1e31bbb81
bge-large-en-v1.5,vlc,verdict,vlc_hide_title_filename,0.75308,0.685569,0.067511,0.785291,a5bbbcd5-b398-4c91-83d4-55e1e31bbb81
bge-large-en-v1.5,vlc,verdict,vlc_loop_current_video,0.760168,0.738873,0.021295,0.918448,5ac2891a-eacd-4954-b339-98abba077adb
bge-large-en-v1.5,vlc,verdict,vlc_loop_music_video,0.785472,0.730864,0.054608,0.7971,59f21cfb-0120-4326-b255-a5b827b38967
bge-large-en-v1.5,vlc,verdict,vlc_max_volume_150,0.785169,0.663814,0.121354,0.639026,9195653c-f4aa-453d-aa95-787f6ccfaae9
bge-large-en-v1.5,vlc,verdict,vlc_recordings_folder_videos,0.818222,0.698467,0.119755,0.602845,8ba5ae7a-5ae5-4eab-9fcc-5dd4fe3abf89
bge-large-en-v1.5,vlc,verdict,vlc_rotate_video_clockwise,0.740426,0.709356,0.03107,0.893099,aa4b5023-aef6-4ed9-bdc9-705f59ab9ad6
bge-large-en-v1.5,vlc,verdict,vlc_single_instance_reuse,0.711068,0.67904,0.032028,0.900213,f3977615-2b45-4ac5-8bba-80c17dbe2a37
bge-large-en-v1.5,vlc,verdict,vlc_slider_color_red,0.837761,0.682824,0.154937,0.511512,d06f0d4d-2cd5-4ede-8de9-598629438c6e
bge-large-en-v1.5,vlc,verdict,vlc_snap_scene_jpg,0.784513,0.729999,0.054514,0.798096,fba2c100-79e8-42df-ae74-b592418d54f4
bge-large-en-v1.5,vlc,verdict,vlc_stream_url,0.780579,0.721469,0.059111,0.787777,bba3381f-b5eb-4439-bd9e-80c22218d5a7
bge-large-en-v1.5,vlc,verdict,vlc_wallpaper_fit_screen,0.820069,0.766444,0.053625,0.770399,efcf0d81-0835-4880-b2fd-d866e8bc2294
bge-large-en-v1.5,vlc,lower,215dfd39-f493-4bc3-a027-8a97d72c61bf,0.63432,0.629336,0.004984,0.986554,d06f0d4d-2cd5-4ede-8de9-598629438c6e
bge-large-en-v1.5,vlc,lower,386dbd0e-0241-4a0a-b6a2-6704fba26b1c,0.702656,0.696066,0.00659,0.978318,a5bbbcd5-b398-4c91-83d4-55e1e31bbb81
bge-large-en-v1.5,vlc,lower,59f21cfb-0120-4326-b255-a5b827b38967,0.752189,0.733642,0.018548,0.930366,8f080098-ddb1-424c-b438-4e96e5e4786e
bge-large-en-v1.5,vlc,lower,5ac2891a-eacd-4954-b339-98abba077adb,0.724991,0.709318,0.015673,0.946083,a5bbbcd5-b398-4c91-83d4-55e1e31bbb81
bge-large-en-v1.5,vlc,lower,7882ed6e-bece-4bf0-bada-c32dc1ddae72,0.584955,0.545054,0.039901,0.912294,59f21cfb-0120-4326-b255-a5b827b38967
bge-large-en-v1.5,vlc,lower,8ba5ae7a-5ae5-4eab-9fcc-5dd4fe3abf89,0.645718,0.645349,0.000369,0.998959,aa4b5023-aef6-4ed9-bdc9-705f59ab9ad6
bge-large-en-v1.5,vlc,lower,8d9fd4e2-6fdb-46b0-b9b9-02f06495c62f,0.697857,0.684326,0.013531,0.957135,a5bbbcd5-b398-4c91-83d4-55e1e31bbb81
bge-large-en-v1.5,vlc,lower,8f080098-ddb1-424c-b438-4e96e5e4786e,0.75219,0.662818,0.089372,0.734945,59f21cfb-0120-4326-b255-a5b827b38967
bge-large-en-v1.5,vlc,lower,9195653c-f4aa-453d-aa95-787f6ccfaae9,0.684326,0.65046,0.033866,0.903114,8d9fd4e2-6fdb-46b0-b9b9-02f06495c62f
bge-large-en-v1.5,vlc,lower,a5bbbcd5-b398-4c91-83d4-55e1e31bbb81,0.724991,0.702656,0.022335,0.924885,5ac2891a-eacd-4954-b339-98abba077adb
bge-large-en-v1.5,vlc,lower,aa4b5023-aef6-4ed9-bdc9-705f59ab9ad6,0.733642,0.720944,0.012698,0.954496,59f21cfb-0120-4326-b255-a5b827b38967
bge-large-en-v1.5,vlc,lower,bba3381f-b5eb-4439-bd9e-80c22218d5a7,0.671151,0.65936,0.011791,0.965387,59f21cfb-0120-4326-b255-a5b827b38967
bge-large-en-v1.5,vlc,lower,cb130f0d-d36f-4302-9838-b3baf46139b6,0.741832,0.671456,0.070375,0.785796,efcf0d81-0835-4880-b2fd-d866e8bc2294
bge-large-en-v1.5,vlc,lower,d06f0d4d-2cd5-4ede-8de9-598629438c6e,0.63432,0.629108,0.005211,0.985949,215dfd39-f493-4bc3-a027-8a97d72c61bf
bge-large-en-v1.5,vlc,lower,efcf0d81-0835-4880-b2fd-d866e8bc2294,0.776406,0.741832,0.034575,0.866077,fba2c100-79e8-42df-ae74-b592418d54f4
bge-large-en-v1.5,vlc,lower,f3977615-2b45-4ac5-8bba-80c17dbe2a37,0.709318,0.690576,0.018742,0.93943,5ac2891a-eacd-4954-b339-98abba077adb
bge-large-en-v1.5,vlc,lower,fba2c100-79e8-42df-ae74-b592418d54f4,0.776406,0.720944,0.055463,0.801249,efcf0d81-0835-4880-b2fd-d866e8bc2294
bge-large-en-v1.5,vlc,cross_floor,215dfd39-f493-4bc3-a027-8a97d72c61bf,0.669577,0.660316,0.009261,0.972736,480bcfea-d68f-4aaa-a0a9-2589ef319381
bge-large-en-v1.5,vlc,cross_floor,386dbd0e-0241-4a0a-b6a2-6704fba26b1c,0.570614,0.543148,0.027466,0.93988,38f48d40-764e-4e77-a7cf-51dfce880291
bge-large-en-v1.5,vlc,cross_floor,59f21cfb-0120-4326-b255-a5b827b38967,0.641618,0.59469,0.046928,0.884216,38f48d40-764e-4e77-a7cf-51dfce880291
bge-large-en-v1.5,vlc,cross_floor,5ac2891a-eacd-4954-b339-98abba077adb,0.625646,0.559403,0.066243,0.849651,38f48d40-764e-4e77-a7cf-51dfce880291
bge-large-en-v1.5,vlc,cross_floor,7882ed6e-bece-4bf0-bada-c32dc1ddae72,0.544801,0.462317,0.082485,0.846592,121ba48f-9e17-48ce-9bc6-a4fb17a7ebba
bge-large-en-v1.5,vlc,cross_floor,8ba5ae7a-5ae5-4eab-9fcc-5dd4fe3abf89,0.695534,0.668693,0.02684,0.918986,77b8ab4d-994f-43ac-8930-8ca087d7c4b4
bge-large-en-v1.5,vlc,cross_floor,8d9fd4e2-6fdb-46b0-b9b9-02f06495c62f,0.642878,0.601166,0.041712,0.895414,38f48d40-764e-4e77-a7cf-51dfce880291
bge-large-en-v1.5,vlc,cross_floor,8f080098-ddb1-424c-b438-4e96e5e4786e,0.598635,0.58953,0.009105,0.977819,38f48d40-764e-4e77-a7cf-51dfce880291
bge-large-en-v1.5,vlc,cross_floor,9195653c-f4aa-453d-aa95-787f6ccfaae9,0.555715,0.546416,0.009299,0.979499,8ea73f6f-9689-42ad-8c60-195bbf06a7ba
bge-large-en-v1.5,vlc,cross_floor,a5bbbcd5-b398-4c91-83d4-55e1e31bbb81,0.619141,0.609488,0.009652,0.975282,a746add2-cab0-4740-ac36-c3769d9bfb46
bge-large-en-v1.5,vlc,cross_floor,aa4b5023-aef6-4ed9-bdc9-705f59ab9ad6,0.710397,0.63614,0.074257,0.795919,38f48d40-764e-4e77-a7cf-51dfce880291
bge-large-en-v1.5,vlc,cross_floor,bba3381f-b5eb-4439-bd9e-80c22218d5a7,0.608711,0.573968,0.034743,0.91845,38f48d40-764e-4e77-a7cf-51dfce880291
bge-large-en-v1.5,vlc,cross_floor,cb130f0d-d36f-4302-9838-b3baf46139b6,0.697594,0.692977,0.004616,0.984964,e19bd559-633b-4b02-940f-d946248f088e
bge-large-en-v1.5,vlc,cross_floor,d06f0d4d-2cd5-4ede-8de9-598629438c6e,0.656826,0.625588,0.031239,0.916566,7767eef2-56a3-4cea-8c9f-48c070c7d65b
bge-large-en-v1.5,vlc,cross_floor,efcf0d81-0835-4880-b2fd-d866e8bc2294,0.737894,0.701266,0.036629,0.877386,2a729ded-3296-423d-aec4-7dd55ed5fbb3
bge-large-en-v1.5,vlc,cross_floor,f3977615-2b45-4ac5-8bba-80c17dbe2a37,0.552668,0.524874,0.027794,0.941501,38f48d40-764e-4e77-a7cf-51dfce880291
bge-large-en-v1.5,vlc,cross_floor,fba2c100-79e8-42df-ae74-b592418d54f4,0.719819,0.675836,0.043983,0.864318,77b8ab4d-994f-43ac-8930-8ca087d7c4b4
bge-large-en-v1.5,vlc,upper,215dfd39-f493-4bc3-a027-8a97d72c61bf,0.987349,0.642073,0.345277,0.035344,215dfd39-f493-4bc3-a027-8a97d72c61bf
bge-large-en-v1.5,vlc,upper,386dbd0e-0241-4a0a-b6a2-6704fba26b1c,0.985837,0.717749,0.268088,0.050179,386dbd0e-0241-4a0a-b6a2-6704fba26b1c
bge-large-en-v1.5,vlc,upper,59f21cfb-0120-4326-b255-a5b827b38967,0.991041,0.741306,0.249735,0.034631,59f21cfb-0120-4326-b255-a5b827b38967
bge-large-en-v1.5,vlc,upper,5ac2891a-eacd-4954-b339-98abba077adb,0.991727,0.724139,0.267588,0.029991,5ac2891a-eacd-4954-b339-98abba077adb
bge-large-en-v1.5,vlc,upper,7882ed6e-bece-4bf0-bada-c32dc1ddae72,0.983199,0.571092,0.412107,0.039171,7882ed6e-bece-4bf0-bada-c32dc1ddae72
bge-large-en-v1.5,vlc,upper,8ba5ae7a-5ae5-4eab-9fcc-5dd4fe3abf89,0.966091,0.652646,0.313445,0.09762,8ba5ae7a-5ae5-4eab-9fcc-5dd4fe3abf89
bge-large-en-v1.5,vlc,upper,8d9fd4e2-6fdb-46b0-b9b9-02f06495c62f,0.990245,0.690094,0.30015,0.031478,8d9fd4e2-6fdb-46b0-b9b9-02f06495c62f
bge-large-en-v1.5,vlc,upper,8f080098-ddb1-424c-b438-4e96e5e4786e,0.987553,0.752503,0.235049,0.050293,8f080098-ddb1-424c-b438-4e96e5e4786e
bge-large-en-v1.5,vlc,upper,9195653c-f4aa-453d-aa95-787f6ccfaae9,0.988283,0.707723,0.280561,0.040087,9195653c-f4aa-453d-aa95-787f6ccfaae9
bge-large-en-v1.5,vlc,upper,a5bbbcd5-b398-4c91-83d4-55e1e31bbb81,0.971878,0.734462,0.237415,0.105907,a5bbbcd5-b398-4c91-83d4-55e1e31bbb81
bge-large-en-v1.5,vlc,upper,aa4b5023-aef6-4ed9-bdc9-705f59ab9ad6,0.977923,0.747086,0.230837,0.08729,aa4b5023-aef6-4ed9-bdc9-705f59ab9ad6
bge-large-en-v1.5,vlc,upper,bba3381f-b5eb-4439-bd9e-80c22218d5a7,0.982461,0.665714,0.316747,0.052466,bba3381f-b5eb-4439-bd9e-80c22218d5a7
bge-large-en-v1.5,vlc,upper,cb130f0d-d36f-4302-9838-b3baf46139b6,0.995468,0.733771,0.261697,0.017023,cb130f0d-d36f-4302-9838-b3baf46139b6
bge-large-en-v1.5,vlc,upper,d06f0d4d-2cd5-4ede-8de9-598629438c6e,0.986147,0.639062,0.347085,0.03838,d06f0d4d-2cd5-4ede-8de9-598629438c6e
bge-large-en-v1.5,vlc,upper,efcf0d81-0835-4880-b2fd-d866e8bc2294,0.975056,0.774695,0.200361,0.110713,efcf0d81-0835-4880-b2fd-d866e8bc2294
bge-large-en-v1.5,vlc,upper,f3977615-2b45-4ac5-8bba-80c17dbe2a37,0.990307,0.713061,0.277246,0.03378,f3977615-2b45-4ac5-8bba-80c17dbe2a37
bge-large-en-v1.5,vlc,upper,fba2c100-79e8-42df-ae74-b592418d54f4,0.967866,0.752614,0.215252,0.129895,fba2c100-79e8-42df-ae74-b592418d54f4
gte-large,chrome,verdict,altdate_cheapest,0.840733,0.838455,0.002278,0.985898,82bc8d6a-36eb-4d2d-8801-ef714fb1e55a
gte-large,chrome,verdict,car_electric_fuel,0.868227,0.840767,0.02746,0.827547,82279c77-8fc6-46f6-9622-3ba96f61b477
gte-large,chrome,verdict,car_large_price_sort,0.889227,0.838825,0.050402,0.687285,1704f00f-79e6-43a7-961b-cedd3724d5fd
gte-large,chrome,verdict,car_rating_sort,0.85417,0.832612,0.021558,0.871212,1704f00f-79e6-43a7-961b-cedd3724d5fd
gte-large,chrome,verdict,checkout_fill_email_stop,0.8444,0.841858,0.002543,0.983922,6c4c23a1-42a4-43cc-9db1-2f86ff3738cc
gte-large,chrome,verdict,flight_business_cabin,0.86169,0.855868,0.005822,0.95961,82bc8d6a-36eb-4d2d-8801-ef714fb1e55a
gte-large,chrome,verdict,flight_oneway_2adults,0.89197,0.831927,0.060043,0.642758,f79439ad-3ee8-4f99-a518-0eb60e5652b0
gte-large,chrome,verdict,flight_route_date_tomorrow,0.871987,0.837482,0.034505,0.787684,fc6d8143-9452-4171-9459-7f515143419a
gte-large,chrome,verdict,flight_route_next_monday,0.902311,0.875535,0.026776,0.78487,82bc8d6a-36eb-4d2d-8801-ef714fb1e55a
gte-large,chrome,verdict,geo_hierarchy_italy_rome,0.840107,0.788615,0.051493,0.756404,b7895e80-f4d1-4648-bee0-4eb45a6f1fa8
gte-large,chrome,verdict,geo_hierarchy_spain_madrid,0.814844,0.809389,0.005455,0.971381,82bc8d6a-36eb-4d2d-8801-ef714fb1e55a
gte-large,chrome,verdict,help_category_manage_booking,0.861469,0.858687,0.002782,0.980312,f3b19d1e-2d48-44e9-b4e1-defcae1a0197
gte-large,chrome,verdict,help_search_cancel,0.840154,0.817277,0.022877,0.874801,f3b19d1e-2d48-44e9-b4e1-defcae1a0197
gte-large,chrome,verdict,help_search_refund,0.8216,0.807433,0.014167,0.926429,f3b19d1e-2d48-44e9-b4e1-defcae1a0197
gte-large,chrome,verdict,hotel_multi_filter_genius_review,0.829898,0.785351,0.044548,0.792463,b7895e80-f4d1-4648-bee0-4eb45a6f1fa8
gte-large,chrome,verdict,hotel_open_detail,0.846003,0.820214,0.025789,0.856556,b7895e80-f4d1-4648-bee0-4eb45a6f1fa8
gte-large,chrome,verdict,hotel_price_sort,0.919553,0.798049,0.121504,0.398348,b7895e80-f4d1-4648-bee0-4eb45a6f1fa8
gte-large,chrome,verdict,hotel_review_genius_filter,0.864339,0.792558,0.071781,0.653971,b7895e80-f4d1-4648-bee0-4eb45a6f1fa8
gte-large,chrome,verdict,hotel_search_price_sort,0.895674,0.799542,0.096132,0.520437,b7895e80-f4d1-4648-bee0-4eb45a6f1fa8
gte-large,chrome,verdict,hotel_top_reviewed_open,0.822189,0.808356,0.013832,0.927823,b7895e80-f4d1-4648-bee0-4eb45a6f1fa8
gte-large,chrome,verdict,info_sustainability,0.837018,0.831821,0.005197,0.969101,c1fa57f3-c3db-4596-8f09-020701085416
gte-large,chrome,verdict,multicity_three_segments,0.864783,0.849601,0.015182,0.899052,6c4c23a1-42a4-43cc-9db1-2f86ff3738cc
gte-large,chrome,lower,030eeff7-b492-4218-b312-701ec99ee0cc,0.894867,0.854243,0.040624,0.72129,9656a811-9b5b-4ddf-99c7-5117bcef0626
gte-large,chrome,lower,06fe7178-4491-4589-810f-2e2bc9502122,0.851693,0.847301,0.004392,0.971237,35253b65-1c19-4304-8aa4-6884b8218fc0
gte-large,chrome,lower,0d8b7de3-e8de-4d86-b9fd-dd2dce58a217,0.794778,0.780422,0.014357,0.934617,ae78f875-5b98-4907-bbb5-9c737fc68c03
gte-large,chrome,lower,12086550-11c0-466b-b367-1d9e75b3910e,0.849895,0.833904,0.015991,0.903723,35253b65-1c19-4304-8aa4-6884b8218fc0
gte-large,chrome,lower,121ba48f-9e17-48ce-9bc6-a4fb17a7ebba,0.797334,0.78773,0.009604,0.954756,f3b19d1e-2d48-44e9-b4e1-defcae1a0197
gte-large,chrome,lower,1704f00f-79e6-43a7-961b-cedd3724d5fd,0.851527,0.832409,0.019118,0.885925,47543840-672a-467d-80df-8f7c3b9788c9
gte-large,chrome,lower,2888b4e6-5b47-4b57-8bf5-c73827890774,0.809343,0.794724,0.014619,0.928783,9f3f70fc-5afc-4958-a7b7-3bb4fcb01805
gte-large,chrome,lower,2ad9387a-65d8-4e33-ad5b-7580065a27ca,0.893442,0.849309,0.044133,0.70713,7a5a7856-f1b6-42a4-ade9-1ca81ca0f263
gte-large,chrome,lower,2ae9ba84-3a0d-4d4c-8338-3a1478dc5fe3,0.852691,0.805153,0.047538,0.756023,3720f614-37fd-4d04-8a6b-76f54f8c222d
gte-large,chrome,lower,3299584d-8f11-4457-bf4c-ce98f7600250,0.845355,0.832887,0.012467,0.925395,99146c54-4f37-4ab8-9327-5f3291665e1e
gte-large,chrome,lower,35253b65-1c19-4304-8aa4-6884b8218fc0,0.869699,0.851693,0.018005,0.878594,7a5a7856-f1b6-42a4-ade9-1ca81ca0f263
gte-large,chrome,lower,368d9ba4-203c-40c1-9fa3-da2f1430ce63,0.785942,0.774645,0.011297,0.949871,b4f95342-463e-4179-8c3f-193cd7241fb2
gte-large,chrome,lower,3720f614-37fd-4d04-8a6b-76f54f8c222d,0.852691,0.842293,0.010398,0.934066,2ae9ba84-3a0d-4d4c-8338-3a1478dc5fe3
gte-large,chrome,lower,44ee5668-ecd5-4366-a6ce-c1c9b8d4e938,0.842282,0.831512,0.01077,0.93608,7b6c7e24-c58a-49fc-a5bb-d57b80e5b4c3
gte-large,chrome,lower,47543840-672a-467d-80df-8f7c3b9788c9,0.851527,0.826914,0.024613,0.857801,1704f00f-79e6-43a7-961b-cedd3724d5fd
gte-large,chrome,lower,480bcfea-d68f-4aaa-a0a9-2589ef319381,0.851306,0.836133,0.015173,0.907407,af630914-714e-4a24-a7bb-f9af687d3b91
gte-large,chrome,lower,59155008-fe71-45ec-8a8f-dc35497b6aa8,0.766153,0.746969,0.019183,0.924186,2ae9ba84-3a0d-4d4c-8338-3a1478dc5fe3
gte-large,chrome,lower,6766f2b8-8a72-417f-a9e5-56fcaa735837,0.849728,0.807053,0.042675,0.778824,35253b65-1c19-4304-8aa4-6884b8218fc0
gte-large,chrome,lower,6c4c23a1-42a4-43cc-9db1-2f86ff3738cc,0.858463,0.854547,0.003916,0.973078,fc6d8143-9452-4171-9459-7f515143419a
gte-large,chrome,lower,7a5a7856-f1b6-42a4-ade9-1ca81ca0f263,0.893442,0.869699,0.023743,0.817781,2ad9387a-65d8-4e33-ad5b-7580065a27ca
gte-large,chrome,lower,7b6c7e24-c58a-49fc-a5bb-d57b80e5b4c3,0.854243,0.842282,0.011962,0.924159,030eeff7-b492-4218-b312-701ec99ee0cc
gte-large,chrome,lower,7f52cab9-535c-4835-ac8c-391ee64dc930,0.804566,0.786951,0.017615,0.917319,b7895e80-f4d1-4648-bee0-4eb45a6f1fa8
gte-large,chrome,lower,82279c77-8fc6-46f6-9622-3ba96f61b477,0.825802,0.790501,0.035301,0.831496,1704f00f-79e6-43a7-961b-cedd3724d5fd
gte-large,chrome,lower,82bc8d6a-36eb-4d2d-8801-ef714fb1e55a,0.854547,0.848715,0.005831,0.961454,6c4c23a1-42a4-43cc-9db1-2f86ff3738cc
gte-large,chrome,lower,93eabf48-6a27-4cb6-b963-7d5fe1e0d3a9,0.858877,0.83335,0.025527,0.846824,af630914-714e-4a24-a7bb-f9af687d3b91
gte-large,chrome,lower,9656a811-9b5b-4ddf-99c7-5117bcef0626,0.894867,0.841738,0.053129,0.664296,030eeff7-b492-4218-b312-701ec99ee0cc
gte-large,chrome,lower,99146c54-4f37-4ab8-9327-5f3291665e1e,0.850059,0.845355,0.004704,0.96958,030eeff7-b492-4218-b312-701ec99ee0cc
gte-large,chrome,lower,9f3f70fc-5afc-4958-a7b7-3bb4fcb01805,0.809343,0.78601,0.023333,0.890961,2888b4e6-5b47-4b57-8bf5-c73827890774
gte-large,chrome,lower,9f935cce-0a9f-435f-8007-817732bfc0a5,0.794117,0.788971,0.005146,0.975614,ae78f875-5b98-4907-bbb5-9c737fc68c03
gte-large,chrome,lower,a728a36e-8bf1-4bb6-9a03-ef039a5233f0,0.790572,0.764909,0.025663,0.890836,da46d875-6b82-4681-9284-653b0c7ae241
gte-large,chrome,lower,a96b564e-dbe9-42c3-9ccf-b4498073438a,0.822896,0.819834,0.003062,0.983002,47543840-672a-467d-80df-8f7c3b9788c9
gte-large,chrome,lower,ae78f875-5b98-4907-bbb5-9c737fc68c03,0.823725,0.819743,0.003982,0.977908,bb5e4c0d-f964-439c-97b6-bdb9747de3f4
gte-large,chrome,lower,af630914-714e-4a24-a7bb-f9af687d3b91,0.858877,0.851306,0.007571,0.949085,93eabf48-6a27-4cb6-b963-7d5fe1e0d3a9
gte-large,chrome,lower,b070486d-e161-459b-aa2b-ef442d973b92,0.774907,0.752345,0.022561,0.9089,0d8b7de3-e8de-4d86-b9fd-dd2dce58a217
gte-large,chrome,lower,b4f95342-463e-4179-8c3f-193cd7241fb2,0.813797,0.813511,0.000286,0.998468,47543840-672a-467d-80df-8f7c3b9788c9
gte-large,chrome,lower,b7895e80-f4d1-4648-bee0-4eb45a6f1fa8,0.832667,0.832409,0.000258,0.998463,6c4c23a1-42a4-43cc-9db1-2f86ff3738cc
gte-large,chrome,lower,bb5e4c0d-f964-439c-97b6-bdb9747de3f4,0.823725,0.814174,0.009551,0.948601,ae78f875-5b98-4907-bbb5-9c737fc68c03
gte-large,chrome,lower,c1fa57f3-c3db-4596-8f09-020701085416,0.825192,0.823383,0.001809,0.989756,47543840-672a-467d-80df-8f7c3b9788c9
gte-large,chrome,lower,cabb3bae-cccb-41bd-9f5d-0f3a9fecd825,0.78601,0.785117,0.000893,0.995843,9f3f70fc-5afc-4958-a7b7-3bb4fcb01805
gte-large,chrome,lower,da46d875-6b82-4681-9284-653b0c7ae241,0.811145,0.807883,0.003261,0.983024,6c4c23a1-42a4-43cc-9db1-2f86ff3738cc
gte-large,chrome,lower,e1e75309-3ddb-4d09-92ec-de869c928143,0.854794,0.827944,0.02685,0.843945,7a5a7856-f1b6-42a4-ade9-1ca81ca0f263
gte-large,chrome,lower,f0b971a1-6831-4b9b-a50e-22a6e47f45ba,0.785816,0.782595,0.003221,0.985185,ae78f875-5b98-4907-bbb5-9c737fc68c03
gte-large,chrome,lower,f3b19d1e-2d48-44e9-b4e1-defcae1a0197,0.819834,0.818751,0.001082,0.994028,a96b564e-dbe9-42c3-9ccf-b4498073438a
gte-large,chrome,lower,f5d96daf-83a8-4c86-9686-bada31fc66ab,0.738927,0.73766,0.001267,0.995169,1704f00f-79e6-43a7-961b-cedd3724d5fd
gte-large,chrome,lower,f79439ad-3ee8-4f99-a518-0eb60e5652b0,0.842502,0.815045,0.027457,0.851549,82bc8d6a-36eb-4d2d-8801-ef714fb1e55a
gte-large,chrome,lower,fc6d8143-9452-4171-9459-7f515143419a,0.858463,0.848715,0.009747,0.935569,6c4c23a1-42a4-43cc-9db1-2f86ff3738cc
gte-large,chrome,cross_floor,030eeff7-b492-4218-b312-701ec99ee0cc,0.790408,0.785076,0.005332,0.975191,215dfd39-f493-4bc3-a027-8a97d72c61bf
gte-large,chrome,cross_floor,06fe7178-4491-4589-810f-2e2bc9502122,0.815617,0.813952,0.001664,0.991055,a5bbbcd5-b398-4c91-83d4-55e1e31bbb81
gte-large,chrome,cross_floor,0d8b7de3-e8de-4d86-b9fd-dd2dce58a217,0.765473,0.747468,0.018005,0.9287,a746add2-cab0-4740-ac36-c3769d9bfb46
gte-large,chrome,cross_floor,12086550-11c0-466b-b367-1d9e75b3910e,0.798715,0.794716,0.003998,0.980523,a746add2-cab0-4740-ac36-c3769d9bfb46
gte-large,chrome,cross_floor,121ba48f-9e17-48ce-9bc6-a4fb17a7ebba,0.778994,0.777913,0.001081,0.995134,7882ed6e-bece-4bf0-bada-c32dc1ddae72
gte-large,chrome,cross_floor,1704f00f-79e6-43a7-961b-cedd3724d5fd,0.746625,0.745436,0.001189,0.995331,58d3eeeb-e9d0-499f-962e-fd0db2a744d8
gte-large,chrome,cross_floor,2888b4e6-5b47-4b57-8bf5-c73827890774,0.763837,0.752354,0.011483,0.953633,2e6f678f-472d-4c55-99cc-8e7c5c402a71
gte-large,chrome,cross_floor,2ad9387a-65d8-4e33-ad5b-7580065a27ca,0.818995,0.816218,0.002777,0.984888,8ba5ae7a-5ae5-4eab-9fcc-5dd4fe3abf89
gte-large,chrome,cross_floor,2ae9ba84-3a0d-4d4c-8338-3a1478dc5fe3,0.768892,0.766017,0.002875,0.987714,7767eef2-56a3-4cea-8c9f-48c070c7d65b
gte-large,chrome,cross_floor,3299584d-8f11-4457-bf4c-ce98f7600250,0.80674,0.799806,0.006934,0.965365,a5bbbcd5-b398-4c91-83d4-55e1e31bbb81
gte-large,chrome,cross_floor,35253b65-1c19-4304-8aa4-6884b8218fc0,0.815506,0.810897,0.004608,0.97563,efcf0d81-0835-4880-b2fd-d866e8bc2294
gte-large,chrome,cross_floor,368d9ba4-203c-40c1-9fa3-da2f1430ce63,0.7308,0.721351,0.009449,0.966089,b148e375-fe0b-4bec-90e7-38632b0d73c2
gte-large,chrome,cross_floor,3720f614-37fd-4d04-8a6b-76f54f8c222d,0.804606,0.803913,0.000693,0.996465,215dfd39-f493-4bc3-a027-8a97d72c61bf
gte-large,chrome,cross_floor,44ee5668-ecd5-4366-a6ce-c1c9b8d4e938,0.802108,0.790017,0.012092,0.942416,38f48d40-764e-4e77-a7cf-51dfce880291
gte-large,chrome,cross_floor,47543840-672a-467d-80df-8f7c3b9788c9,0.768911,0.758912,0.009999,0.958526,fba2c100-79e8-42df-ae74-b592418d54f4
gte-large,chrome,cross_floor,480bcfea-d68f-4aaa-a0a9-2589ef319381,0.84467,0.798987,0.045683,0.772735,215dfd39-f493-4bc3-a027-8a97d72c61bf
gte-large,chrome,cross_floor,59155008-fe71-45ec-8a8f-dc35497b6aa8,0.725699,0.722975,0.002725,0.990165,72f83cdc-bf76-4531-9a1b-eb893a13f8aa
gte-large,chrome,cross_floor,6766f2b8-8a72-417f-a9e5-56fcaa735837,0.820926,0.815658,0.005268,0.971424,8ba5ae7a-5ae5-4eab-9fcc-5dd4fe3abf89
gte-large,chrome,cross_floor,6c4c23a1-42a4-43cc-9db1-2f86ff3738cc,0.770399,0.7629,0.007498,0.968375,a746add2-cab0-4740-ac36-c3769d9bfb46
gte-large,chrome,cross_floor,7a5a7856-f1b6-42a4-ade9-1ca81ca0f263,0.822022,0.812006,0.010017,0.946718,aa4b5023-aef6-4ed9-bdc9-705f59ab9ad6
gte-large,chrome,cross_floor,7b6c7e24-c58a-49fc-a5bb-d57b80e5b4c3,0.800643,0.790331,0.010313,0.950815,aa4b5023-aef6-4ed9-bdc9-705f59ab9ad6
gte-large,chrome,cross_floor,7f52cab9-535c-4835-ac8c-391ee64dc930,0.777645,0.765285,0.012361,0.947337,a746add2-cab0-4740-ac36-c3769d9bfb46
gte-large,chrome,cross_floor,82279c77-8fc6-46f6-9622-3ba96f61b477,0.721757,0.719601,0.002156,0.992312,2e6f678f-472d-4c55-99cc-8e7c5c402a71
gte-large,chrome,cross_floor,82bc8d6a-36eb-4d2d-8801-ef714fb1e55a,0.772323,0.758276,0.014048,0.941886,fba2c100-79e8-42df-ae74-b592418d54f4
gte-large,chrome,cross_floor,93eabf48-6a27-4cb6-b963-7d5fe1e0d3a9,0.837773,0.830088,0.007685,0.954769,7767eef2-56a3-4cea-8c9f-48c070c7d65b
gte-large,chrome,cross_floor,9656a811-9b5b-4ddf-99c7-5117bcef0626,0.776337,0.76535,0.010988,0.953175,215dfd39-f493-4bc3-a027-8a97d72c61bf
gte-large,chrome,cross_floor,99146c54-4f37-4ab8-9327-5f3291665e1e,0.802743,0.801215,0.001529,0.992311,5ac2891a-eacd-4954-b339-98abba077adb
gte-large,chrome,cross_floor,9f3f70fc-5afc-4958-a7b7-3bb4fcb01805,0.721631,0.719985,0.001646,0.994121,7882ed6e-bece-4bf0-bada-c32dc1ddae72
gte-large,chrome,cross_floor,9f935cce-0a9f-435f-8007-817732bfc0a5,0.772373,0.754017,0.018355,0.925379,a746add2-cab0-4740-ac36-c3769d9bfb46
gte-large,chrome,cross_floor,a728a36e-8bf1-4bb6-9a03-ef039a5233f0,0.736847,0.720028,0.016819,0.939927,a746add2-cab0-4740-ac36-c3769d9bfb46
gte-large,chrome,cross_floor,a96b564e-dbe9-42c3-9ccf-b4498073438a,0.80579,0.767267,0.038523,0.834477,a746add2-cab0-4740-ac36-c3769d9bfb46
gte-large,chrome,cross_floor,ae78f875-5b98-4907-bbb5-9c737fc68c03,0.838795,0.805078,0.033717,0.827025,2e6f678f-472d-4c55-99cc-8e7c5c402a71
gte-large,chrome,cross_floor,af630914-714e-4a24-a7bb-f9af687d3b91,0.80354,0.802719,0.000821,0.99584,2e6f678f-472d-4c55-99cc-8e7c5c402a71
gte-large,chrome,cross_floor,b070486d-e161-459b-aa2b-ef442d973b92,0.751618,0.746815,0.004804,0.981027,a5bbbcd5-b398-4c91-83d4-55e1e31bbb81
gte-large,chrome,cross_floor,b4f95342-463e-4179-8c3f-193cd7241fb2,0.766753,0.751604,0.015149,0.939011,a746add2-cab0-4740-ac36-c3769d9bfb46
gte-large,chrome,cross_floor,b7895e80-f4d1-4648-bee0-4eb45a6f1fa8,0.75539,0.745913,0.009477,0.962703,a746add2-cab0-4740-ac36-c3769d9bfb46
gte-large,chrome,cross_floor,bb5e4c0d-f964-439c-97b6-bdb9747de3f4,0.785766,0.770534,0.015232,0.933618,efcf0d81-0835-4880-b2fd-d866e8bc2294
gte-large,chrome,cross_floor,c1fa57f3-c3db-4596-8f09-020701085416,0.775149,0.762992,0.012157,0.948705,a746add2-cab0-4740-ac36-c3769d9bfb46
gte-large,chrome,cross_floor,cabb3bae-cccb-41bd-9f5d-0f3a9fecd825,0.742302,0.741321,0.000981,0.996207,72f83cdc-bf76-4531-9a1b-eb893a13f8aa
gte-large,chrome,cross_floor,da46d875-6b82-4681-9284-653b0c7ae241,0.766595,0.760713,0.005882,0.975419,a746add2-cab0-4740-ac36-c3769d9bfb46
gte-large,chrome,cross_floor,e1e75309-3ddb-4d09-92ec-de869c928143,0.843513,0.826331,0.017182,0.901066,77b8ab4d-994f-43ac-8930-8ca087d7c4b4
gte-large,chrome,cross_floor,f0b971a1-6831-4b9b-a50e-22a6e47f45ba,0.759282,0.746684,0.012598,0.950269,aa4b5023-aef6-4ed9-bdc9-705f59ab9ad6
gte-large,chrome,cross_floor,f3b19d1e-2d48-44e9-b4e1-defcae1a0197,0.773256,0.760235,0.013021,0.945691,a746add2-cab0-4740-ac36-c3769d9bfb46
gte-large,chrome,cross_floor,f5d96daf-83a8-4c86-9686-bada31fc66ab,0.735468,0.734327,0.001142,0.995703,cb130f0d-d36f-4302-9838-b3baf46139b6
gte-large,chrome,cross_floor,f79439ad-3ee8-4f99-a518-0eb60e5652b0,0.726014,0.725524,0.00049,0.998215,58d3eeeb-e9d0-499f-962e-fd0db2a744d8
gte-large,chrome,cross_floor,fc6d8143-9452-4171-9459-7f515143419a,0.739689,0.725523,0.014165,0.948391,a746add2-cab0-4740-ac36-c3769d9bfb46
gte-large,chrome,upper,030eeff7-b492-4218-b312-701ec99ee0cc,0.994172,0.898647,0.095526,0.0575,030eeff7-b492-4218-b312-701ec99ee0cc
gte-large,chrome,upper,06fe7178-4491-4589-810f-2e2bc9502122,0.961946,0.855348,0.106598,0.263074,06fe7178-4491-4589-810f-2e2bc9502122
gte-large,chrome,upper,0d8b7de3-e8de-4d86-b9fd-dd2dce58a217,0.9581,0.79434,0.163761,0.203732,0d8b7de3-e8de-4d86-b9fd-dd2dce58a217
gte-large,chrome,upper,12086550-11c0-466b-b367-1d9e75b3910e,0.992194,0.847512,0.144682,0.051194,12086550-11c0-466b-b367-1d9e75b3910e
gte-large,chrome,upper,121ba48f-9e17-48ce-9bc6-a4fb17a7ebba,0.98396,0.795955,0.188004,0.078611,121ba48f-9e17-48ce-9bc6-a4fb17a7ebba
gte-large,chrome,upper,1704f00f-79e6-43a7-961b-cedd3724d5fd,0.997126,0.853701,0.143425,0.019648,1704f00f-79e6-43a7-961b-cedd3724d5fd
gte-large,chrome,upper,2888b4e6-5b47-4b57-8bf5-c73827890774,0.992131,0.811986,0.180145,0.041853,2888b4e6-5b47-4b57-8bf5-c73827890774
gte-large,chrome,upper,2ad9387a-65d8-4e33-ad5b-7580065a27ca,0.98536,0.894055,0.091305,0.138184,2ad9387a-65d8-4e33-ad5b-7580065a27ca
gte-large,chrome,upper,2ae9ba84-3a0d-4d4c-8338-3a1478dc5fe3,0.999122,0.851128,0.147994,0.005899,2ae9ba84-3a0d-4d4c-8338-3a1478dc5fe3
gte-large,chrome,upper,3299584d-8f11-4457-bf4c-ce98f7600250,0.994904,0.847927,0.146977,0.03351,3299584d-8f11-4457-bf4c-ce98f7600250
gte-large,chrome,upper,35253b65-1c19-4304-8aa4-6884b8218fc0,0.991881,0.867793,0.124088,0.061413,35253b65-1c19-4304-8aa4-6884b8218fc0
gte-large,chrome,upper,368d9ba4-203c-40c1-9fa3-da2f1430ce63,0.997004,0.7837,0.213304,0.01385,368d9ba4-203c-40c1-9fa3-da2f1430ce63
gte-large,chrome,upper,3720f614-37fd-4d04-8a6b-76f54f8c222d,0.994631,0.856541,0.138089,0.037428,3720f614-37fd-4d04-8a6b-76f54f8c222d
gte-large,chrome,upper,44ee5668-ecd5-4366-a6ce-c1c9b8d4e938,0.991607,0.839387,0.15222,0.052257,44ee5668-ecd5-4366-a6ce-c1c9b8d4e938
gte-large,chrome,upper,47543840-672a-467d-80df-8f7c3b9788c9,0.993991,0.844826,0.149165,0.038725,47543840-672a-467d-80df-8f7c3b9788c9
gte-large,chrome,upper,480bcfea-d68f-4aaa-a0a9-2589ef319381,0.988679,0.853392,0.135287,0.077217,480bcfea-d68f-4aaa-a0a9-2589ef319381
gte-large,chrome,upper,59155008-fe71-45ec-8a8f-dc35497b6aa8,0.993583,0.766316,0.227267,0.027461,59155008-fe71-45ec-8a8f-dc35497b6aa8
gte-large,chrome,upper,6766f2b8-8a72-417f-a9e5-56fcaa735837,0.979452,0.853826,0.125627,0.140569,6766f2b8-8a72-417f-a9e5-56fcaa735837
gte-large,chrome,upper,6c4c23a1-42a4-43cc-9db1-2f86ff3738cc,0.992229,0.858975,0.133254,0.055102,6c4c23a1-42a4-43cc-9db1-2f86ff3738cc
gte-large,chrome,upper,7a5a7856-f1b6-42a4-ade9-1ca81ca0f263,0.988791,0.894061,0.09473,0.105806,7a5a7856-f1b6-42a4-ade9-1ca81ca0f263
gte-large,chrome,upper,7b6c7e24-c58a-49fc-a5bb-d57b80e5b4c3,0.973724,0.860027,0.113697,0.187723,7b6c7e24-c58a-49fc-a5bb-d57b80e5b4c3
gte-large,chrome,upper,7f52cab9-535c-4835-ac8c-391ee64dc930,0.99513,0.813521,0.181609,0.026113,7f52cab9-535c-4835-ac8c-391ee64dc930
gte-large,chrome,upper,82279c77-8fc6-46f6-9622-3ba96f61b477,0.983558,0.824687,0.158872,0.093784,82279c77-8fc6-46f6-9622-3ba96f61b477
gte-large,chrome,upper,82bc8d6a-36eb-4d2d-8801-ef714fb1e55a,0.99276,0.851366,0.141395,0.048708,82bc8d6a-36eb-4d2d-8801-ef714fb1e55a
gte-large,chrome,upper,93eabf48-6a27-4cb6-b963-7d5fe1e0d3a9,0.992796,0.8666,0.126196,0.054005,93eabf48-6a27-4cb6-b963-7d5fe1e0d3a9
gte-large,chrome,upper,9656a811-9b5b-4ddf-99c7-5117bcef0626,0.990969,0.885849,0.10512,0.079115,9656a811-9b5b-4ddf-99c7-5117bcef0626
gte-large,chrome,upper,99146c54-4f37-4ab8-9327-5f3291665e1e,0.992042,0.851199,0.140842,0.053483,99146c54-4f37-4ab8-9327-5f3291665e1e
gte-large,chrome,upper,9f3f70fc-5afc-4958-a7b7-3bb4fcb01805,0.993475,0.806964,0.186511,0.033804,9f3f70fc-5afc-4958-a7b7-3bb4fcb01805
gte-large,chrome,upper,9f935cce-0a9f-435f-8007-817732bfc0a5,0.980983,0.797808,0.183175,0.094054,9f935cce-0a9f-435f-8007-817732bfc0a5
gte-large,chrome,upper,a728a36e-8bf1-4bb6-9a03-ef039a5233f0,0.989267,0.79105,0.198217,0.051367,a728a36e-8bf1-4bb6-9a03-ef039a5233f0
gte-large,chrome,upper,a96b564e-dbe9-42c3-9ccf-b4498073438a,0.992167,0.825206,0.16696,0.044815,a96b564e-dbe9-42c3-9ccf-b4498073438a
gte-large,chrome,upper,ae78f875-5b98-4907-bbb5-9c737fc68c03,0.988756,0.831476,0.15728,0.06672,ae78f875-5b98-4907-bbb5-9c737fc68c03
gte-large,chrome,upper,af630914-714e-4a24-a7bb-f9af687d3b91,0.993425,0.855294,0.138131,0.045435,af630914-714e-4a24-a7bb-f9af687d3b91
gte-large,chrome,upper,b070486d-e161-459b-aa2b-ef442d973b92,0.995488,0.77607,0.219418,0.020148,b070486d-e161-459b-aa2b-ef442d973b92
gte-large,chrome,upper,b4f95342-463e-4179-8c3f-193cd7241fb2,0.993018,0.818276,0.174742,0.038422,b4f95342-463e-4179-8c3f-193cd7241fb2
gte-large,chrome,upper,b7895e80-f4d1-4648-bee0-4eb45a6f1fa8,0.991977,0.831422,0.160555,0.047592,b7895e80-f4d1-4648-bee0-4eb45a6f1fa8
gte-large,chrome,upper,bb5e4c0d-f964-439c-97b6-bdb9747de3f4,0.958002,0.821644,0.136358,0.235473,bb5e4c0d-f964-439c-97b6-bdb9747de3f4
gte-large,chrome,upper,c1fa57f3-c3db-4596-8f09-020701085416,0.994208,0.836261,0.157947,0.035376,c1fa57f3-c3db-4596-8f09-020701085416
gte-large,chrome,upper,cabb3bae-cccb-41bd-9f5d-0f3a9fecd825,0.994077,0.789767,0.20431,0.028174,cabb3bae-cccb-41bd-9f5d-0f3a9fecd825
gte-large,chrome,upper,da46d875-6b82-4681-9284-653b0c7ae241,0.995542,0.814767,0.180775,0.024067,da46d875-6b82-4681-9284-653b0c7ae241
gte-large,chrome,upper,e1e75309-3ddb-4d09-92ec-de869c928143,0.98699,0.845513,0.141477,0.084216,e1e75309-3ddb-4d09-92ec-de869c928143
gte-large,chrome,upper,f0b971a1-6831-4b9b-a50e-22a6e47f45ba,0.997416,0.787147,0.21027,0.012139,f0b971a1-6831-4b9b-a50e-22a6e47f45ba
gte-large,chrome,upper,f3b19d1e-2d48-44e9-b4e1-defcae1a0197,0.98672,0.822558,0.164162,0.07484,f3b19d1e-2d48-44e9-b4e1-defcae1a0197
gte-large,chrome,upper,f5d96daf-83a8-4c86-9686-bada31fc66ab,0.994664,0.743815,0.250849,0.020831,f5d96daf-83a8-4c86-9686-bada31fc66ab
gte-large,chrome,upper,f79439ad-3ee8-4f99-a518-0eb60e5652b0,0.99329,0.855293,0.137997,0.046368,f79439ad-3ee8-4f99-a518-0eb60e5652b0
gte-large,chrome,upper,fc6d8143-9452-4171-9459-7f515143419a,0.994851,0.867025,0.127826,0.038725,fc6d8143-9452-4171-9459-7f515143419a
gte-large,gimp,verdict,gimp_brighten_photo,0.943234,0.919905,0.023329,0.708728,7a4deb26-d57d-4ea9-9a73-630f66a7b568
gte-large,gimp,verdict,gimp_convert_webp,0.853706,0.850576,0.00313,0.979055,5ca86c6f-f317-49d8-b6a7-b527541caae8
gte-large,gimp,verdict,gimp_export_output_png,0.946432,0.860856,0.085576,0.384981,77b8ab4d-994f-43ac-8930-8ca087d7c4b4
gte-large,gimp,verdict,gimp_flip_vertical,0.909184,0.816871,0.092313,0.495913,72f83cdc-bf76-4531-9a1b-eb893a13f8aa
gte-large,gimp,verdict,gimp_gaussian_blur_dialog,0.893588,0.839717,0.053871,0.663901,a746add2-cab0-4740-ac36-c3769d9bfb46
gte-large,gimp,verdict,gimp_grayscale_mode,0.893968,0.863558,0.03041,0.77712,06ca5602-62ca-47f6-ad4f-da151cde54cc
gte-large,gimp,verdict,gimp_hide_right_docks,0.910134,0.845731,0.064403,0.582529,d52d6308-ec58-42b7-a2c9-de80e4837b2b
gte-large,gimp,verdict,gimp_icon_theme_legacy,0.901978,0.871405,0.030573,0.76225,7767eef2-56a3-4cea-8c9f-48c070c7d65b
gte-large,gimp,verdict,gimp_indexed_color_mode,0.903516,0.880849,0.022667,0.809765,045bf3ff-9077-4b86-b483-a1040a949cff
gte-large,gimp,verdict,gimp_lower_contrast,0.904335,0.899791,0.004544,0.954656,f723c744-e62c-4ae6-98d1-750d3cd7d79d
gte-large,gimp,verdict,gimp_moon_top_left,0.904657,0.846656,0.058001,0.62176,f4aec372-4fb0-4df5-a52b-79e0e2a5d6ce
gte-large,gimp,verdict,gimp_new_layer_name,0.91203,0.813275,0.098756,0.471119,b148e375-fe0b-4bec-90e7-38632b0d73c2
gte-large,gimp,verdict,gimp_red_background_layer,0.888575,0.846072,0.042502,0.723881,734d6579-c07d-47a8-9ae2-13339795476b
gte-large,gimp,verdict,gimp_reduce_saturation,0.914354,0.908259,0.006095,0.93356,7a4deb26-d57d-4ea9-9a73-630f66a7b568
gte-large,gimp,verdict,gimp_resize_layer_256,0.911404,0.845765,0.065639,0.574424,d16c99dc-2a1e-46f2-b350-d97c86c85c15
gte-large,gimp,verdict,gimp_text_box_right,0.929312,0.834774,0.094538,0.427825,e2dd0213-26db-4349-abe5-d5667bfd725c
gte-large,gimp,verdict,gimp_undo_levels_50,0.918438,0.858226,0.060212,0.575298,7b7617bd-57cc-468e-9c91-40c4ec2bcb3d
gte-large,gimp,verdict,gimp_white_background,0.887438,0.870195,0.017244,0.867157,2a729ded-3296-423d-aec4-7dd55ed5fbb3
gte-large,gimp,lower,045bf3ff-9077-4b86-b483-a1040a949cff,0.872645,0.87094,0.001705,0.986791,62f7fd55-0687-4a43-b6e1-3eda16fc6252
gte-large,gimp,lower,06ca5602-62ca-47f6-ad4f-da151cde54cc,0.880357,0.873496,0.006861,0.945767,7767eef2-56a3-4cea-8c9f-48c070c7d65b
gte-large,gimp,lower,2a729ded-3296-423d-aec4-7dd55ed5fbb3,0.858012,0.848258,0.009754,0.935721,06ca5602-62ca-47f6-ad4f-da151cde54cc
gte-large,gimp,lower,2e6f678f-472d-4c55-99cc-8e7c5c402a71,0.901503,0.884427,0.017076,0.852251,e19bd559-633b-4b02-940f-d946248f088e
gte-large,gimp,lower,38f48d40-764e-4e77-a7cf-51dfce880291,0.84155,0.831682,0.009869,0.941369,d52d6308-ec58-42b7-a2c9-de80e4837b2b
gte-large,gimp,lower,554785e9-4523-4e7a-b8e1-8016f565f56a,0.896927,0.88969,0.007237,0.934391,f723c744-e62c-4ae6-98d1-750d3cd7d79d
gte-large,gimp,lower,58d3eeeb-e9d0-499f-962e-fd0db2a744d8,0.79753,0.787331,0.010199,0.952041,a746add2-cab0-4740-ac36-c3769d9bfb46
gte-large,gimp,lower,5ca86c6f-f317-49d8-b6a7-b527541caae8,0.89096,0.84589,0.04507,0.70755,62f7fd55-0687-4a43-b6e1-3eda16fc6252
gte-large,gimp,lower,62f7fd55-0687-4a43-b6e1-3eda16fc6252,0.89096,0.872645,0.018315,0.85619,5ca86c6f-f317-49d8-b6a7-b527541caae8
gte-large,gimp,lower,72f83cdc-bf76-4531-9a1b-eb893a13f8aa,0.834774,0.82058,0.014194,0.920889,f4aec372-4fb0-4df5-a52b-79e0e2a5d6ce
gte-large,gimp,lower,734d6579-c07d-47a8-9ae2-13339795476b,0.848258,0.839903,0.008355,0.947811,2a729ded-3296-423d-aec4-7dd55ed5fbb3
gte-large,gimp,lower,7767eef2-56a3-4cea-8c9f-48c070c7d65b,0.930389,0.884427,0.045962,0.602314,fbb548ca-c2a6-4601-9204-e39a2efc507b
gte-large,gimp,lower,77b8ab4d-994f-43ac-8930-8ca087d7c4b4,0.854563,0.848445,0.006118,0.959631,62f7fd55-0687-4a43-b6e1-3eda16fc6252
gte-large,gimp,lower,7a4deb26-d57d-4ea9-9a73-630f66a7b568,0.970545,0.88969,0.080855,0.267024,e19bd559-633b-4b02-940f-d946248f088e
gte-large,gimp,lower,7b7617bd-57cc-468e-9c91-40c4ec2bcb3d,0.811341,0.770931,0.04041,0.823591,2e6f678f-472d-4c55-99cc-8e7c5c402a71
gte-large,gimp,lower,8ea73f6f-9689-42ad-8c60-195bbf06a7ba,0.850128,0.849463,0.000665,0.995584,f723c744-e62c-4ae6-98d1-750d3cd7d79d
gte-large,gimp,lower,a746add2-cab0-4740-ac36-c3769d9bfb46,0.82905,0.823217,0.005834,0.967,06ca5602-62ca-47f6-ad4f-da151cde54cc
gte-large,gimp,lower,b148e375-fe0b-4bec-90e7-38632b0d73c2,0.840758,0.839903,0.000856,0.994656,06ca5602-62ca-47f6-ad4f-da151cde54cc
gte-large,gimp,lower,d16c99dc-2a1e-46f2-b350-d97c86c85c15,0.845057,0.828693,0.016364,0.904477,8ea73f6f-9689-42ad-8c60-195bbf06a7ba
gte-large,gimp,lower,d52d6308-ec58-42b7-a2c9-de80e4837b2b,0.86057,0.842266,0.018304,0.883955,e2dd0213-26db-4349-abe5-d5667bfd725c
gte-large,gimp,lower,dbbf4b99-2253-4b10-9274-45f246af2466,0.870822,0.867246,0.003576,0.973064,045bf3ff-9077-4b86-b483-a1040a949cff
gte-large,gimp,lower,e19bd559-633b-4b02-940f-d946248f088e,0.970545,0.901503,0.069041,0.299049,7a4deb26-d57d-4ea9-9a73-630f66a7b568
gte-large,gimp,lower,e2dd0213-26db-4349-abe5-d5667bfd725c,0.86057,0.820086,0.040484,0.774981,d52d6308-ec58-42b7-a2c9-de80e4837b2b
gte-large,gimp,lower,f4aec372-4fb0-4df5-a52b-79e0e2a5d6ce,0.839759,0.834774,0.004986,0.969825,06ca5602-62ca-47f6-ad4f-da151cde54cc
gte-large,gimp,lower,f723c744-e62c-4ae6-98d1-750d3cd7d79d,0.896927,0.88056,0.016367,0.862965,554785e9-4523-4e7a-b8e1-8016f565f56a
gte-large,gimp,lower,fbb548ca-c2a6-4601-9204-e39a2efc507b,0.930389,0.873496,0.056893,0.550268,7767eef2-56a3-4cea-8c9f-48c070c7d65b
gte-large,gimp,cross_floor,045bf3ff-9077-4b86-b483-a1040a949cff,0.826246,0.825457,0.000789,0.99548,fba2c100-79e8-42df-ae74-b592418d54f4
gte-large,gimp,cross_floor,06ca5602-62ca-47f6-ad4f-da151cde54cc,0.843892,0.824551,0.019341,0.889764,cb130f0d-d36f-4302-9838-b3baf46139b6
gte-large,gimp,cross_floor,2a729ded-3296-423d-aec4-7dd55ed5fbb3,0.859502,0.813877,0.045625,0.754866,efcf0d81-0835-4880-b2fd-d866e8bc2294
gte-large,gimp,cross_floor,2e6f678f-472d-4c55-99cc-8e7c5c402a71,0.854937,0.838795,0.016142,0.899865,cb130f0d-d36f-4302-9838-b3baf46139b6
gte-large,gimp,cross_floor,38f48d40-764e-4e77-a7cf-51dfce880291,0.861456,0.85654,0.004916,0.965735,efcf0d81-0835-4880-b2fd-d866e8bc2294
gte-large,gimp,cross_floor,554785e9-4523-4e7a-b8e1-8016f565f56a,0.82445,0.791677,0.032773,0.84268,cb130f0d-d36f-4302-9838-b3baf46139b6
gte-large,gimp,cross_floor,58d3eeeb-e9d0-499f-962e-fd0db2a744d8,0.803913,0.793513,0.0104,0.949636,3720f614-37fd-4d04-8a6b-76f54f8c222d
gte-large,gimp,cross_floor,5ca86c6f-f317-49d8-b6a7-b527541caae8,0.816939,0.812357,0.004581,0.975585,fba2c100-79e8-42df-ae74-b592418d54f4
gte-large,gimp,cross_floor,62f7fd55-0687-4a43-b6e1-3eda16fc6252,0.816517,0.813248,0.003269,0.982494,fba2c100-79e8-42df-ae74-b592418d54f4
gte-large,gimp,cross_floor,72f83cdc-bf76-4531-9a1b-eb893a13f8aa,0.814194,0.803793,0.010401,0.94699,aa4b5023-aef6-4ed9-bdc9-705f59ab9ad6
gte-large,gimp,cross_floor,734d6579-c07d-47a8-9ae2-13339795476b,0.819492,0.788946,0.030547,0.855266,efcf0d81-0835-4880-b2fd-d866e8bc2294
gte-large,gimp,cross_floor,7767eef2-56a3-4cea-8c9f-48c070c7d65b,0.837773,0.829731,0.008042,0.95277,93eabf48-6a27-4cb6-b963-7d5fe1e0d3a9
gte-large,gimp,cross_floor,77b8ab4d-994f-43ac-8930-8ca087d7c4b4,0.849443,0.843513,0.00593,0.962105,fba2c100-79e8-42df-ae74-b592418d54f4
gte-large,gimp,cross_floor,7a4deb26-d57d-4ea9-9a73-630f66a7b568,0.840267,0.819049,0.021218,0.882743,cb130f0d-d36f-4302-9838-b3baf46139b6
gte-large,gimp,cross_floor,7b7617bd-57cc-468e-9c91-40c4ec2bcb3d,0.792194,0.788661,0.003532,0.983286,ae78f875-5b98-4907-bbb5-9c737fc68c03
gte-large,gimp,cross_floor,8ea73f6f-9689-42ad-8c60-195bbf06a7ba,0.813993,0.80397,0.010023,0.948868,fba2c100-79e8-42df-ae74-b592418d54f4
gte-large,gimp,cross_floor,a746add2-cab0-4740-ac36-c3769d9bfb46,0.82711,0.825266,0.001843,0.989451,fba2c100-79e8-42df-ae74-b592418d54f4
gte-large,gimp,cross_floor,b148e375-fe0b-4bec-90e7-38632b0d73c2,0.796457,0.791071,0.005385,0.974225,efcf0d81-0835-4880-b2fd-d866e8bc2294
gte-large,gimp,cross_floor,d16c99dc-2a1e-46f2-b350-d97c86c85c15,0.806073,0.801073,0.005,0.974865,efcf0d81-0835-4880-b2fd-d866e8bc2294
gte-large,gimp,cross_floor,d52d6308-ec58-42b7-a2c9-de80e4837b2b,0.826149,0.811609,0.01454,0.922819,215dfd39-f493-4bc3-a027-8a97d72c61bf
gte-large,gimp,cross_floor,dbbf4b99-2253-4b10-9274-45f246af2466,0.821206,0.81436,0.006846,0.963123,fba2c100-79e8-42df-ae74-b592418d54f4
gte-large,gimp,cross_floor,e19bd559-633b-4b02-940f-d946248f088e,0.84415,0.830088,0.014063,0.917236,cb130f0d-d36f-4302-9838-b3baf46139b6
gte-large,gimp,cross_floor,e2dd0213-26db-4349-abe5-d5667bfd725c,0.806901,0.803075,0.003826,0.980571,efcf0d81-0835-4880-b2fd-d866e8bc2294
gte-large,gimp,cross_floor,f4aec372-4fb0-4df5-a52b-79e0e2a5d6ce,0.81323,0.800564,0.012666,0.936493,efcf0d81-0835-4880-b2fd-d866e8bc2294
gte-large,gimp,cross_floor,f723c744-e62c-4ae6-98d1-750d3cd7d79d,0.856411,0.81674,0.03967,0.783529,cb130f0d-d36f-4302-9838-b3baf46139b6
gte-large,gimp,cross_floor,fbb548ca-c2a6-4601-9204-e39a2efc507b,0.809653,0.806688,0.002965,0.984664,fba2c100-79e8-42df-ae74-b592418d54f4
gte-large,gimp,upper,045bf3ff-9077-4b86-b483-a1040a949cff,0.989621,0.885838,0.103783,0.090917,045bf3ff-9077-4b86-b483-a1040a949cff
gte-large,gimp,upper,06ca5602-62ca-47f6-ad4f-da151cde54cc,0.963526,0.88337,0.080157,0.312729,06ca5602-62ca-47f6-ad4f-da151cde54cc
gte-large,gimp,upper,2a729ded-3296-423d-aec4-7dd55ed5fbb3,0.958768,0.858984,0.099785,0.292389,2a729ded-3296-423d-aec4-7dd55ed5fbb3
gte-large,gimp,upper,2e6f678f-472d-4c55-99cc-8e7c5c402a71,0.990788,0.902611,0.088177,0.094593,2e6f678f-472d-4c55-99cc-8e7c5c402a71
gte-large,gimp,upper,38f48d40-764e-4e77-a7cf-51dfce880291,0.99383,0.831185,0.162645,0.036551,38f48d40-764e-4e77-a7cf-51dfce880291
gte-large,gimp,upper,554785e9-4523-4e7a-b8e1-8016f565f56a,0.987059,0.899791,0.087268,0.129136,554785e9-4523-4e7a-b8e1-8016f565f56a
gte-large,gimp,upper,58d3eeeb-e9d0-499f-962e-fd0db2a744d8,0.996759,0.784735,0.212024,0.015057,58d3eeeb-e9d0-499f-962e-fd0db2a744d8
gte-large,gimp,upper,5ca86c6f-f317-49d8-b6a7-b527541caae8,0.996774,0.892271,0.104503,0.029942,5ca86c6f-f317-49d8-b6a7-b527541caae8
gte-large,gimp,upper,62f7fd55-0687-4a43-b6e1-3eda16fc6252,0.9957,0.889975,0.105725,0.039082,62f7fd55-0687-4a43-b6e1-3eda16fc6252
gte-large,gimp,upper,72f83cdc-bf76-4531-9a1b-eb893a13f8aa,0.981598,0.836151,0.145447,0.11231,72f83cdc-bf76-4531-9a1b-eb893a13f8aa
gte-large,gimp,upper,734d6579-c07d-47a8-9ae2-13339795476b,0.995029,0.851027,0.144002,0.033366,734d6579-c07d-47a8-9ae2-13339795476b
gte-large,gimp,upper,7767eef2-56a3-4cea-8c9f-48c070c7d65b,0.988809,0.924686,0.064123,0.148595,7767eef2-56a3-4cea-8c9f-48c070c7d65b
gte-large,gimp,upper,77b8ab4d-994f-43ac-8930-8ca087d7c4b4,0.991702,0.854159,0.137543,0.056898,77b8ab4d-994f-43ac-8930-8ca087d7c4b4
gte-large,gimp,upper,7a4deb26-d57d-4ea9-9a73-630f66a7b568,0.984585,0.963885,0.0207,0.426836,7a4deb26-d57d-4ea9-9a73-630f66a7b568
gte-large,gimp,upper,7b7617bd-57cc-468e-9c91-40c4ec2bcb3d,0.981511,0.836174,0.145337,0.112857,7b7617bd-57cc-468e-9c91-40c4ec2bcb3d
gte-large,gimp,upper,8ea73f6f-9689-42ad-8c60-195bbf06a7ba,0.978311,0.853719,0.124592,0.148269,8ea73f6f-9689-42ad-8c60-195bbf06a7ba
gte-large,gimp,upper,a746add2-cab0-4740-ac36-c3769d9bfb46,0.987685,0.827665,0.160019,0.071462,a746add2-cab0-4740-ac36-c3769d9bfb46
gte-large,gimp,upper,b148e375-fe0b-4bec-90e7-38632b0d73c2,0.987849,0.842685,0.145164,0.077243,b148e375-fe0b-4bec-90e7-38632b0d73c2
gte-large,gimp,upper,d16c99dc-2a1e-46f2-b350-d97c86c85c15,0.993697,0.848612,0.145084,0.041638,d16c99dc-2a1e-46f2-b350-d97c86c85c15
gte-large,gimp,upper,d52d6308-ec58-42b7-a2c9-de80e4837b2b,0.984558,0.863572,0.120986,0.11319,d52d6308-ec58-42b7-a2c9-de80e4837b2b
gte-large,gimp,upper,dbbf4b99-2253-4b10-9274-45f246af2466,0.977029,0.864989,0.112041,0.170139,dbbf4b99-2253-4b10-9274-45f246af2466
gte-large,gimp,upper,e19bd559-633b-4b02-940f-d946248f088e,0.984352,0.948419,0.035933,0.303371,e19bd559-633b-4b02-940f-d946248f088e
gte-large,gimp,upper,e2dd0213-26db-4349-abe5-d5667bfd725c,0.991637,0.867411,0.124225,0.063078,e2dd0213-26db-4349-abe5-d5667bfd725c
gte-large,gimp,upper,f4aec372-4fb0-4df5-a52b-79e0e2a5d6ce,0.974444,0.848816,0.125628,0.169039,f4aec372-4fb0-4df5-a52b-79e0e2a5d6ce
gte-large,gimp,upper,f723c744-e62c-4ae6-98d1-750d3cd7d79d,0.986176,0.894629,0.091547,0.131194,f723c744-e62c-4ae6-98d1-750d3cd7d79d
gte-large,gimp,upper,fbb548ca-c2a6-4601-9204-e39a2efc507b,0.991807,0.927941,0.063866,0.113697,fbb548ca-c2a6-4601-9204-e39a2efc507b
gte-large,vlc,verdict,vlc_always_start_fullscreen,0.91597,0.889599,0.026371,0.761134,8d9fd4e2-6fdb-46b0-b9b9-02f06495c62f
gte-large,vlc,verdict,vlc_bgcone_expand,0.838756,0.830464,0.008292,0.951087,efcf0d81-0835-4880-b2fd-d866e8bc2294
gte-large,vlc,verdict,vlc_extract_song_wav,0.884436,0.883026,0.00141,0.987946,59f21cfb-0120-4326-b255-a5b827b38967
gte-large,vlc,verdict,vlc_global_volume_hotkey,0.839301,0.833826,0.005475,0.96705,386dbd0e-0241-4a0a-b6a2-6704fba26b1c
gte-large,vlc,verdict,vlc_hide_title_filename,0.909353,0.880634,0.028719,0.759406,a5bbbcd5-b398-4c91-83d4-55e1e31bbb81
gte-large,vlc,verdict,vlc_loop_current_video,0.894015,0.885144,0.008871,0.922764,5ac2891a-eacd-4954-b339-98abba077adb
gte-large,vlc,verdict,vlc_loop_music_video,0.882837,0.879537,0.0033,0.972608,efcf0d81-0835-4880-b2fd-d866e8bc2294
gte-large,vlc,verdict,vlc_max_volume_150,0.91278,0.851322,0.061458,0.586636,9195653c-f4aa-453d-aa95-787f6ccfaae9
gte-large,vlc,verdict,vlc_recordings_folder_videos,0.896377,0.862201,0.034176,0.751985,8ba5ae7a-5ae5-4eab-9fcc-5dd4fe3abf89
gte-large,vlc,verdict,vlc_rotate_video_clockwise,0.889672,0.865702,0.02397,0.821519,aa4b5023-aef6-4ed9-bdc9-705f59ab9ad6
gte-large,vlc,verdict,vlc_single_instance_reuse,0.898506,0.870869,0.027637,0.785974,f3977615-2b45-4ac5-8bba-80c17dbe2a37
gte-large,vlc,verdict,vlc_slider_color_red,0.922577,0.8278,0.094776,0.449614,d06f0d4d-2cd5-4ede-8de9-598629438c6e
gte-large,vlc,verdict,vlc_snap_scene_jpg,0.899274,0.868437,0.030836,0.765614,fba2c100-79e8-42df-ae74-b592418d54f4
gte-large,vlc,verdict,vlc_stream_url,0.896418,0.841933,0.054485,0.655306,bba3381f-b5eb-4439-bd9e-80c22218d5a7
gte-large,vlc,verdict,vlc_wallpaper_fit_screen,0.892035,0.872153,0.019882,0.844486,efcf0d81-0835-4880-b2fd-d866e8bc2294
gte-large,vlc,lower,215dfd39-f493-4bc3-a027-8a97d72c61bf,0.817316,0.807044,0.010272,0.946764,a5bbbcd5-b398-4c91-83d4-55e1e31bbb81
gte-large,vlc,lower,386dbd0e-0241-4a0a-b6a2-6704fba26b1c,0.877324,0.862755,0.014569,0.893849,a5bbbcd5-b398-4c91-83d4-55e1e31bbb81
gte-large,vlc,lower,59f21cfb-0120-4326-b255-a5b827b38967,0.886096,0.880012,0.006084,0.949291,8f080098-ddb1-424c-b438-4e96e5e4786e
gte-large,vlc,lower,5ac2891a-eacd-4954-b339-98abba077adb,0.884665,0.862755,0.02191,0.840359,a5bbbcd5-b398-4c91-83d4-55e1e31bbb81
gte-large,vlc,lower,7882ed6e-bece-4bf0-bada-c32dc1ddae72,0.809721,0.803192,0.006529,0.966825,f3977615-2b45-4ac5-8bba-80c17dbe2a37
gte-large,vlc,lower,8ba5ae7a-5ae5-4eab-9fcc-5dd4fe3abf89,0.836746,0.818941,0.017805,0.901662,aa4b5023-aef6-4ed9-bdc9-705f59ab9ad6
gte-large,vlc,lower,8d9fd4e2-6fdb-46b0-b9b9-02f06495c62f,0.865064,0.864664,0.0004,0.997048,a5bbbcd5-b398-4c91-83d4-55e1e31bbb81
gte-large,vlc,lower,8f080098-ddb1-424c-b438-4e96e5e4786e,0.886096,0.841096,0.045,0.716808,59f21cfb-0120-4326-b255-a5b827b38967
gte-large,vlc,lower,9195653c-f4aa-453d-aa95-787f6ccfaae9,0.864664,0.836479,0.028185,0.827637,8d9fd4e2-6fdb-46b0-b9b9-02f06495c62f
gte-large,vlc,lower,a5bbbcd5-b398-4c91-83d4-55e1e31bbb81,0.884665,0.877323,0.007341,0.940157,5ac2891a-eacd-4954-b339-98abba077adb
gte-large,vlc,lower,aa4b5023-aef6-4ed9-bdc9-705f59ab9ad6,0.880012,0.871813,0.008199,0.936039,59f21cfb-0120-4326-b255-a5b827b38967
gte-large,vlc,lower,bba3381f-b5eb-4439-bd9e-80c22218d5a7,0.85014,0.832091,0.01805,0.892503,59f21cfb-0120-4326-b255-a5b827b38967
gte-large,vlc,lower,cb130f0d-d36f-4302-9838-b3baf46139b6,0.86349,0.831457,0.032033,0.809943,efcf0d81-0835-4880-b2fd-d866e8bc2294
gte-large,vlc,lower,d06f0d4d-2cd5-4ede-8de9-598629438c6e,0.810633,0.807044,0.003589,0.981401,9195653c-f4aa-453d-aa95-787f6ccfaae9
gte-large,vlc,lower,efcf0d81-0835-4880-b2fd-d866e8bc2294,0.886392,0.871813,0.014579,0.886269,fba2c100-79e8-42df-ae74-b592418d54f4
gte-large,vlc,lower,f3977615-2b45-4ac5-8bba-80c17dbe2a37,0.863865,0.85617,0.007695,0.946502,a5bbbcd5-b398-4c91-83d4-55e1e31bbb81
gte-large,vlc,lower,fba2c100-79e8-42df-ae74-b592418d54f4,0.886392,0.858951,0.02744,0.805454,efcf0d81-0835-4880-b2fd-d866e8bc2294
gte-large,vlc,cross_floor,215dfd39-f493-4bc3-a027-8a97d72c61bf,0.84467,0.8256,0.01907,0.890652,480bcfea-d68f-4aaa-a0a9-2589ef319381
gte-large,vlc,cross_floor,386dbd0e-0241-4a0a-b6a2-6704fba26b1c,0.782612,0.778736,0.003876,0.982482,35253b65-1c19-4304-8aa4-6884b8218fc0
gte-large,vlc,cross_floor,59f21cfb-0120-4326-b255-a5b827b38967,0.82553,0.809591,0.015939,0.916291,38f48d40-764e-4e77-a7cf-51dfce880291
gte-large,vlc,cross_floor,5ac2891a-eacd-4954-b339-98abba077adb,0.818829,0.813952,0.004876,0.973791,38f48d40-764e-4e77-a7cf-51dfce880291
gte-large,vlc,cross_floor,7882ed6e-bece-4bf0-bada-c32dc1ddae72,0.778991,0.760252,0.018739,0.921838,121ba48f-9e17-48ce-9bc6-a4fb17a7ebba
gte-large,vlc,cross_floor,8ba5ae7a-5ae5-4eab-9fcc-5dd4fe3abf89,0.840858,0.820926,0.019932,0.888692,77b8ab4d-994f-43ac-8930-8ca087d7c4b4
gte-large,vlc,cross_floor,8d9fd4e2-6fdb-46b0-b9b9-02f06495c62f,0.816224,0.798075,0.018149,0.91012,38f48d40-764e-4e77-a7cf-51dfce880291
gte-large,vlc,cross_floor,8f080098-ddb1-424c-b438-4e96e5e4786e,0.819349,0.807012,0.012338,0.93607,77b8ab4d-994f-43ac-8930-8ca087d7c4b4
gte-large,vlc,cross_floor,9195653c-f4aa-453d-aa95-787f6ccfaae9,0.803675,0.792145,0.01153,0.944528,8ea73f6f-9689-42ad-8c60-195bbf06a7ba
gte-large,vlc,cross_floor,a5bbbcd5-b398-4c91-83d4-55e1e31bbb81,0.821465,0.815617,0.005849,0.968279,a746add2-cab0-4740-ac36-c3769d9bfb46
gte-large,vlc,cross_floor,aa4b5023-aef6-4ed9-bdc9-705f59ab9ad6,0.856543,0.83335,0.023193,0.860831,38f48d40-764e-4e77-a7cf-51dfce880291
gte-large,vlc,cross_floor,bba3381f-b5eb-4439-bd9e-80c22218d5a7,0.803894,0.794941,0.008953,0.95634,38f48d40-764e-4e77-a7cf-51dfce880291
gte-large,vlc,cross_floor,cb130f0d-d36f-4302-9838-b3baf46139b6,0.856411,0.854937,0.001473,0.989844,f723c744-e62c-4ae6-98d1-750d3cd7d79d
gte-large,vlc,cross_floor,d06f0d4d-2cd5-4ede-8de9-598629438c6e,0.822376,0.806705,0.015671,0.918926,7767eef2-56a3-4cea-8c9f-48c070c7d65b
gte-large,vlc,cross_floor,efcf0d81-0835-4880-b2fd-d866e8bc2294,0.861468,0.859502,0.001966,0.986009,38f48d40-764e-4e77-a7cf-51dfce880291
gte-large,vlc,cross_floor,f3977615-2b45-4ac5-8bba-80c17dbe2a37,0.774537,0.764022,0.010515,0.955441,38f48d40-764e-4e77-a7cf-51dfce880291
gte-large,vlc,cross_floor,fba2c100-79e8-42df-ae74-b592418d54f4,0.849443,0.835433,0.014009,0.914872,77b8ab4d-994f-43ac-8930-8ca087d7c4b4
gte-large,vlc,upper,215dfd39-f493-4bc3-a027-8a97d72c61bf,0.993033,0.809976,0.183057,0.036665,215dfd39-f493-4bc3-a027-8a97d72c61bf
gte-large,vlc,upper,386dbd0e-0241-4a0a-b6a2-6704fba26b1c,0.994464,0.883045,0.111419,0.047334,386dbd0e-0241-4a0a-b6a2-6704fba26b1c
gte-large,vlc,upper,59f21cfb-0120-4326-b255-a5b827b38967,0.994039,0.885629,0.10841,0.05212,59f21cfb-0120-4326-b255-a5b827b38967
gte-large,vlc,upper,5ac2891a-eacd-4954-b339-98abba077adb,0.991872,0.883022,0.10885,0.069484,5ac2891a-eacd-4954-b339-98abba077adb
gte-large,vlc,upper,7882ed6e-bece-4bf0-bada-c32dc1ddae72,0.996931,0.815639,0.181292,0.016647,7882ed6e-bece-4bf0-bada-c32dc1ddae72
gte-large,vlc,upper,8ba5ae7a-5ae5-4eab-9fcc-5dd4fe3abf89,0.980083,0.839482,0.140601,0.124079,8ba5ae7a-5ae5-4eab-9fcc-5dd4fe3abf89
gte-large,vlc,upper,8d9fd4e2-6fdb-46b0-b9b9-02f06495c62f,0.994372,0.865277,0.129095,0.041774,8d9fd4e2-6fdb-46b0-b9b9-02f06495c62f
gte-large,vlc,upper,8f080098-ddb1-424c-b438-4e96e5e4786e,0.977229,0.896682,0.080547,0.220396,8f080098-ddb1-424c-b438-4e96e5e4786e
gte-large,vlc,upper,9195653c-f4aa-453d-aa95-787f6ccfaae9,0.995342,0.871355,0.123987,0.036207,9195653c-f4aa-453d-aa95-787f6ccfaae9
gte-large,vlc,upper,a5bbbcd5-b398-4c91-83d4-55e1e31bbb81,0.994966,0.884738,0.110228,0.043675,a5bbbcd5-b398-4c91-83d4-55e1e31bbb81
gte-large,vlc,upper,aa4b5023-aef6-4ed9-bdc9-705f59ab9ad6,0.989342,0.872144,0.117198,0.083357,aa4b5023-aef6-4ed9-bdc9-705f59ab9ad6
gte-large,vlc,upper,bba3381f-b5eb-4439-bd9e-80c22218d5a7,0.985981,0.846502,0.139479,0.091332,bba3381f-b5eb-4439-bd9e-80c22218d5a7
gte-large,vlc,upper,cb130f0d-d36f-4302-9838-b3baf46139b6,0.99709,0.866283,0.130807,0.021763,cb130f0d-d36f-4302-9838-b3baf46139b6
gte-large,vlc,upper,d06f0d4d-2cd5-4ede-8de9-598629438c6e,0.993237,0.811888,0.181349,0.035954,d06f0d4d-2cd5-4ede-8de9-598629438c6e
gte-large,vlc,upper,efcf0d81-0835-4880-b2fd-d866e8bc2294,0.986367,0.876949,0.109419,0.110788,efcf0d81-0835-4880-b2fd-d866e8bc2294
gte-large,vlc,upper,f3977615-2b45-4ac5-8bba-80c17dbe2a37,0.993052,0.867157,0.125895,0.052302,f3977615-2b45-4ac5-8bba-80c17dbe2a37
gte-large,vlc,upper,fba2c100-79e8-42df-ae74-b592418d54f4,0.99043,0.880859,0.109571,0.080329,fba2c100-79e8-42df-ae74-b592418d54f4
