model,domain,dataset,left_id,top1,top2,gap,ratio,top1_right_id
bge-large-en-v1.5,chrome,verdict,altdate_cheapest,0.619332,0.6146,0.004732,0.987722,f79439ad-3ee8-4f99-a518-0eb60e5652b0
bge-large-en-v1.5,chrome,verdict,attraction_view_london_eye,0.585185,0.571165,0.01402,0.967306,f3b19d1e-2d48-44e9-b4e1-defcae1a0197
bge-large-en-v1.5,chrome,verdict,car_electric_fuel,0.688865,0.662537,0.026328,0.921982,82279c77-8fc6-46f6-9622-3ba96f61b477
bge-large-en-v1.5,chrome,verdict,car_large_price_sort,0.73503,0.665233,0.069797,0.791506,1704f00f-79e6-43a7-961b-cedd3724d5fd
bge-large-en-v1.5,chrome,verdict,car_rating_sort,0.682302,0.645948,0.036354,0.89732,1704f00f-79e6-43a7-961b-cedd3724d5fd
bge-large-en-v1.5,chrome,verdict,checkout_fill_email_stop,0.611396,0.606412,0.004984,0.987336,6c4c23a1-42a4-43cc-9db1-2f86ff3738cc
bge-large-en-v1.5,chrome,verdict,currency_switch_eur,0.638642,0.638596,4.6e-05,0.999872,c1fa57f3-c3db-4596-8f09-020701085416
bge-large-en-v1.5,chrome,verdict,flight_business_cabin,0.686167,0.669578,0.016589,0.949796,6c4c23a1-42a4-43cc-9db1-2f86ff3738cc
bge-large-en-v1.5,chrome,verdict,flight_oneway_2adults,0.767855,0.62826,0.139595,0.624482,f79439ad-3ee8-4f99-a518-0eb60e5652b0
bge-large-en-v1.5,chrome,verdict,flight_route_date_tomorrow,0.754819,0.638211,0.116608,0.67769,fc6d8143-9452-4171-9459-7f515143419a
bge-large-en-v1.5,chrome,verdict,flight_route_next_monday,0.804721,0.760549,0.044172,0.815528,82bc8d6a-36eb-4d2d-8801-ef714fb1e55a
bge-large-en-v1.5,chrome,verdict,geo_hierarchy_italy_rome,0.611459,0.555605,0.055853,0.874316,b7895e80-f4d1-4648-bee0-4eb45a6f1fa8
bge-large-en-v1.5,chrome,verdict,geo_hierarchy_spain_madrid,0.602865,0.598929,0.003936,0.990186,f79439ad-3ee8-4f99-a518-0eb60e5652b0
bge-large-en-v1.5,chrome,verdict,help_category_manage_booking,0.673186,0.668478,0.004708,0.985799,f3b19d1e-2d48-44e9-b4e1-defcae1a0197
bge-large-en-v1.5,chrome,verdict,help_search_cancel,0.662911,0.610364,0.052546,0.86514,f3b19d1e-2d48-44e9-b4e1-defcae1a0197
bge-large-en-v1.5,chrome,verdict,help_search_refund,0.622649,0.582141,0.040508,0.903058,f3b19d1e-2d48-44e9-b4e1-defcae1a0197
bge-large-en-v1.5,chrome,verdict,hotel_multi_filter_genius_review,0.560026,0.529243,0.030783,0.934609,b7895e80-f4d1-4648-bee0-4eb45a6f1fa8
bge-large-en-v1.5,chrome,verdict,hotel_open_detail,0.633641,0.619568,0.014073,0.963008,b7895e80-f4d1-4648-bee0-4eb45a6f1fa8
bge-large-en-v1.5,chrome,verdict,hotel_price_sort,0.846614,0.580153,0.266461,0.365337,b7895e80-f4d1-4648-bee0-4eb45a6f1fa8
bge-large-en-v1.5,chrome,verdict,hotel_review_genius_filter,0.694927,0.57349,0.121437,0.715277,b7895e80-f4d1-4648-bee0-4eb45a6f1fa8
bge-large-en-v1.5,chrome,verdict,hotel_search_price_sort,0.780077,0.621977,0.1581,0.581771,b7895e80-f4d1-4648-bee0-4eb45a6f1fa8
bge-large-en-v1.5,chrome,verdict,hotel_top_reviewed_open,0.555368,0.538084,0.017284,0.962582,a96b564e-dbe9-42c3-9ccf-b4498073438a
bge-large-en-v1.5,chrome,verdict,info_sustainability,0.652744,0.619415,0.03333,0.912425,c1fa57f3-c3db-4596-8f09-020701085416
bge-large-en-v1.5,chrome,verdict,language_switch_french,0.683474,0.561553,0.121922,0.721924,3720f614-37fd-4d04-8a6b-76f54f8c222d
bge-large-en-v1.5,chrome,verdict,multicity_three_segments,0.651247,0.641508,0.00974,0.972832,f79439ad-3ee8-4f99-a518-0eb60e5652b0
bge-large-en-v1.5,chrome,verdict,package_filter_4star,0.571115,0.55262,0.018496,0.958658,b7895e80-f4d1-4648-bee0-4eb45a6f1fa8
bge-large-en-v1.5,chrome,verdict,package_free_cancellation_filter,0.621666,0.590187,0.031479,0.923188,6c4c23a1-42a4-43cc-9db1-2f86ff3738cc
bge-large-en-v1.5,chrome,verdict,package_search_london_barcelona,0.729496,0.647865,0.081631,0.768183,f79439ad-3ee8-4f99-a518-0eb60e5652b0
bge-large-en-v1.5,chrome,verdict,package_sort_lowest_price,0.689501,0.682729,0.006773,0.978654,b7895e80-f4d1-4648-bee0-4eb45a6f1fa8
bge-large-en-v1.5,chrome,verdict,taxi_filter_luxury,0.600223,0.590718,0.009505,0.976777,1704f00f-79e6-43a7-961b-cedd3724d5fd
bge-large-en-v1.5,chrome,verdict,taxi_search_lhr_3pax,0.646414,0.586279,0.060135,0.854648,f79439ad-3ee8-4f99-a518-0eb60e5652b0
bge-large-en-v1.5,chrome,verdict,taxi_sort_most_passengers,0.717657,0.669079,0.048579,0.853202,47543840-672a-467d-80df-8f7c3b9788c9
bge-large-en-v1.5,chrome,verdict,trips_cancel_booking,0.558737,0.553497,0.005241,0.988263,99146c54-4f37-4ab8-9327-5f3291665e1e
bge-large-en-v1.5,chrome,verdict,trips_modify_checkin_date,0.54254,0.526038,0.016502,0.965182,b7895e80-f4d1-4648-bee0-4eb45a6f1fa8
bge-large-en-v1.5,chrome,verdict,trips_signin_email,0.567517,0.556814,0.010702,0.975851,f3b19d1e-2d48-44e9-b4e1-defcae1a0197
bge-large-en-v1.5,chrome,verdict,trips_status_filter_cancelled,0.628775,0.554142,0.074633,0.832608,6c4c23a1-42a4-43cc-9db1-2f86ff3738cc
bge-large-en-v1.5,chrome,lower,030eeff7-b492-4218-b312-701ec99ee0cc,0.771477,0.714619,0.056858,0.800765,9656a811-9b5b-4ddf-99c7-5117bcef0626
bge-large-en-v1.5,chrome,lower,06fe7178-4491-4589-810f-2e2bc9502122,0.709322,0.698391,0.010931,0.963756,7a5a7856-f1b6-42a4-ade9-1ca81ca0f263
bge-large-en-v1.5,chrome,lower,0d8b7de3-e8de-4d86-b9fd-dd2dce58a217,0.641041,0.582965,0.058076,0.86074,9f935cce-0a9f-435f-8007-817732bfc0a5
bge-large-en-v1.5,chrome,lower,12086550-11c0-466b-b367-1d9e75b3910e,0.687247,0.686339,0.000907,0.997107,7b6c7e24-c58a-49fc-a5bb-d57b80e5b4c3
bge-large-en-v1.5,chrome,lower,121ba48f-9e17-48ce-9bc6-a4fb17a7ebba,0.600739,0.591035,0.009704,0.976271,c1fa57f3-c3db-4596-8f09-020701085416
bge-large-en-v1.5,chrome,lower,1704f00f-79e6-43a7-961b-cedd3724d5fd,0.689554,0.643339,0.046215,0.870424,47543840-672a-467d-80df-8f7c3b9788c9
bge-large-en-v1.5,chrome,lower,2888b4e6-5b47-4b57-8bf5-c73827890774,0.589475,0.553508,0.035967,0.919446,9f3f70fc-5afc-4958-a7b7-3bb4fcb01805
bge-large-en-v1.5,chrome,lower,2ad9387a-65d8-4e33-ad5b-7580065a27ca,0.772508,0.69815,0.074358,0.753659,7a5a7856-f1b6-42a4-ade9-1ca81ca0f263
bge-large-en-v1.5,chrome,lower,2ae9ba84-3a0d-4d4c-8338-3a1478dc5fe3,0.703896,0.598956,0.10494,0.738334,3720f614-37fd-4d04-8a6b-76f54f8c222d
bge-large-en-v1.5,chrome,lower,3299584d-8f11-4457-bf4c-ce98f7600250,0.653361,0.642925,0.010436,0.970774,480bcfea-d68f-4aaa-a0a9-2589ef319381
bge-large-en-v1.5,chrome,lower,35253b65-1c19-4304-8aa4-6884b8218fc0,0.748257,0.702839,0.045418,0.84716,7a5a7856-f1b6-42a4-ade9-1ca81ca0f263
bge-large-en-v1.5,chrome,lower,368d9ba4-203c-40c1-9fa3-da2f1430ce63,0.585148,0.555969,0.029178,0.934288,b4f95342-463e-4179-8c3f-193cd7241fb2
bge-large-en-v1.5,chrome,lower,3720f614-37fd-4d04-8a6b-76f54f8c222d,0.703896,0.681648,0.022248,0.930115,2ae9ba84-3a0d-4d4c-8338-3a1478dc5fe3
bge-large-en-v1.5,chrome,lower,44ee5668-ecd5-4366-a6ce-c1c9b8d4e938,0.665012,0.619137,0.045876,0.879549,7b6c7e24-c58a-49fc-a5bb-d57b80e5b4c3
bge-large-en-v1.5,chrome,lower,47543840-672a-467d-80df-8f7c3b9788c9,0.689554,0.607438,0.082116,0.790821,1704f00f-79e6-43a7-961b-cedd3724d5fd
bge-large-en-v1.5,chrome,lower,480bcfea-d68f-4aaa-a0a9-2589ef319381,0.7202,0.662554,0.057646,0.82917,af630914-714e-4a24-a7bb-f9af687d3b91
bge-large-en-v1.5,chrome,lower,59155008-fe71-45ec-8a8f-dc35497b6aa8,0.503076,0.487106,0.01597,0.968863,2ae9ba84-3a0d-4d4c-8338-3a1478dc5fe3
bge-large-en-v1.5,chrome,lower,6766f2b8-8a72-417f-a9e5-56fcaa735837,0.702839,0.628966,0.073874,0.800898,35253b65-1c19-4304-8aa4-6884b8218fc0
bge-large-en-v1.5,chrome,lower,6c4c23a1-42a4-43cc-9db1-2f86ff3738cc,0.668507,0.662656,0.005851,0.982655,fc6d8143-9452-4171-9459-7f515143419a
bge-large-en-v1.5,chrome,lower,7a5a7856-f1b6-42a4-ade9-1ca81ca0f263,0.772508,0.748257,0.02425,0.90367,2ad9387a-65d8-4e33-ad5b-7580065a27ca
bge-large-en-v1.5,chrome,lower,7b6c7e24-c58a-49fc-a5bb-d57b80e5b4c3,0.688824,0.687247,0.001578,0.994955,030eeff7-b492-4218-b312-701ec99ee0cc
bge-large-en-v1.5,chrome,lower,7f52cab9-535c-4835-ac8c-391ee64dc930,0.533215,0.517286,0.015929,0.967,b7895e80-f4d1-4648-bee0-4eb45a6f1fa8
bge-large-en-v1.5,chrome,lower,82279c77-8fc6-46f6-9622-3ba96f61b477,0.615,0.55431,0.06069,0.863829,1704f00f-79e6-43a7-961b-cedd3724d5fd
bge-large-en-v1.5,chrome,lower,82bc8d6a-36eb-4d2d-8801-ef714fb1e55a,0.665694,0.658527,0.007167,0.979013,fc6d8143-9452-4171-9459-7f515143419a
bge-large-en-v1.5,chrome,lower,93eabf48-6a27-4cb6-b963-7d5fe1e0d3a9,0.739568,0.662554,0.077014,0.771775,af630914-714e-4a24-a7bb-f9af687d3b91
bge-large-en-v1.5,chrome,lower,9656a811-9b5b-4ddf-99c7-5117bcef0626,0.771477,0.691597,0.07988,0.740989,030eeff7-b492-4218-b312-701ec99ee0cc
bge-large-en-v1.5,chrome,lower,99146c54-4f37-4ab8-9327-5f3291665e1e,0.714619,0.698391,0.016228,0.946195,030eeff7-b492-4218-b312-701ec99ee0cc
bge-large-en-v1.5,chrome,lower,9f3f70fc-5afc-4958-a7b7-3bb4fcb01805,0.589475,0.567074,0.022401,0.948257,2888b4e6-5b47-4b57-8bf5-c73827890774
bge-large-en-v1.5,chrome,lower,9f935cce-0a9f-435f-8007-817732bfc0a5,0.641041,0.57346,0.067581,0.84156,0d8b7de3-e8de-4d86-b9fd-dd2dce58a217
bge-large-en-v1.5,chrome,lower,a728a36e-8bf1-4bb6-9a03-ef039a5233f0,0.57346,0.533699,0.039761,0.914732,9f935cce-0a9f-435f-8007-817732bfc0a5
bge-large-en-v1.5,chrome,lower,a96b564e-dbe9-42c3-9ccf-b4498073438a,0.607438,0.605499,0.001939,0.995086,47543840-672a-467d-80df-8f7c3b9788c9
bge-large-en-v1.5,chrome,lower,ae78f875-5b98-4907-bbb5-9c737fc68c03,0.634673,0.623359,0.011314,0.969961,af630914-714e-4a24-a7bb-f9af687d3b91
bge-large-en-v1.5,chrome,lower,af630914-714e-4a24-a7bb-f9af687d3b91,0.739568,0.7202,0.019367,0.930781,93eabf48-6a27-4cb6-b963-7d5fe1e0d3a9
bge-large-en-v1.5,chrome,lower,b070486d-e161-459b-aa2b-ef442d973b92,0.577549,0.506158,0.071391,0.855438,0d8b7de3-e8de-4d86-b9fd-dd2dce58a217
bge-large-en-v1.5,chrome,lower,b4f95342-463e-4179-8c3f-193cd7241fb2,0.599876,0.593152,0.006724,0.983474,1704f00f-79e6-43a7-961b-cedd3724d5fd
bge-large-en-v1.5,chrome,lower,b7895e80-f4d1-4648-bee0-4eb45a6f1fa8,0.662656,0.643339,0.019317,0.945839,6c4c23a1-42a4-43cc-9db1-2f86ff3738cc
bge-large-en-v1.5,chrome,lower,bb5e4c0d-f964-439c-97b6-bdb9747de3f4,0.600706,0.589101,0.011604,0.971758,2ad9387a-65d8-4e33-ad5b-7580065a27ca
bge-large-en-v1.5,chrome,lower,c1fa57f3-c3db-4596-8f09-020701085416,0.632197,0.606187,0.026011,0.933952,f3b19d1e-2d48-44e9-b4e1-defcae1a0197
bge-large-en-v1.5,chrome,lower,cabb3bae-cccb-41bd-9f5d-0f3a9fecd825,0.573098,0.560645,0.012453,0.971656,b7895e80-f4d1-4648-bee0-4eb45a6f1fa8
bge-large-en-v1.5,chrome,lower,da46d875-6b82-4681-9284-653b0c7ae241,0.558113,0.535285,0.022828,0.950878,6c4c23a1-42a4-43cc-9db1-2f86ff3738cc
bge-large-en-v1.5,chrome,lower,e1e75309-3ddb-4d09-92ec-de869c928143,0.704673,0.639354,0.065319,0.818884,7a5a7856-f1b6-42a4-ade9-1ca81ca0f263
bge-large-en-v1.5,chrome,lower,f0b971a1-6831-4b9b-a50e-22a6e47f45ba,0.530418,0.522113,0.008306,0.98262,b7895e80-f4d1-4648-bee0-4eb45a6f1fa8
bge-large-en-v1.5,chrome,lower,f3b19d1e-2d48-44e9-b4e1-defcae1a0197,0.632197,0.605499,0.026698,0.932324,c1fa57f3-c3db-4596-8f09-020701085416
bge-large-en-v1.5,chrome,lower,f5d96daf-83a8-4c86-9686-bada31fc66ab,0.442997,0.441657,0.00134,0.997599,9f3f70fc-5afc-4958-a7b7-3bb4fcb01805
bge-large-en-v1.5,chrome,lower,f79439ad-3ee8-4f99-a518-0eb60e5652b0,0.658527,0.633975,0.024552,0.932922,82bc8d6a-36eb-4d2d-8801-ef714fb1e55a
bge-large-en-v1.5,chrome,lower,fc6d8143-9452-4171-9459-7f515143419a,0.668507,0.665694,0.002813,0.991585,6c4c23a1-42a4-43cc-9db1-2f86ff3738cc
bge-large-en-v1.5,chrome,cross_floor,030eeff7-b492-4218-b312-701ec99ee0cc,0.555828,0.553434,0.002394,0.994638,215dfd39-f493-4bc3-a027-8a97d72c61bf
bge-large-en-v1.5,chrome,cross_floor,06fe7178-4491-4589-810f-2e2bc9502122,0.609488,0.586497,0.022991,0.944398,a5bbbcd5-b398-4c91-83d4-55e1e31bbb81
bge-large-en-v1.5,chrome,cross_floor,0d8b7de3-e8de-4d86-b9fd-dd2dce58a217,0.587051,0.539249,0.047802,0.896252,a746add2-cab0-4740-ac36-c3769d9bfb46
bge-large-en-v1.5,chrome,cross_floor,12086550-11c0-466b-b367-1d9e75b3910e,0.599458,0.552195,0.047263,0.894456,a746add2-cab0-4740-ac36-c3769d9bfb46
bge-large-en-v1.5,chrome,cross_floor,121ba48f-9e17-48ce-9bc6-a4fb17a7ebba,0.56452,0.548787,0.015733,0.965132,fba2c100-79e8-42df-ae74-b592418d54f4
bge-large-en-v1.5,chrome,cross_floor,1704f00f-79e6-43a7-961b-cedd3724d5fd,0.441728,0.436038,0.00569,0.98991,a746add2-cab0-4740-ac36-c3769d9bfb46
bge-large-en-v1.5,chrome,cross_floor,2888b4e6-5b47-4b57-8bf5-c73827890774,0.497392,0.494629,0.002763,0.994533,a746add2-cab0-4740-ac36-c3769d9bfb46
bge-large-en-v1.5,chrome,cross_floor,2ad9387a-65d8-4e33-ad5b-7580065a27ca,0.61427,0.613055,0.001216,0.996858,fba2c100-79e8-42df-ae74-b592418d54f4
bge-large-en-v1.5,chrome,cross_floor,2ae9ba84-3a0d-4d4c-8338-3a1478dc5fe3,0.516959,0.50585,0.011108,0.97752,215dfd39-f493-4bc3-a027-8a97d72c61bf
bge-large-en-v1.5,chrome,cross_floor,3299584d-8f11-4457-bf4c-ce98f7600250,0.591558,0.558846,0.032712,0.925849,215dfd39-f493-4bc3-a027-8a97d72c61bf
bge-large-en-v1.5,chrome,cross_floor,35253b65-1c19-4304-8aa4-6884b8218fc0,0.61883,0.607024,0.011806,0.969956,a746add2-cab0-4740-ac36-c3769d9bfb46
bge-large-en-v1.5,chrome,cross_floor,368d9ba4-203c-40c1-9fa3-da2f1430ce63,0.469551,0.46378,0.005771,0.989238,b148e375-fe0b-4bec-90e7-38632b0d73c2
bge-large-en-v1.5,chrome,cross_floor,3720f614-37fd-4d04-8a6b-76f54f8c222d,0.57563,0.534928,0.040701,0.912484,215dfd39-f493-4bc3-a027-8a97d72c61bf
bge-large-en-v1.5,chrome,cross_floor,44ee5668-ecd5-4366-a6ce-c1c9b8d4e938,0.543819,0.533534,0.010285,0.977951,5ac2891a-eacd-4954-b339-98abba077adb
bge-large-en-v1.5,chrome,cross_floor,47543840-672a-467d-80df-8f7c3b9788c9,0.47237,0.450205,0.022165,0.959684,fba2c100-79e8-42df-ae74-b592418d54f4
bge-large-en-v1.5,chrome,cross_floor,480bcfea-d68f-4aaa-a0a9-2589ef319381,0.669577,0.569487,0.10009,0.76751,215dfd39-f493-4bc3-a027-8a97d72c61bf
bge-large-en-v1.5,chrome,cross_floor,59155008-fe71-45ec-8a8f-dc35497b6aa8,0.432509,0.407319,0.02519,0.957498,b148e375-fe0b-4bec-90e7-38632b0d73c2
bge-large-en-v1.5,chrome,cross_floor,6766f2b8-8a72-417f-a9e5-56fcaa735837,0.668693,0.649633,0.01906,0.945599,8ba5ae7a-5ae5-4eab-9fcc-5dd4fe3abf89
bge-large-en-v1.5,chrome,cross_floor,6c4c23a1-42a4-43cc-9db1-2f86ff3738cc,0.513327,0.503392,0.009936,0.979993,fba2c100-79e8-42df-ae74-b592418d54f4
bge-large-en-v1.5,chrome,cross_floor,7a5a7856-f1b6-42a4-ade9-1ca81ca0f263,0.617799,0.611567,0.006231,0.983958,a746add2-cab0-4740-ac36-c3769d9bfb46
bge-large-en-v1.5,chrome,cross_floor,7b6c7e24-c58a-49fc-a5bb-d57b80e5b4c3,0.606084,0.532921,0.073163,0.84336,aa4b5023-aef6-4ed9-bdc9-705f59ab9ad6
bge-large-en-v1.5,chrome,cross_floor,7f52cab9-535c-4835-ac8c-391ee64dc930,0.500707,0.492008,0.008699,0.982876,d06f0d4d-2cd5-4ede-8de9-598629438c6e
bge-large-en-v1.5,chrome,cross_floor,82279c77-8fc6-46f6-9622-3ba96f61b477,0.43214,0.425781,0.006359,0.988926,2e6f678f-472d-4c55-99cc-8e7c5c402a71
bge-large-en-v1.5,chrome,cross_floor,82bc8d6a-36eb-4d2d-8801-ef714fb1e55a,0.467562,0.425639,0.041923,0.927009,fba2c100-79e8-42df-ae74-b592418d54f4
bge-large-en-v1.5,chrome,cross_floor,93eabf48-6a27-4cb6-b963-7d5fe1e0d3a9,0.625588,0.624803,0.000785,0.997908,d06f0d4d-2cd5-4ede-8de9-598629438c6e
bge-large-en-v1.5,chrome,cross_floor,9656a811-9b5b-4ddf-99c7-5117bcef0626,0.532646,0.514623,0.018022,0.962869,a746add2-cab0-4740-ac36-c3769d9bfb46
bge-large-en-v1.5,chrome,cross_floor,99146c54-4f37-4ab8-9327-5f3291665e1e,0.551637,0.544222,0.007415,0.983732,a746add2-cab0-4740-ac36-c3769d9bfb46
bge-large-en-v1.5,chrome,cross_floor,9f3f70fc-5afc-4958-a7b7-3bb4fcb01805,0.433763,0.419678,0.014085,0.975729,a746add2-cab0-4740-ac36-c3769d9bfb46
bge-large-en-v1.5,chrome,cross_floor,9f935cce-0a9f-435f-8007-817732bfc0a5,0.584023,0.512545,0.071478,0.853364,a746add2-cab0-4740-ac36-c3769d9bfb46
bge-large-en-v1.5,chrome,cross_floor,a728a36e-8bf1-4bb6-9a03-ef039a5233f0,0.498259,0.452297,0.045962,0.916083,a746add2-cab0-4740-ac36-c3769d9bfb46
bge-large-en-v1.5,chrome,cross_floor,a96b564e-dbe9-42c3-9ccf-b4498073438a,0.590046,0.480611,0.109435,0.789301,a746add2-cab0-4740-ac36-c3769d9bfb46
bge-large-en-v1.5,chrome,cross_floor,ae78f875-5b98-4907-bbb5-9c737fc68c03,0.59298,0.587552,0.005428,0.986839,a746add2-cab0-4740-ac36-c3769d9bfb46
bge-large-en-v1.5,chrome,cross_floor,af630914-714e-4a24-a7bb-f9af687d3b91,0.597226,0.579692,0.017534,0.958282,215dfd39-f493-4bc3-a027-8a97d72c61bf
bge-large-en-v1.5,chrome,cross_floor,b070486d-e161-459b-aa2b-ef442d973b92,0.501159,0.493881,0.007278,0.985619,fba2c100-79e8-42df-ae74-b592418d54f4
bge-large-en-v1.5,chrome,cross_floor,b4f95342-463e-4179-8c3f-193cd7241fb2,0.502795,0.484923,0.017872,0.965303,a746add2-cab0-4740-ac36-c3769d9bfb46
bge-large-en-v1.5,chrome,cross_floor,b7895e80-f4d1-4648-bee0-4eb45a6f1fa8,0.484467,0.450056,0.034411,0.937429,a746add2-cab0-4740-ac36-c3769d9bfb46
bge-large-en-v1.5,chrome,cross_floor,bb5e4c0d-f964-439c-97b6-bdb9747de3f4,0.553654,0.549412,0.004242,0.990586,efcf0d81-0835-4880-b2fd-d866e8bc2294
bge-large-en-v1.5,chrome,cross_floor,c1fa57f3-c3db-4596-8f09-020701085416,0.549184,0.542747,0.006437,0.985923,a746add2-cab0-4740-ac36-c3769d9bfb46
bge-large-en-v1.5,chrome,cross_floor,cabb3bae-cccb-41bd-9f5d-0f3a9fecd825,0.476293,0.464951,0.011341,0.978803,a746add2-cab0-4740-ac36-c3769d9bfb46
bge-large-en-v1.5,chrome,cross_floor,da46d875-6b82-4681-9284-653b0c7ae241,0.451173,0.440515,0.010657,0.980952,a746add2-cab0-4740-ac36-c3769d9bfb46
bge-large-en-v1.5,chrome,cross_floor,e1e75309-3ddb-4d09-92ec-de869c928143,0.676707,0.632049,0.044658,0.87863,77b8ab4d-994f-43ac-8930-8ca087d7c4b4
bge-large-en-v1.5,chrome,cross_floor,f0b971a1-6831-4b9b-a50e-22a6e47f45ba,0.470399,0.455517,0.014882,0.972667,aa4b5023-aef6-4ed9-bdc9-705f59ab9ad6
bge-large-en-v1.5,chrome,cross_floor,f3b19d1e-2d48-44e9-b4e1-defcae1a0197,0.530447,0.515709,0.014738,0.969568,a746add2-cab0-4740-ac36-c3769d9bfb46
bge-large-en-v1.5,chrome,cross_floor,f5d96daf-83a8-4c86-9686-bada31fc66ab,0.441256,0.432927,0.00833,0.985311,d06f0d4d-2cd5-4ede-8de9-598629438c6e
bge-large-en-v1.5,chrome,cross_floor,f79439ad-3ee8-4f99-a518-0eb60e5652b0,0.457486,0.440711,0.016776,0.970005,fba2c100-79e8-42df-ae74-b592418d54f4
bge-large-en-v1.5,chrome,cross_floor,fc6d8143-9452-4171-9459-7f515143419a,0.429785,0.422764,0.007022,0.987836,a746add2-cab0-4740-ac36-c3769d9bfb46
bge-large-en-v1.5,chrome,upper,030eeff7-b492-4218-b312-701ec99ee0cc::v0,0.951996,0.754067,0.197928,0.195193,030eeff7-b492-4218-b312-701ec99ee0cc
bge-large-en-v1.5,chrome,upper,030eeff7-b492-4218-b312-701ec99ee0cc::v1,0.969631,0.756781,0.21285,0.124863,030eeff7-b492-4218-b312-701ec99ee0cc
bge-large-en-v1.5,chrome,upper,030eeff7-b492-4218-b312-701ec99ee0cc::v2,0.955253,0.766804,0.188449,0.191885,030eeff7-b492-4218-b312-701ec99ee0cc
bge-large-en-v1.5,chrome,upper,030eeff7-b492-4218-b312-701ec99ee0cc::v3,0.932031,0.743459,0.188572,0.264945,030eeff7-b492-4218-b312-701ec99ee0cc
bge-large-en-v1.5,chrome,upper,030eeff7-b492-4218-b312-701ec99ee0cc::v4,0.975443,0.764861,0.210582,0.104437,030eeff7-b492-4218-b312-701ec99ee0cc
bge-large-en-v1.5,chrome,upper,06fe7178-4491-4589-810f-2e2bc9502122::v0,0.870121,0.698294,0.171827,0.430481,06fe7178-4491-4589-810f-2e2bc9502122
bge-large-en-v1.5,chrome,upper,06fe7178-4491-4589-810f-2e2bc9502122::v1,0.890834,0.723497,0.167337,0.394809,06fe7178-4491-4589-810f-2e2bc9502122
bge-large-en-v1.5,chrome,upper,06fe7178-4491-4589-810f-2e2bc9502122::v2,0.973499,0.703109,0.27039,0.089261,06fe7178-4491-4589-810f-2e2bc9502122
bge-large-en-v1.5,chrome,upper,06fe7178-4491-4589-810f-2e2bc9502122::v3,0.870384,0.704716,0.165668,0.438954,06fe7178-4491-4589-810f-2e2bc9502122
bge-large-en-v1.5,chrome,upper,06fe7178-4491-4589-810f-2e2bc9502122::v4,0.872869,0.722233,0.150636,0.457689,06fe7178-4491-4589-810f-2e2bc9502122
bge-large-en-v1.5,chrome,upper,0d8b7de3-e8de-4d86-b9fd-dd2dce58a217::v0,0.962208,0.608179,0.354028,0.096453,0d8b7de3-e8de-4d86-b9fd-dd2dce58a217
bge-large-en-v1.5,chrome,upper,0d8b7de3-e8de-4d86-b9fd-dd2dce58a217::v1,0.922261,0.633606,0.288654,0.212174,0d8b7de3-e8de-4d86-b9fd-dd2dce58a217
bge-large-en-v1.5,chrome,upper,0d8b7de3-e8de-4d86-b9fd-dd2dce58a217::v2,0.892075,0.590472,0.301603,0.263534,0d8b7de3-e8de-4d86-b9fd-dd2dce58a217
bge-large-en-v1.5,chrome,upper,0d8b7de3-e8de-4d86-b9fd-dd2dce58a217::v3,0.896389,0.583367,0.313022,0.248686,0d8b7de3-e8de-4d86-b9fd-dd2dce58a217
bge-large-en-v1.5,chrome,upper,0d8b7de3-e8de-4d86-b9fd-dd2dce58a217::v4,0.905545,0.601961,0.303584,0.237301,0d8b7de3-e8de-4d86-b9fd-dd2dce58a217
bge-large-en-v1.5,chrome,upper,12086550-11c0-466b-b367-1d9e75b3910e::v0,0.914935,0.64066,0.274275,0.236726,12086550-11c0-466b-b367-1d9e75b3910e
bge-large-en-v1.5,chrome,upper,12086550-11c0-466b-b367-1d9e75b3910e::v1,0.928378,0.692784,0.235594,0.233133,12086550-11c0-466b-b367-1d9e75b3910e
bge-large-en-v1.5,chrome,upper,12086550-11c0-466b-b367-1d9e75b3910e::v2,0.912982,0.668584,0.244399,0.262563,12086550-11c0-466b-b367-1d9e75b3910e
bge-large-en-v1.5,chrome,upper,12086550-11c0-466b-b367-1d9e75b3910e::v3,0.946295,0.690299,0.255996,0.173408,12086550-11c0-466b-b367-1d9e75b3910e
bge-large-en-v1.5,chrome,upper,12086550-11c0-466b-b367-1d9e75b3910e::v4,0.906952,0.647295,0.259658,0.263812,12086550-11c0-466b-b367-1d9e75b3910e
bge-large-en-v1.5,chrome,upper,121ba48f-9e17-48ce-9bc6-a4fb17a7ebba::v0,0.975765,0.573753,0.402012,0.056857,121ba48f-9e17-48ce-9bc6-a4fb17a7ebba
bge-large-en-v1.5,chrome,upper,121ba48f-9e17-48ce-9bc6-a4fb17a7ebba::v1,0.905019,0.580996,0.324022,0.226684,121ba48f-9e17-48ce-9bc6-a4fb17a7ebba
bge-large-en-v1.5,chrome,upper,121ba48f-9e17-48ce-9bc6-a4fb17a7ebba::v2,0.932789,0.593811,0.338978,0.165468,121ba48f-9e17-48ce-9bc6-a4fb17a7ebba
bge-large-en-v1.5,chrome,upper,121ba48f-9e17-48ce-9bc6-a4fb17a7ebba::v3,0.924947,0.565301,0.359646,0.172655,121ba48f-9e17-48ce-9bc6-a4fb17a7ebba
bge-large-en-v1.5,chrome,upper,121ba48f-9e17-48ce-9bc6-a4fb17a7ebba::v4,0.914014,0.603369,0.310645,0.216791,121ba48f-9e17-48ce-9bc6-a4fb17a7ebba
bge-large-en-v1.5,chrome,upper,1704f00f-79e6-43a7-961b-cedd3724d5fd::v0,0.940042,0.691155,0.248887,0.194137,1704f00f-79e6-43a7-961b-cedd3724d5fd
bge-large-en-v1.5,chrome,upper,1704f00f-79e6-43a7-961b-cedd3724d5fd::v1,0.922719,0.654839,0.26788,0.223898,1704f00f-79e6-43a7-961b-cedd3724d5fd
bge-large-en-v1.5,chrome,upper,1704f00f-79e6-43a7-961b-cedd3724d5fd::v2,0.944484,0.685063,0.259421,0.176276,1704f00f-79e6-43a7-961b-cedd3724d5fd
bge-large-en-v1.5,chrome,upper,1704f00f-79e6-43a7-961b-cedd3724d5fd::v3,0.943145,0.680582,0.262563,0.177994,1704f00f-79e6-43a7-961b-cedd3724d5fd
bge-large-en-v1.5,chrome,upper,1704f00f-79e6-43a7-961b-cedd3724d5fd::v4,0.923353,0.666037,0.257316,0.229506,1704f00f-79e6-43a7-961b-cedd3724d5fd
bge-large-en-v1.5,chrome,upper,2888b4e6-5b47-4b57-8bf5-c73827890774::v0,0.91585,0.560232,0.355618,0.19135,2888b4e6-5b47-4b57-8bf5-c73827890774
bge-large-en-v1.5,chrome,upper,2888b4e6-5b47-4b57-8bf5-c73827890774::v1,0.964419,0.571438,0.392981,0.083025,2888b4e6-5b47-4b57-8bf5-c73827890774
bge-large-en-v1.5,chrome,upper,2888b4e6-5b47-4b57-8bf5-c73827890774::v2,0.969577,0.597066,0.372511,0.075503,2888b4e6-5b47-4b57-8bf5-c73827890774
bge-large-en-v1.5,chrome,upper,2888b4e6-5b47-4b57-8bf5-c73827890774::v3,0.929835,0.576841,0.352994,0.165812,2888b4e6-5b47-4b57-8bf5-c73827890774
bge-large-en-v1.5,chrome,upper,2888b4e6-5b47-4b57-8bf5-c73827890774::v4,0.892761,0.585606,0.307155,0.258786,2888b4e6-5b47-4b57-8bf5-c73827890774
bge-large-en-v1.5,chrome,upper,2ad9387a-65d8-4e33-ad5b-7580065a27ca::v0,0.907888,0.733188,0.174699,0.345233,2ad9387a-65d8-4e33-ad5b-7580065a27ca
bge-large-en-v1.5,chrome,upper,2ad9387a-65d8-4e33-ad5b-7580065a27ca::v1,0.932796,0.811714,0.121083,0.356923,2ad9387a-65d8-4e33-ad5b-7580065a27ca
bge-large-en-v1.5,chrome,upper,2ad9387a-65d8-4e33-ad5b-7580065a27ca::v2,0.936752,0.761283,0.175469,0.264948,2ad9387a-65d8-4e33-ad5b-7580065a27ca
bge-large-en-v1.5,chrome,upper,2ad9387a-65d8-4e33-ad5b-7580065a27ca::v3,0.957159,0.756466,0.200693,0.175916,2ad9387a-65d8-4e33-ad5b-7580065a27ca
bge-large-en-v1.5,chrome,upper,2ad9387a-65d8-4e33-ad5b-7580065a27ca::v4,0.919252,0.773388,0.145863,0.356329,2ad9387a-65d8-4e33-ad5b-7580065a27ca
bge-large-en-v1.5,chrome,upper,2ae9ba84-3a0d-4d4c-8338-3a1478dc5fe3::v0,0.942947,0.723264,0.219684,0.206162,2ae9ba84-3a0d-4d4c-8338-3a1478dc5fe3
bge-large-en-v1.5,chrome,upper,2ae9ba84-3a0d-4d4c-8338-3a1478dc5fe3::v1,0.948646,0.727592,0.221055,0.188517,2ae9ba84-3a0d-4d4c-8338-3a1478dc5fe3
bge-large-en-v1.5,chrome,upper,2ae9ba84-3a0d-4d4c-8338-3a1478dc5fe3::v2,0.941252,0.724905,0.216347,0.213557,2ae9ba84-3a0d-4d4c-8338-3a1478dc5fe3
bge-large-en-v1.5,chrome,upper,2ae9ba84-3a0d-4d4c-8338-3a1478dc5fe3::v3,0.949821,0.733663,0.216158,0.188404,2ae9ba84-3a0d-4d4c-8338-3a1478dc5fe3
bge-large-en-v1.5,chrome,upper,2ae9ba84-3a0d-4d4c-8338-3a1478dc5fe3::v4,0.888194,0.6581,0.230094,0.327014,2ae9ba84-3a0d-4d4c-8338-3a1478dc5fe3
bge-large-en-v1.5,chrome,upper,3299584d-8f11-4457-bf4c-ce98f7600250::v0,0.919154,0.69206,0.227095,0.262537,3299584d-8f11-4457-bf4c-ce98f7600250
bge-large-en-v1.5,chrome,upper,3299584d-8f11-4457-bf4c-ce98f7600250::v1,0.93145,0.673622,0.257828,0.210033,3299584d-8f11-4457-bf4c-ce98f7600250
bge-large-en-v1.5,chrome,upper,3299584d-8f11-4457-bf4c-ce98f7600250::v2,0.942615,0.700217,0.242398,0.191422,3299584d-8f11-4457-bf4c-ce98f7600250
bge-large-en-v1.5,chrome,upper,3299584d-8f11-4457-bf4c-ce98f7600250::v3,0.951005,0.665278,0.285727,0.146375,3299584d-8f11-4457-bf4c-ce98f7600250
bge-large-en-v1.5,chrome,upper,3299584d-8f11-4457-bf4c-ce98f7600250::v4,0.901612,0.647282,0.254329,0.278944,3299584d-8f11-4457-bf4c-ce98f7600250
bge-large-en-v1.5,chrome,upper,35253b65-1c19-4304-8aa4-6884b8218fc0::v0,0.868608,0.663738,0.20487,0.390742,35253b65-1c19-4304-8aa4-6884b8218fc0
bge-large-en-v1.5,chrome,upper,35253b65-1c19-4304-8aa4-6884b8218fc0::v1,0.904279,0.719097,0.185182,0.340762,35253b65-1c19-4304-8aa4-6884b8218fc0
bge-large-en-v1.5,chrome,upper,35253b65-1c19-4304-8aa4-6884b8218fc0::v2,0.854552,0.687103,0.167449,0.464842,35253b65-1c19-4304-8aa4-6884b8218fc0
bge-large-en-v1.5,chrome,upper,35253b65-1c19-4304-8aa4-6884b8218fc0::v3,0.917609,0.713066,0.204544,0.287141,35253b65-1c19-4304-8aa4-6884b8218fc0
bge-large-en-v1.5,chrome,upper,35253b65-1c19-4304-8aa4-6884b8218fc0::v4,0.926324,0.733672,0.192652,0.276637,35253b65-1c19-4304-8aa4-6884b8218fc0
bge-large-en-v1.5,chrome,upper,368d9ba4-203c-40c1-9fa3-da2f1430ce63::v0,0.939434,0.5572,0.382234,0.13678,368d9ba4-203c-40c1-9fa3-da2f1430ce63
bge-large-en-v1.5,chrome,upper,368d9ba4-203c-40c1-9fa3-da2f1430ce63::v1,0.941023,0.543863,0.397161,0.129296,368d9ba4-203c-40c1-9fa3-da2f1430ce63
bge-large-en-v1.5,chrome,upper,368d9ba4-203c-40c1-9fa3-da2f1430ce63::v2,0.942784,0.594973,0.347811,0.141264,368d9ba4-203c-40c1-9fa3-da2f1430ce63
bge-large-en-v1.5,chrome,upper,368d9ba4-203c-40c1-9fa3-da2f1430ce63::v3,0.917689,0.559104,0.358585,0.186691,368d9ba4-203c-40c1-9fa3-da2f1430ce63
bge-large-en-v1.5,chrome,upper,368d9ba4-203c-40c1-9fa3-da2f1430ce63::v4,0.91991,0.496825,0.423085,0.159169,368d9ba4-203c-40c1-9fa3-da2f1430ce63
bge-large-en-v1.5,chrome,upper,3720f614-37fd-4d04-8a6b-76f54f8c222d::v0,0.845293,0.652125,0.193168,0.44472,3720f614-37fd-4d04-8a6b-76f54f8c222d
bge-large-en-v1.5,chrome,upper,3720f614-37fd-4d04-8a6b-76f54f8c222d::v1,0.893002,0.709644,0.183358,0.368506,3720f614-37fd-4d04-8a6b-76f54f8c222d
bge-large-en-v1.5,chrome,upper,3720f614-37fd-4d04-8a6b-76f54f8c222d::v2,0.873158,0.679848,0.19331,0.396194,3720f614-37fd-4d04-8a6b-76f54f8c222d
bge-large-en-v1.5,chrome,upper,3720f614-37fd-4d04-8a6b-76f54f8c222d::v3,0.872402,0.682993,0.189409,0.40251,3720f614-37fd-4d04-8a6b-76f54f8c222d
bge-large-en-v1.5,chrome,upper,3720f614-37fd-4d04-8a6b-76f54f8c222d::v4,0.852325,0.652176,0.200149,0.424568,3720f614-37fd-4d04-8a6b-76f54f8c222d
bge-large-en-v1.5,chrome,upper,44ee5668-ecd5-4366-a6ce-c1c9b8d4e938::v0,0.833564,0.696803,0.136761,0.548937,44ee5668-ecd5-4366-a6ce-c1c9b8d4e938
bge-large-en-v1.5,chrome,upper,44ee5668-ecd5-4366-a6ce-c1c9b8d4e938::v1,0.824418,0.698296,0.126122,0.581968,44ee5668-ecd5-4366-a6ce-c1c9b8d4e938
bge-large-en-v1.5,chrome,upper,44ee5668-ecd5-4366-a6ce-c1c9b8d4e938::v2,0.825854,0.732542,0.093312,0.651117,44ee5668-ecd5-4366-a6ce-c1c9b8d4e938
bge-large-en-v1.5,chrome,upper,44ee5668-ecd5-4366-a6ce-c1c9b8d4e938::v3,0.833636,0.716217,0.117419,0.586236,44ee5668-ecd5-4366-a6ce-c1c9b8d4e938
bge-large-en-v1.5,chrome,upper,44ee5668-ecd5-4366-a6ce-c1c9b8d4e938::v4,0.846485,0.675527,0.170958,0.47312,44ee5668-ecd5-4366-a6ce-c1c9b8d4e938
bge-large-en-v1.5,chrome,upper,47543840-672a-467d-80df-8f7c3b9788c9::v0,0.932107,0.673842,0.258265,0.20816,47543840-672a-467d-80df-8f7c3b9788c9
bge-large-en-v1.5,chrome,upper,47543840-672a-467d-80df-8f7c3b9788c9::v1,0.875152,0.659464,0.215688,0.366622,47543840-672a-467d-80df-8f7c3b9788c9
bge-large-en-v1.5,chrome,upper,47543840-672a-467d-80df-8f7c3b9788c9::v2,0.893973,0.689081,0.204892,0.34101,47543840-672a-467d-80df-8f7c3b9788c9
bge-large-en-v1.5,chrome,upper,47543840-672a-467d-80df-8f7c3b9788c9::v3,0.928347,0.664444,0.263903,0.213535,47543840-672a-467d-80df-8f7c3b9788c9
bge-large-en-v1.5,chrome,upper,47543840-672a-467d-80df-8f7c3b9788c9::v4,0.891563,0.709746,0.181816,0.373595,47543840-672a-467d-80df-8f7c3b9788c9
bge-large-en-v1.5,chrome,upper,480bcfea-d68f-4aaa-a0a9-2589ef319381::v0,0.88402,0.657647,0.226373,0.338774,480bcfea-d68f-4aaa-a0a9-2589ef319381
bge-large-en-v1.5,chrome,upper,480bcfea-d68f-4aaa-a0a9-2589ef319381::v1,0.892968,0.734392,0.158577,0.402968,480bcfea-d68f-4aaa-a0a9-2589ef319381
bge-large-en-v1.5,chrome,upper,480bcfea-d68f-4aaa-a0a9-2589ef319381::v2,0.883087,0.685412,0.197675,0.371638,480bcfea-d68f-4aaa-a0a9-2589ef319381
bge-large-en-v1.5,chrome,upper,480bcfea-d68f-4aaa-a0a9-2589ef319381::v3,0.857534,0.629918,0.227617,0.384957,480bcfea-d68f-4aaa-a0a9-2589ef319381
bge-large-en-v1.5,chrome,upper,480bcfea-d68f-4aaa-a0a9-2589ef319381::v4,0.889298,0.669064,0.220235,0.334511,480bcfea-d68f-4aaa-a0a9-2589ef319381
bge-large-en-v1.5,chrome,upper,59155008-fe71-45ec-8a8f-dc35497b6aa8::v0,0.918868,0.603068,0.315799,0.204399,59155008-fe71-45ec-8a8f-dc35497b6aa8
bge-large-en-v1.5,chrome,upper,59155008-fe71-45ec-8a8f-dc35497b6aa8::v1,0.931131,0.554979,0.376152,0.154755,59155008-fe71-45ec-8a8f-dc35497b6aa8
bge-large-en-v1.5,chrome,upper,59155008-fe71-45ec-8a8f-dc35497b6aa8::v2,0.931697,0.550671,0.381027,0.15201,59155008-fe71-45ec-8a8f-dc35497b6aa8
bge-large-en-v1.5,chrome,upper,59155008-fe71-45ec-8a8f-dc35497b6aa8::v3,0.972414,0.48966,0.482755,0.054053,59155008-fe71-45ec-8a8f-dc35497b6aa8
bge-large-en-v1.5,chrome,upper,59155008-fe71-45ec-8a8f-dc35497b6aa8::v4,0.897734,0.57437,0.323363,0.240271,59155008-fe71-45ec-8a8f-dc35497b6aa8
bge-large-en-v1.5,chrome,upper,6766f2b8-8a72-417f-a9e5-56fcaa735837::v0,0.954178,0.688147,0.266031,0.146936,6766f2b8-8a72-417f-a9e5-56fcaa735837
bge-large-en-v1.5,chrome,upper,6766f2b8-8a72-417f-a9e5-56fcaa735837::v1,0.961486,0.724883,0.236603,0.13999,6766f2b8-8a72-417f-a9e5-56fcaa735837
bge-large-en-v1.5,chrome,upper,6766f2b8-8a72-417f-a9e5-56fcaa735837::v2,0.938009,0.693407,0.244602,0.202194,6766f2b8-8a72-417f-a9e5-56fcaa735837
bge-large-en-v1.5,chrome,upper,6766f2b8-8a72-417f-a9e5-56fcaa735837::v3,0.906087,0.728987,0.1771,0.346526,6766f2b8-8a72-417f-a9e5-56fcaa735837
bge-large-en-v1.5,chrome,upper,6766f2b8-8a72-417f-a9e5-56fcaa735837::v4,0.879573,0.670691,0.208883,0.365694,6766f2b8-8a72-417f-a9e5-56fcaa735837
bge-large-en-v1.5,chrome,upper,6c4c23a1-42a4-43cc-9db1-2f86ff3738cc::v0,0.907467,0.681777,0.22569,0.29078,6c4c23a1-42a4-43cc-9db1-2f86ff3738cc
bge-large-en-v1.5,chrome,upper,6c4c23a1-42a4-43cc-9db1-2f86ff3738cc::v1,0.885725,0.681979,0.203746,0.359331,6c4c23a1-42a4-43cc-9db1-2f86ff3738cc
bge-large-en-v1.5,chrome,upper,6c4c23a1-42a4-43cc-9db1-2f86ff3738cc::v2,0.921566,0.676918,0.244648,0.242768,6c4c23a1-42a4-43cc-9db1-2f86ff3738cc
bge-large-en-v1.5,chrome,upper,6c4c23a1-42a4-43cc-9db1-2f86ff3738cc::v3,0.878608,0.656466,0.222143,0.353361,6c4c23a1-42a4-43cc-9db1-2f86ff3738cc
bge-large-en-v1.5,chrome,upper,6c4c23a1-42a4-43cc-9db1-2f86ff3738cc::v4,0.883783,0.660348,0.223435,0.342166,6c4c23a1-42a4-43cc-9db1-2f86ff3738cc
bge-large-en-v1.5,chrome,upper,7a5a7856-f1b6-42a4-ade9-1ca81ca0f263::v0,0.90237,0.716501,0.185869,0.344375,7a5a7856-f1b6-42a4-ade9-1ca81ca0f263
bge-large-en-v1.5,chrome,upper,7a5a7856-f1b6-42a4-ade9-1ca81ca0f263::v1,0.888075,0.794782,0.093293,0.545395,7a5a7856-f1b6-42a4-ade9-1ca81ca0f263
bge-large-en-v1.5,chrome,upper,7a5a7856-f1b6-42a4-ade9-1ca81ca0f263::v2,0.888806,0.733772,0.155033,0.417666,7a5a7856-f1b6-42a4-ade9-1ca81ca0f263
bge-large-en-v1.5,chrome,upper,7a5a7856-f1b6-42a4-ade9-1ca81ca0f263::v3,0.91027,0.758771,0.1515,0.371969,7a5a7856-f1b6-42a4-ade9-1ca81ca0f263
bge-large-en-v1.5,chrome,upper,7a5a7856-f1b6-42a4-ade9-1ca81ca0f263::v4,0.87596,0.756929,0.11903,0.510306,7a5a7856-f1b6-42a4-ade9-1ca81ca0f263
bge-large-en-v1.5,chrome,upper,7b6c7e24-c58a-49fc-a5bb-d57b80e5b4c3::v0,0.777852,0.613377,0.164475,0.574586,7b6c7e24-c58a-49fc-a5bb-d57b80e5b4c3
bge-large-en-v1.5,chrome,upper,7b6c7e24-c58a-49fc-a5bb-d57b80e5b4c3::v1,0.881937,0.716297,0.165641,0.416149,7b6c7e24-c58a-49fc-a5bb-d57b80e5b4c3
bge-large-en-v1.5,chrome,upper,7b6c7e24-c58a-49fc-a5bb-d57b80e5b4c3::v2,0.864395,0.707577,0.156818,0.46373,7b6c7e24-c58a-49fc-a5bb-d57b80e5b4c3
bge-large-en-v1.5,chrome,upper,7b6c7e24-c58a-49fc-a5bb-d57b80e5b4c3::v3,0.791373,0.651072,0.140301,0.597909,7b6c7e24-c58a-49fc-a5bb-d57b80e5b4c3
bge-large-en-v1.5,chrome,upper,7b6c7e24-c58a-49fc-a5bb-d57b80e5b4c3::v4,0.891141,0.72136,0.169781,0.390679,7b6c7e24-c58a-49fc-a5bb-d57b80e5b4c3
bge-large-en-v1.5,chrome,upper,7f52cab9-535c-4835-ac8c-391ee64dc930::v0,0.971188,0.539014,0.432174,0.062502,7f52cab9-535c-4835-ac8c-391ee64dc930
bge-large-en-v1.5,chrome,upper,7f52cab9-535c-4835-ac8c-391ee64dc930::v1,0.912122,0.60391,0.308213,0.221862,7f52cab9-535c-4835-ac8c-391ee64dc930
bge-large-en-v1.5,chrome,upper,7f52cab9-535c-4835-ac8c-391ee64dc930::v2,0.89748,0.624495,0.272985,0.273018,7f52cab9-535c-4835-ac8c-391ee64dc930
bge-large-en-v1.5,chrome,upper,7f52cab9-535c-4835-ac8c-391ee64dc930::v3,0.970789,0.542868,0.427921,0.063901,7f52cab9-535c-4835-ac8c-391ee64dc930
bge-large-en-v1.5,chrome,upper,7f52cab9-535c-4835-ac8c-391ee64dc930::v4,0.875841,0.615371,0.26047,0.322802,7f52cab9-535c-4835-ac8c-391ee64dc930
bge-large-en-v1.5,chrome,upper,82279c77-8fc6-46f6-9622-3ba96f61b477::v0,0.930241,0.602741,0.3275,0.175601,82279c77-8fc6-46f6-9622-3ba96f61b477
bge-large-en-v1.5,chrome,upper,82279c77-8fc6-46f6-9622-3ba96f61b477::v1,0.912708,0.592197,0.320511,0.214055,82279c77-8fc6-46f6-9622-3ba96f61b477
bge-large-en-v1.5,chrome,upper,82279c77-8fc6-46f6-9622-3ba96f61b477::v2,0.949744,0.629429,0.320315,0.135618,82279c77-8fc6-46f6-9622-3ba96f61b477
bge-large-en-v1.5,chrome,upper,82279c77-8fc6-46f6-9622-3ba96f61b477::v3,0.958979,0.5705,0.388479,0.095509,82279c77-8fc6-46f6-9622-3ba96f61b477
bge-large-en-v1.5,chrome,upper,82279c77-8fc6-46f6-9622-3ba96f61b477::v4,0.91463,0.579626,0.335005,0.20308,82279c77-8fc6-46f6-9622-3ba96f61b477
bge-large-en-v1.5,chrome,upper,82bc8d6a-36eb-4d2d-8801-ef714fb1e55a::v0,0.938265,0.715028,0.223237,0.216635,82bc8d6a-36eb-4d2d-8801-ef714fb1e55a
bge-large-en-v1.5,chrome,upper,82bc8d6a-36eb-4d2d-8801-ef714fb1e55a::v1,0.916459,0.696032,0.220427,0.274834,82bc8d6a-36eb-4d2d-8801-ef714fb1e55a
bge-large-en-v1.5,chrome,upper,82bc8d6a-36eb-4d2d-8801-ef714fb1e55a::v2,0.890604,0.693953,0.196651,0.357449,82bc8d6a-36eb-4d2d-8801-ef714fb1e55a
bge-large-en-v1.5,chrome,upper,82bc8d6a-36eb-4d2d-8801-ef714fb1e55a::v3,0.933083,0.666184,0.266899,0.200461,82bc8d6a-36eb-4d2d-8801-ef714fb1e55a
bge-large-en-v1.5,chrome,upper,82bc8d6a-36eb-4d2d-8801-ef714fb1e55a::v4,0.902847,0.688139,0.214708,0.311526,82bc8d6a-36eb-4d2d-8801-ef714fb1e55a
bge-large-en-v1.5,chrome,upper,93eabf48-6a27-4cb6-b963-7d5fe1e0d3a9::v0,0.874568,0.739646,0.134922,0.481774,93eabf48-6a27-4cb6-b963-7d5fe1e0d3a9
bge-large-en-v1.5,chrome,upper,93eabf48-6a27-4cb6-b963-7d5fe1e0d3a9::v1,0.883186,0.735717,0.147469,0.442005,93eabf48-6a27-4cb6-b963-7d5fe1e0d3a9
bge-large-en-v1.5,chrome,upper,93eabf48-6a27-4cb6-b963-7d5fe1e0d3a9::v2,0.879446,0.724007,0.155439,0.4368,93eabf48-6a27-4cb6-b963-7d5fe1e0d3a9
bge-large-en-v1.5,chrome,upper,93eabf48-6a27-4cb6-b963-7d5fe1e0d3a9::v3,0.89105,0.736743,0.154307,0.413854,93eabf48-6a27-4cb6-b963-7d5fe1e0d3a9
bge-large-en-v1.5,chrome,upper,93eabf48-6a27-4cb6-b963-7d5fe1e0d3a9::v4,0.874177,0.723336,0.150841,0.454786,93eabf48-6a27-4cb6-b963-7d5fe1e0d3a9
bge-large-en-v1.5,chrome,upper,9656a811-9b5b-4ddf-99c7-5117bcef0626::v0,0.923879,0.726694,0.197185,0.278519,9656a811-9b5b-4ddf-99c7-5117bcef0626
bge-large-en-v1.5,chrome,upper,9656a811-9b5b-4ddf-99c7-5117bcef0626::v1,0.92655,0.718581,0.207969,0.261,9656a811-9b5b-4ddf-99c7-5117bcef0626
bge-large-en-v1.5,chrome,upper,9656a811-9b5b-4ddf-99c7-5117bcef0626::v2,0.925783,0.754453,0.17133,0.302252,9656a811-9b5b-4ddf-99c7-5117bcef0626
bge-large-en-v1.5,chrome,upper,9656a811-9b5b-4ddf-99c7-5117bcef0626::v3,0.867135,0.698494,0.168641,0.44067,9656a811-9b5b-4ddf-99c7-5117bcef0626
bge-large-en-v1.5,chrome,upper,9656a811-9b5b-4ddf-99c7-5117bcef0626::v4,0.919615,0.723216,0.196399,0.290425,9656a811-9b5b-4ddf-99c7-5117bcef0626
bge-large-en-v1.5,chrome,upper,99146c54-4f37-4ab8-9327-5f3291665e1e::v0,0.945222,0.731596,0.213626,0.204087,99146c54-4f37-4ab8-9327-5f3291665e1e
bge-large-en-v1.5,chrome,upper,99146c54-4f37-4ab8-9327-5f3291665e1e::v1,0.949176,0.721835,0.227342,0.18271,99146c54-4f37-4ab8-9327-5f3291665e1e
bge-large-en-v1.5,chrome,upper,99146c54-4f37-4ab8-9327-5f3291665e1e::v2,0.92572,0.733782,0.191938,0.279018,99146c54-4f37-4ab8-9327-5f3291665e1e
bge-large-en-v1.5,chrome,upper,99146c54-4f37-4ab8-9327-5f3291665e1e::v3,0.926688,0.690823,0.235865,0.237119,99146c54-4f37-4ab8-9327-5f3291665e1e
bge-large-en-v1.5,chrome,upper,99146c54-4f37-4ab8-9327-5f3291665e1e::v4,0.926628,0.732711,0.193917,0.274505,99146c54-4f37-4ab8-9327-5f3291665e1e
bge-large-en-v1.5,chrome,upper,9f3f70fc-5afc-4958-a7b7-3bb4fcb01805::v0,0.93884,0.534809,0.404032,0.131472,9f3f70fc-5afc-4958-a7b7-3bb4fcb01805
bge-large-en-v1.5,chrome,upper,9f3f70fc-5afc-4958-a7b7-3bb4fcb01805::v1,0.92486,0.606373,0.318487,0.190891,9f3f70fc-5afc-4958-a7b7-3bb4fcb01805
bge-large-en-v1.5,chrome,upper,9f3f70fc-5afc-4958-a7b7-3bb4fcb01805::v2,0.892811,0.638794,0.254017,0.296752,9f3f70fc-5afc-4958-a7b7-3bb4fcb01805
bge-large-en-v1.5,chrome,upper,9f3f70fc-5afc-4958-a7b7-3bb4fcb01805::v3,0.9621,0.605604,0.356496,0.096096,9f3f70fc-5afc-4958-a7b7-3bb4fcb01805
bge-large-en-v1.5,chrome,upper,9f3f70fc-5afc-4958-a7b7-3bb4fcb01805::v4,0.871499,0.606357,0.265143,0.326439,9f3f70fc-5afc-4958-a7b7-3bb4fcb01805
bge-large-en-v1.5,chrome,upper,9f935cce-0a9f-435f-8007-817732bfc0a5::v0,0.920359,0.566769,0.35359,0.183831,9f935cce-0a9f-435f-8007-817732bfc0a5
bge-large-en-v1.5,chrome,upper,9f935cce-0a9f-435f-8007-817732bfc0a5::v1,0.936372,0.591761,0.344611,0.155861,9f935cce-0a9f-435f-8007-817732bfc0a5
bge-large-en-v1.5,chrome,upper,9f935cce-0a9f-435f-8007-817732bfc0a5::v2,0.926204,0.588483,0.337721,0.179327,9f935cce-0a9f-435f-8007-817732bfc0a5
bge-large-en-v1.5,chrome,upper,9f935cce-0a9f-435f-8007-817732bfc0a5::v3,0.874012,0.528282,0.34573,0.267083,9f935cce-0a9f-435f-8007-817732bfc0a5
bge-large-en-v1.5,chrome,upper,9f935cce-0a9f-435f-8007-817732bfc0a5::v4,0.940046,0.568371,0.371674,0.138903,9f935cce-0a9f-435f-8007-817732bfc0a5
bge-large-en-v1.5,chrome,upper,a728a36e-8bf1-4bb6-9a03-ef039a5233f0::v0,0.963904,0.592145,0.371758,0.088503,a728a36e-8bf1-4bb6-9a03-ef039a5233f0
bge-large-en-v1.5,chrome,upper,a728a36e-8bf1-4bb6-9a03-ef039a5233f0::v1,0.894481,0.533215,0.361266,0.226054,a728a36e-8bf1-4bb6-9a03-ef039a5233f0
bge-large-en-v1.5,chrome,upper,a728a36e-8bf1-4bb6-9a03-ef039a5233f0::v2,0.912084,0.624289,0.287794,0.234001,a728a36e-8bf1-4bb6-9a03-ef039a5233f0
bge-large-en-v1.5,chrome,upper,a728a36e-8bf1-4bb6-9a03-ef039a5233f0::v3,0.890909,0.587997,0.302912,0.264782,a728a36e-8bf1-4bb6-9a03-ef039a5233f0
bge-large-en-v1.5,chrome,upper,a728a36e-8bf1-4bb6-9a03-ef039a5233f0::v4,0.919079,0.570189,0.34889,0.188271,a728a36e-8bf1-4bb6-9a03-ef039a5233f0
bge-large-en-v1.5,chrome,upper,a96b564e-dbe9-42c3-9ccf-b4498073438a::v0,0.929062,0.616854,0.312208,0.185145,a96b564e-dbe9-42c3-9ccf-b4498073438a
bge-large-en-v1.5,chrome,upper,a96b564e-dbe9-42c3-9ccf-b4498073438a::v1,0.847711,0.628754,0.218957,0.41021,a96b564e-dbe9-42c3-9ccf-b4498073438a
bge-large-en-v1.5,chrome,upper,a96b564e-dbe9-42c3-9ccf-b4498073438a::v2,0.874326,0.6082,0.266126,0.320761,a96b564e-dbe9-42c3-9ccf-b4498073438a
bge-large-en-v1.5,chrome,upper,a96b564e-dbe9-42c3-9ccf-b4498073438a::v3,0.931564,0.609931,0.321632,0.175447,a96b564e-dbe9-42c3-9ccf-b4498073438a
bge-large-en-v1.5,chrome,upper,a96b564e-dbe9-42c3-9ccf-b4498073438a::v4,0.87317,0.623323,0.249847,0.336708,a96b564e-dbe9-42c3-9ccf-b4498073438a
bge-large-en-v1.5,chrome,upper,ae78f875-5b98-4907-bbb5-9c737fc68c03::v0,0.785536,0.538522,0.247014,0.464732,ae78f875-5b98-4907-bbb5-9c737fc68c03
bge-large-en-v1.5,chrome,upper,ae78f875-5b98-4907-bbb5-9c737fc68c03::v1,0.895914,0.630661,0.265253,0.281818,ae78f875-5b98-4907-bbb5-9c737fc68c03
bge-large-en-v1.5,chrome,upper,ae78f875-5b98-4907-bbb5-9c737fc68c03::v2,0.799508,0.650859,0.148649,0.574243,ae78f875-5b98-4907-bbb5-9c737fc68c03
bge-large-en-v1.5,chrome,upper,ae78f875-5b98-4907-bbb5-9c737fc68c03::v3,0.800951,0.566921,0.23403,0.459615,ae78f875-5b98-4907-bbb5-9c737fc68c03
bge-large-en-v1.5,chrome,upper,ae78f875-5b98-4907-bbb5-9c737fc68c03::v4,0.865638,0.640446,0.225191,0.373692,ae78f875-5b98-4907-bbb5-9c737fc68c03
bge-large-en-v1.5,chrome,upper,af630914-714e-4a24-a7bb-f9af687d3b91::v0,0.911245,0.666355,0.24489,0.266016,af630914-714e-4a24-a7bb-f9af687d3b91
bge-large-en-v1.5,chrome,upper,af630914-714e-4a24-a7bb-f9af687d3b91::v1,0.914977,0.662902,0.252075,0.252221,af630914-714e-4a24-a7bb-f9af687d3b91
bge-large-en-v1.5,chrome,upper,af630914-714e-4a24-a7bb-f9af687d3b91::v2,0.883154,0.627832,0.255321,0.313962,af630914-714e-4a24-a7bb-f9af687d3b91
bge-large-en-v1.5,chrome,upper,af630914-714e-4a24-a7bb-f9af687d3b91::v3,0.936133,0.688757,0.247376,0.2052,af630914-714e-4a24-a7bb-f9af687d3b91
bge-large-en-v1.5,chrome,upper,af630914-714e-4a24-a7bb-f9af687d3b91::v4,0.89559,0.622736,0.272854,0.276756,af630914-714e-4a24-a7bb-f9af687d3b91
bge-large-en-v1.5,chrome,upper,b070486d-e161-459b-aa2b-ef442d973b92::v0,0.965729,0.588875,0.376854,0.083359,b070486d-e161-459b-aa2b-ef442d973b92
bge-large-en-v1.5,chrome,upper,b070486d-e161-459b-aa2b-ef442d973b92::v1,0.908856,0.514655,0.394201,0.187792,b070486d-e161-459b-aa2b-ef442d973b92
bge-large-en-v1.5,chrome,upper,b070486d-e161-459b-aa2b-ef442d973b92::v2,0.891093,0.588793,0.302299,0.264848,b070486d-e161-459b-aa2b-ef442d973b92
bge-large-en-v1.5,chrome,upper,b070486d-e161-459b-aa2b-ef442d973b92::v3,0.913263,0.536173,0.377089,0.187004,b070486d-e161-459b-aa2b-ef442d973b92
bge-large-en-v1.5,chrome,upper,b070486d-e161-459b-aa2b-ef442d973b92::v4,0.904476,0.570273,0.334203,0.222289,b070486d-e161-459b-aa2b-ef442d973b92
bge-large-en-v1.5,chrome,upper,b4f95342-463e-4179-8c3f-193cd7241fb2::v0,0.988411,0.606506,0.381906,0.029451,b4f95342-463e-4179-8c3f-193cd7241fb2
bge-large-en-v1.5,chrome,upper,b4f95342-463e-4179-8c3f-193cd7241fb2::v1,0.911646,0.605704,0.305942,0.224081,b4f95342-463e-4179-8c3f-193cd7241fb2
bge-large-en-v1.5,chrome,upper,b4f95342-463e-4179-8c3f-193cd7241fb2::v2,0.929809,0.603446,0.326363,0.177002,b4f95342-463e-4179-8c3f-193cd7241fb2
bge-large-en-v1.5,chrome,upper,b4f95342-463e-4179-8c3f-193cd7241fb2::v3,0.918491,0.591397,0.327093,0.199484,b4f95342-463e-4179-8c3f-193cd7241fb2
bge-large-en-v1.5,chrome,upper,b4f95342-463e-4179-8c3f-193cd7241fb2::v4,0.922849,0.590518,0.332331,0.188412,b4f95342-463e-4179-8c3f-193cd7241fb2
bge-large-en-v1.5,chrome,upper,b7895e80-f4d1-4648-bee0-4eb45a6f1fa8::v0,0.931668,0.661971,0.269697,0.202149,b7895e80-f4d1-4648-bee0-4eb45a6f1fa8
bge-large-en-v1.5,chrome,upper,b7895e80-f4d1-4648-bee0-4eb45a6f1fa8::v1,0.874037,0.630409,0.243627,0.340819,b7895e80-f4d1-4648-bee0-4eb45a6f1fa8
bge-large-en-v1.5,chrome,upper,b7895e80-f4d1-4648-bee0-4eb45a6f1fa8::v2,0.893688,0.665152,0.228536,0.317492,b7895e80-f4d1-4648-bee0-4eb45a6f1fa8
bge-large-en-v1.5,chrome,upper,b7895e80-f4d1-4648-bee0-4eb45a6f1fa8::v3,0.896859,0.630428,0.266431,0.279081,b7895e80-f4d1-4648-bee0-4eb45a6f1fa8
bge-large-en-v1.5,chrome,upper,b7895e80-f4d1-4648-bee0-4eb45a6f1fa8::v4,0.905963,0.636785,0.269178,0.258901,b7895e80-f4d1-4648-bee0-4eb45a6f1fa8
bge-large-en-v1.5,chrome,upper,bb5e4c0d-f964-439c-97b6-bdb9747de3f4::v0,0.814091,0.642202,0.171889,0.519592,bb5e4c0d-f964-439c-97b6-bdb9747de3f4
bge-large-en-v1.5,chrome,upper,bb5e4c0d-f964-439c-97b6-bdb9747de3f4::v1,0.904375,0.646612,0.257763,0.270595,bb5e4c0d-f964-439c-97b6-bdb9747de3f4
bge-large-en-v1.5,chrome,upper,bb5e4c0d-f964-439c-97b6-bdb9747de3f4::v2,0.851665,0.649335,0.20233,0.42301,bb5e4c0d-f964-439c-97b6-bdb9747de3f4
bge-large-en-v1.5,chrome,upper,bb5e4c0d-f964-439c-97b6-bdb9747de3f4::v3,0.817091,0.612736,0.204355,0.472312,bb5e4c0d-f964-439c-97b6-bdb9747de3f4
bge-large-en-v1.5,chrome,upper,bb5e4c0d-f964-439c-97b6-bdb9747de3f4::v4,0.892218,0.625042,0.267176,0.28745,bb5e4c0d-f964-439c-97b6-bdb9747de3f4
bge-large-en-v1.5,chrome,upper,c1fa57f3-c3db-4596-8f09-020701085416::v0,0.972721,0.622624,0.350097,0.072287,c1fa57f3-c3db-4596-8f09-020701085416
bge-large-en-v1.5,chrome,upper,c1fa57f3-c3db-4596-8f09-020701085416::v1,0.932715,0.617036,0.31568,0.175694,c1fa57f3-c3db-4596-8f09-020701085416
bge-large-en-v1.5,chrome,upper,c1fa57f3-c3db-4596-8f09-020701085416::v2,0.951308,0.644422,0.306886,0.136938,c1fa57f3-c3db-4596-8f09-020701085416
bge-large-en-v1.5,chrome,upper,c1fa57f3-c3db-4596-8f09-020701085416::v3,0.950083,0.595743,0.35434,0.123479,c1fa57f3-c3db-4596-8f09-020701085416
bge-large-en-v1.5,chrome,upper,c1fa57f3-c3db-4596-8f09-020701085416::v4,0.90263,0.610583,0.292048,0.250039,c1fa57f3-c3db-4596-8f09-020701085416
bge-large-en-v1.5,chrome,upper,cabb3bae-cccb-41bd-9f5d-0f3a9fecd825::v0,0.972831,0.59105,0.381781,0.066435,cabb3bae-cccb-41bd-9f5d-0f3a9fecd825
bge-large-en-v1.5,chrome,upper,cabb3bae-cccb-41bd-9f5d-0f3a9fecd825::v1,0.899888,0.583366,0.316522,0.240288,cabb3bae-cccb-41bd-9f5d-0f3a9fecd825
bge-large-en-v1.5,chrome,upper,cabb3bae-cccb-41bd-9f5d-0f3a9fecd825::v2,0.909553,0.59198,0.317573,0.221673,cabb3bae-cccb-41bd-9f5d-0f3a9fecd825
bge-large-en-v1.5,chrome,upper,cabb3bae-cccb-41bd-9f5d-0f3a9fecd825::v3,0.964846,0.546133,0.418713,0.077455,cabb3bae-cccb-41bd-9f5d-0f3a9fecd825
bge-large-en-v1.5,chrome,upper,cabb3bae-cccb-41bd-9f5d-0f3a9fecd825::v4,0.924375,0.571528,0.352847,0.176499,cabb3bae-cccb-41bd-9f5d-0f3a9fecd825
bge-large-en-v1.5,chrome,upper,da46d875-6b82-4681-9284-653b0c7ae241::v0,0.958151,0.591493,0.366657,0.102444,da46d875-6b82-4681-9284-653b0c7ae241
bge-large-en-v1.5,chrome,upper,da46d875-6b82-4681-9284-653b0c7ae241::v1,0.881248,0.636783,0.244465,0.326945,da46d875-6b82-4681-9284-653b0c7ae241
bge-large-en-v1.5,chrome,upper,da46d875-6b82-4681-9284-653b0c7ae241::v2,0.901748,0.625083,0.276665,0.262063,da46d875-6b82-4681-9284-653b0c7ae241
bge-large-en-v1.5,chrome,upper,da46d875-6b82-4681-9284-653b0c7ae241::v3,0.902536,0.546028,0.356508,0.214691,da46d875-6b82-4681-9284-653b0c7ae241
bge-large-en-v1.5,chrome,upper,da46d875-6b82-4681-9284-653b0c7ae241::v4,0.903848,0.614428,0.28942,0.249374,da46d875-6b82-4681-9284-653b0c7ae241
bge-large-en-v1.5,chrome,upper,e1e75309-3ddb-4d09-92ec-de869c928143::v0,0.899967,0.660516,0.239452,0.29466,e1e75309-3ddb-4d09-92ec-de869c928143
bge-large-en-v1.5,chrome,upper,e1e75309-3ddb-4d09-92ec-de869c928143::v1,0.906078,0.678708,0.227369,0.292327,e1e75309-3ddb-4d09-92ec-de869c928143
bge-large-en-v1.5,chrome,upper,e1e75309-3ddb-4d09-92ec-de869c928143::v2,0.905817,0.674916,0.230902,0.289718,e1e75309-3ddb-4d09-92ec-de869c928143
bge-large-en-v1.5,chrome,upper,e1e75309-3ddb-4d09-92ec-de869c928143::v3,0.908631,0.642459,0.266171,0.255549,e1e75309-3ddb-4d09-92ec-de869c928143
bge-large-en-v1.5,chrome,upper,e1e75309-3ddb-4d09-92ec-de869c928143::v4,0.892855,0.648656,0.244199,0.304957,e1e75309-3ddb-4d09-92ec-de869c928143
bge-large-en-v1.5,chrome,upper,f0b971a1-6831-4b9b-a50e-22a6e47f45ba::v0,0.953527,0.544493,0.409035,0.102024,f0b971a1-6831-4b9b-a50e-22a6e47f45ba
bge-large-en-v1.5,chrome,upper,f0b971a1-6831-4b9b-a50e-22a6e47f45ba::v1,0.922335,0.520385,0.401951,0.161931,f0b971a1-6831-4b9b-a50e-22a6e47f45ba
bge-large-en-v1.5,chrome,upper,f0b971a1-6831-4b9b-a50e-22a6e47f45ba::v2,0.955745,0.578838,0.376907,0.105079,f0b971a1-6831-4b9b-a50e-22a6e47f45ba
bge-large-en-v1.5,chrome,upper,f0b971a1-6831-4b9b-a50e-22a6e47f45ba::v3,0.940807,0.538597,0.40221,0.128289,f0b971a1-6831-4b9b-a50e-22a6e47f45ba
bge-large-en-v1.5,chrome,upper,f0b971a1-6831-4b9b-a50e-22a6e47f45ba::v4,0.950926,0.515614,0.435312,0.101312,f0b971a1-6831-4b9b-a50e-22a6e47f45ba
bge-large-en-v1.5,chrome,upper,f3b19d1e-2d48-44e9-b4e1-defcae1a0197::v0,0.957396,0.635459,0.321938,0.116869,f3b19d1e-2d48-44e9-b4e1-defcae1a0197
bge-large-en-v1.5,chrome,upper,f3b19d1e-2d48-44e9-b4e1-defcae1a0197::v1,0.911562,0.629475,0.282087,0.238683,f3b19d1e-2d48-44e9-b4e1-defcae1a0197
bge-large-en-v1.5,chrome,upper,f3b19d1e-2d48-44e9-b4e1-defcae1a0197::v2,0.9466,0.612527,0.334072,0.137817,f3b19d1e-2d48-44e9-b4e1-defcae1a0197
bge-large-en-v1.5,chrome,upper,f3b19d1e-2d48-44e9-b4e1-defcae1a0197::v3,0.949306,0.584354,0.364952,0.121964,f3b19d1e-2d48-44e9-b4e1-defcae1a0197
bge-large-en-v1.5,chrome,upper,f3b19d1e-2d48-44e9-b4e1-defcae1a0197::v4,0.905722,0.642072,0.26365,0.263399,f3b19d1e-2d48-44e9-b4e1-defcae1a0197
bge-large-en-v1.5,chrome,upper,f5d96daf-83a8-4c86-9686-bada31fc66ab::v0,0.890679,0.517206,0.373473,0.226433,f5d96daf-83a8-4c86-9686-bada31fc66ab
bge-large-en-v1.5,chrome,upper,f5d96daf-83a8-4c86-9686-bada31fc66ab::v1,0.967216,0.461316,0.5059,0.060859,f5d96daf-83a8-4c86-9686-bada31fc66ab
bge-large-en-v1.5,chrome,upper,f5d96daf-83a8-4c86-9686-bada31fc66ab::v2,0.864773,0.551241,0.313532,0.301335,f5d96daf-83a8-4c86-9686-bada31fc66ab
bge-large-en-v1.5,chrome,upper,f5d96daf-83a8-4c86-9686-bada31fc66ab::v3,0.907837,0.487757,0.42008,0.17992,f5d96daf-83a8-4c86-9686-bada31fc66ab
bge-large-en-v1.5,chrome,upper,f5d96daf-83a8-4c86-9686-bada31fc66ab::v4,0.94726,0.434583,0.512677,0.093277,f5d96daf-83a8-4c86-9686-bada31fc66ab
bge-large-en-v1.5,chrome,upper,f79439ad-3ee8-4f99-a518-0eb60e5652b0::v0,0.960215,0.641402,0.318812,0.110947,f79439ad-3ee8-4f99-a518-0eb60e5652b0
bge-large-en-v1.5,chrome,upper,f79439ad-3ee8-4f99-a518-0eb60e5652b0::v1,0.957705,0.610134,0.347571,0.108486,f79439ad-3ee8-4f99-a518-0eb60e5652b0
bge-large-en-v1.5,chrome,upper,f79439ad-3ee8-4f99-a518-0eb60e5652b0::v2,0.960571,0.651134,0.309437,0.113019,f79439ad-3ee8-4f99-a518-0eb60e5652b0
bge-large-en-v1.5,chrome,upper,f79439ad-3ee8-4f99-a518-0eb60e5652b0::v3,0.95289,0.662682,0.290208,0.13966,f79439ad-3ee8-4f99-a518-0eb60e5652b0
bge-large-en-v1.5,chrome,upper,f79439ad-3ee8-4f99-a518-0eb60e5652b0::v4,0.955782,0.626568,0.329214,0.118409,f79439ad-3ee8-4f99-a518-0eb60e5652b0
bge-large-en-v1.5,chrome,upper,fc6d8143-9452-4171-9459-7f515143419a::v0,0.971197,0.672626,0.298571,0.087981,fc6d8143-9452-4171-9459-7f515143419a
bge-large-en-v1.5,chrome,upper,fc6d8143-9452-4171-9459-7f515143419a::v1,0.947547,0.648598,0.298949,0.149268,fc6d8143-9452-4171-9459-7f515143419a
bge-large-en-v1.5,chrome,upper,fc6d8143-9452-4171-9459-7f515143419a::v2,0.938564,0.64773,0.290834,0.174401,fc6d8143-9452-4171-9459-7f515143419a
bge-large-en-v1.5,chrome,upper,fc6d8143-9452-4171-9459-7f515143419a::v3,0.94311,0.684127,0.258983,0.180103,fc6d8143-9452-4171-9459-7f515143419a
bge-large-en-v1.5,chrome,upper,fc6d8143-9452-4171-9459-7f515143419a::v4,0.93427,0.639301,0.294969,0.182229,fc6d8143-9452-4171-9459-7f515143419a
bge-large-en-v1.5,gimp,verdict,gimp_add_border_export,0.697691,0.672864,0.024827,0.924109,06ca5602-62ca-47f6-ad4f-da151cde54cc
bge-large-en-v1.5,gimp,verdict,gimp_add_guide_50pct,0.731794,0.725207,0.006586,0.976031,f4aec372-4fb0-4df5-a52b-79e0e2a5d6ce
bge-large-en-v1.5,gimp,verdict,gimp_add_layer_mask_black,0.666295,0.662254,0.004041,0.988035,734d6579-c07d-47a8-9ae2-13339795476b
bge-large-en-v1.5,gimp,verdict,gimp_alpha_channel_erase,0.682906,0.637341,0.045565,0.87436,b148e375-fe0b-4bec-90e7-38632b0d73c2
bge-large-en-v1.5,gimp,verdict,gimp_brighten_photo,0.869272,0.831375,0.037897,0.775258,7a4deb26-d57d-4ea9-9a73-630f66a7b568
bge-large-en-v1.5,gimp,verdict,gimp_canvas_size_white_fill,0.664078,0.660026,0.004053,0.988079,d16c99dc-2a1e-46f2-b350-d97c86c85c15
bge-large-en-v1.5,gimp,verdict,gimp_channel_new_mask,0.700045,0.573342,0.126703,0.703034,b148e375-fe0b-4bec-90e7-38632b0d73c2
bge-large-en-v1.5,gimp,verdict,gimp_convert_webp,0.719889,0.699097,0.020792,0.9309,62f7fd55-0687-4a43-b6e1-3eda16fc6252
bge-large-en-v1.5,gimp,verdict,gimp_crop_square_512,0.705901,0.661277,0.044624,0.868259,d16c99dc-2a1e-46f2-b350-d97c86c85c15
bge-large-en-v1.5,gimp,verdict,gimp_curves_adjustment,0.706018,0.688692,0.017326,0.944344,554785e9-4523-4e7a-b8e1-8016f565f56a
bge-large-en-v1.5,gimp,verdict,gimp_drop_shadow_filter,0.719612,0.681205,0.038407,0.879525,2a729ded-3296-423d-aec4-7dd55ed5fbb3
bge-large-en-v1.5,gimp,verdict,gimp_export_gif,0.720094,0.697864,0.022231,0.926422,dbbf4b99-2253-4b10-9274-45f246af2466
bge-large-en-v1.5,gimp,verdict,gimp_export_output_png,0.897104,0.747455,0.149648,0.407437,77b8ab4d-994f-43ac-8930-8ca087d7c4b4
bge-large-en-v1.5,gimp,verdict,gimp_export_pdf,0.72865,0.654141,0.074509,0.784568,77b8ab4d-994f-43ac-8930-8ca087d7c4b4
bge-large-en-v1.5,gimp,verdict,gimp_export_psd,0.795325,0.719474,0.075852,0.729609,77b8ab4d-994f-43ac-8930-8ca087d7c4b4
bge-large-en-v1.5,gimp,verdict,gimp_export_tiff,0.727433,0.719537,0.007895,0.971849,dbbf4b99-2253-4b10-9274-45f246af2466
bge-large-en-v1.5,gimp,verdict,gimp_flip_vertical,0.818478,0.614481,0.203996,0.470852,72f83cdc-bf76-4531-9a1b-eb893a13f8aa
bge-large-en-v1.5,gimp,verdict,gimp_fuzzy_select_fill,0.66672,0.639597,0.027123,0.924743,fbb548ca-c2a6-4601-9204-e39a2efc507b
bge-large-en-v1.5,gimp,verdict,gimp_gaussian_blur_dialog,0.782129,0.717625,0.064504,0.771566,a746add2-cab0-4740-ac36-c3769d9bfb46
bge-large-en-v1.5,gimp,verdict,gimp_gradient_fill_canvas,0.623847,0.597363,0.026483,0.934226,06ca5602-62ca-47f6-ad4f-da151cde54cc
bge-large-en-v1.5,gimp,verdict,gimp_grayscale_mode,0.833929,0.731668,0.102261,0.6189,06ca5602-62ca-47f6-ad4f-da151cde54cc
bge-large-en-v1.5,gimp,verdict,gimp_group_layers,0.627781,0.577733,0.050048,0.881478,b148e375-fe0b-4bec-90e7-38632b0d73c2
bge-large-en-v1.5,gimp,verdict,gimp_hide_right_docks,0.801236,0.664886,0.13635,0.593124,d52d6308-ec58-42b7-a2c9-de80e4837b2b
bge-large-en-v1.5,gimp,verdict,gimp_icon_theme_legacy,0.791877,0.73716,0.054718,0.791822,7767eef2-56a3-4cea-8c9f-48c070c7d65b
bge-large-en-v1.5,gimp,verdict,gimp_indexed_16_colors,0.70601,0.66181,0.0442,0.869305,06ca5602-62ca-47f6-ad4f-da151cde54cc
bge-large-en-v1.5,gimp,verdict,gimp_indexed_color_mode,0.796424,0.776363,0.020061,0.910297,045bf3ff-9077-4b86-b483-a1040a949cff
bge-large-en-v1.5,gimp,verdict,gimp_layer_blend_screen,0.730241,0.714832,0.015409,0.945966,7767eef2-56a3-4cea-8c9f-48c070c7d65b
bge-large-en-v1.5,gimp,verdict,gimp_layer_preview_large,0.6601,0.637864,0.022237,0.938596,d16c99dc-2a1e-46f2-b350-d97c86c85c15
bge-large-en-v1.5,gimp,verdict,gimp_levels_adjustment,0.649814,0.636445,0.01337,0.963225,7767eef2-56a3-4cea-8c9f-48c070c7d65b
bge-large-en-v1.5,gimp,verdict,gimp_lower_contrast,0.815861,0.784059,0.031803,0.852725,7a4deb26-d57d-4ea9-9a73-630f66a7b568
bge-large-en-v1.5,gimp,verdict,gimp_merge_visible_clip,0.671633,0.667853,0.003779,0.988622,8ea73f6f-9689-42ad-8c60-195bbf06a7ba
bge-large-en-v1.5,gimp,verdict,gimp_moon_top_left,0.79449,0.70293,0.09156,0.691791,f4aec372-4fb0-4df5-a52b-79e0e2a5d6ce
bge-large-en-v1.5,gimp,verdict,gimp_new_layer_half_opacity,0.70939,0.704117,0.005273,0.98218,b148e375-fe0b-4bec-90e7-38632b0d73c2
bge-large-en-v1.5,gimp,verdict,gimp_new_layer_multiply,0.737474,0.658344,0.07913,0.768394,b148e375-fe0b-4bec-90e7-38632b0d73c2
bge-large-en-v1.5,gimp,verdict,gimp_new_layer_name,0.840394,0.656068,0.184326,0.464062,b148e375-fe0b-4bec-90e7-38632b0d73c2
bge-large-en-v1.5,gimp,verdict,gimp_new_layer_white_fill,0.717707,0.693579,0.024129,0.921257,b148e375-fe0b-4bec-90e7-38632b0d73c2
bge-large-en-v1.5,gimp,verdict,gimp_new_text_sale,0.699004,0.680178,0.018827,0.941134,b148e375-fe0b-4bec-90e7-38632b0d73c2
bge-large-en-v1.5,gimp,verdict,gimp_path_new_outline,0.709531,0.590841,0.11869,0.709917,b148e375-fe0b-4bec-90e7-38632b0d73c2
bge-large-en-v1.5,gimp,verdict,gimp_pointer_crosshair,0.63314,0.596381,0.03676,0.908924,d52d6308-ec58-42b7-a2c9-de80e4837b2b
bge-large-en-v1.5,gimp,verdict,gimp_posterize_effect,0.623867,0.622239,0.001628,0.995691,2a729ded-3296-423d-aec4-7dd55ed5fbb3
bge-large-en-v1.5,gimp,verdict,gimp_recent_files_20,0.731373,0.684657,0.046717,0.851854,2e6f678f-472d-4c55-99cc-8e7c5c402a71
bge-large-en-v1.5,gimp,verdict,gimp_red_background_layer,0.752396,0.695253,0.057143,0.81249,734d6579-c07d-47a8-9ae2-13339795476b
bge-large-en-v1.5,gimp,verdict,gimp_reduce_saturation,0.857012,0.823006,0.034006,0.80787,7a4deb26-d57d-4ea9-9a73-630f66a7b568
bge-large-en-v1.5,gimp,verdict,gimp_resize_layer_256,0.805495,0.678332,0.127163,0.604675,d16c99dc-2a1e-46f2-b350-d97c86c85c15
bge-large-en-v1.5,gimp,verdict,gimp_rotate_90_export,0.763704,0.67717,0.086533,0.731953,72f83cdc-bf76-4531-9a1b-eb893a13f8aa
bge-large-en-v1.5,gimp,verdict,gimp_save_project_xcf,0.744217,0.716425,0.027792,0.901995,dbbf4b99-2253-4b10-9274-45f246af2466
bge-large-en-v1.5,gimp,verdict,gimp_scale_image_800x600,0.686392,0.680807,0.005585,0.982503,77b8ab4d-994f-43ac-8930-8ca087d7c4b4
bge-large-en-v1.5,gimp,verdict,gimp_scriptfu_export,0.713835,0.692856,0.02098,0.931695,dbbf4b99-2253-4b10-9274-45f246af2466
bge-large-en-v1.5,gimp,verdict,gimp_selection_feather_25,0.660509,0.655817,0.004691,0.986369,2e6f678f-472d-4c55-99cc-8e7c5c402a71
bge-large-en-v1.5,gimp,verdict,gimp_selection_grow_10,0.668692,0.662512,0.00618,0.981688,8ea73f6f-9689-42ad-8c60-195bbf06a7ba
bge-large-en-v1.5,gimp,verdict,gimp_text_box_right,0.833174,0.633579,0.199595,0.455284,e2dd0213-26db-4349-abe5-d5667bfd725c
bge-large-en-v1.5,gimp,verdict,gimp_toggle_multi_window_mode,0.728437,0.716299,0.012138,0.957215,045bf3ff-9077-4b86-b483-a1040a949cff
bge-large-en-v1.5,gimp,verdict,gimp_toolbox_logo_off,0.645801,0.591407,0.054394,0.866875,d52d6308-ec58-42b7-a2c9-de80e4837b2b
bge-large-en-v1.5,gimp,verdict,gimp_undo_levels_50,0.758292,0.712698,0.045594,0.841305,7b7617bd-57cc-468e-9c91-40c4ec2bcb3d
bge-large-en-v1.5,gimp,verdict,gimp_white_background,0.796497,0.714881,0.081616,0.713746,2a729ded-3296-423d-aec4-7dd55ed5fbb3
bge-large-en-v1.5,gimp,lower,045bf3ff-9077-4b86-b483-a1040a949cff,0.755686,0.736746,0.01894,0.928056,62f7fd55-0687-4a43-b6e1-3eda16fc6252
bge-large-en-v1.5,gimp,lower,06ca5602-62ca-47f6-ad4f-da151cde54cc,0.76906,0.738791,0.030269,0.884119,7767eef2-56a3-4cea-8c9f-48c070c7d65b
bge-large-en-v1.5,gimp,lower,2a729ded-3296-423d-aec4-7dd55ed5fbb3,0.734789,0.708615,0.026174,0.910175,06ca5602-62ca-47f6-ad4f-da151cde54cc
bge-large-en-v1.5,gimp,lower,2e6f678f-472d-4c55-99cc-8e7c5c402a71,0.759573,0.743585,0.015988,0.937646,e19bd559-633b-4b02-940f-d946248f088e
bge-large-en-v1.5,gimp,lower,38f48d40-764e-4e77-a7cf-51dfce880291,0.664031,0.65988,0.004151,0.987796,dbbf4b99-2253-4b10-9274-45f246af2466
bge-large-en-v1.5,gimp,lower,554785e9-4523-4e7a-b8e1-8016f565f56a,0.79748,0.791662,0.005818,0.972074,f723c744-e62c-4ae6-98d1-750d3cd7d79d
bge-large-en-v1.5,gimp,lower,58d3eeeb-e9d0-499f-962e-fd0db2a744d8,0.505144,0.499539,0.005605,0.988801,a746add2-cab0-4740-ac36-c3769d9bfb46
bge-large-en-v1.5,gimp,lower,5ca86c6f-f317-49d8-b6a7-b527541caae8,0.7745,0.67618,0.09832,0.696375,62f7fd55-0687-4a43-b6e1-3eda16fc6252
bge-large-en-v1.5,gimp,lower,62f7fd55-0687-4a43-b6e1-3eda16fc6252,0.7745,0.755686,0.018814,0.922991,5ca86c6f-f317-49d8-b6a7-b527541caae8
bge-large-en-v1.5,gimp,lower,72f83cdc-bf76-4531-9a1b-eb893a13f8aa,0.663166,0.627195,0.03597,0.903514,f4aec372-4fb0-4df5-a52b-79e0e2a5d6ce
bge-large-en-v1.5,gimp,lower,734d6579-c07d-47a8-9ae2-13339795476b,0.715056,0.707279,0.007777,0.973431,06ca5602-62ca-47f6-ad4f-da151cde54cc
bge-large-en-v1.5,gimp,lower,7767eef2-56a3-4cea-8c9f-48c070c7d65b,0.838915,0.76906,0.069855,0.697518,fbb548ca-c2a6-4601-9204-e39a2efc507b
bge-large-en-v1.5,gimp,lower,77b8ab4d-994f-43ac-8930-8ca087d7c4b4,0.726928,0.721255,0.005673,0.979648,62f7fd55-0687-4a43-b6e1-3eda16fc6252
bge-large-en-v1.5,gimp,lower,7a4deb26-d57d-4ea9-9a73-630f66a7b568,0.944297,0.791662,0.152634,0.267371,e19bd559-633b-4b02-940f-d946248f088e
bge-large-en-v1.5,gimp,lower,7b7617bd-57cc-468e-9c91-40c4ec2bcb3d,0.604248,0.547873,0.056375,0.875311,2e6f678f-472d-4c55-99cc-8e7c5c402a71
bge-large-en-v1.5,gimp,lower,8ea73f6f-9689-42ad-8c60-195bbf06a7ba,0.712126,0.711467,0.000659,0.997717,554785e9-4523-4e7a-b8e1-8016f565f56a
bge-large-en-v1.5,gimp,lower,a746add2-cab0-4740-ac36-c3769d9bfb46,0.674793,0.65275,0.022043,0.93652,06ca5602-62ca-47f6-ad4f-da151cde54cc
bge-large-en-v1.5,gimp,lower,b148e375-fe0b-4bec-90e7-38632b0d73c2,0.702802,0.68691,0.015893,0.94924,734d6579-c07d-47a8-9ae2-13339795476b
bge-large-en-v1.5,gimp,lower,d16c99dc-2a1e-46f2-b350-d97c86c85c15,0.708355,0.658134,0.050221,0.853098,8ea73f6f-9689-42ad-8c60-195bbf06a7ba
bge-large-en-v1.5,gimp,lower,d52d6308-ec58-42b7-a2c9-de80e4837b2b,0.728324,0.667153,0.061171,0.816217,e2dd0213-26db-4349-abe5-d5667bfd725c
bge-large-en-v1.5,gimp,lower,dbbf4b99-2253-4b10-9274-45f246af2466,0.736746,0.731203,0.005544,0.979375,045bf3ff-9077-4b86-b483-a1040a949cff
bge-large-en-v1.5,gimp,lower,e19bd559-633b-4b02-940f-d946248f088e,0.944297,0.759573,0.184723,0.231686,7a4deb26-d57d-4ea9-9a73-630f66a7b568
bge-large-en-v1.5,gimp,lower,e2dd0213-26db-4349-abe5-d5667bfd725c,0.728324,0.649612,0.078712,0.775357,d52d6308-ec58-42b7-a2c9-de80e4837b2b
bge-large-en-v1.5,gimp,lower,f4aec372-4fb0-4df5-a52b-79e0e2a5d6ce,0.678924,0.663165,0.015759,0.953216,06ca5602-62ca-47f6-ad4f-da151cde54cc
bge-large-en-v1.5,gimp,lower,f723c744-e62c-4ae6-98d1-750d3cd7d79d,0.79748,0.737573,0.059907,0.771719,554785e9-4523-4e7a-b8e1-8016f565f56a
bge-large-en-v1.5,gimp,lower,fbb548ca-c2a6-4601-9204-e39a2efc507b,0.838915,0.737556,0.10136,0.613785,7767eef2-56a3-4cea-8c9f-48c070c7d65b
bge-large-en-v1.5,gimp,cross_floor,045bf3ff-9077-4b86-b483-a1040a949cff,0.640766,0.635699,0.005067,0.986092,fba2c100-79e8-42df-ae74-b592418d54f4
bge-large-en-v1.5,gimp,cross_floor,06ca5602-62ca-47f6-ad4f-da151cde54cc,0.6821,0.670972,0.011128,0.96618,cb130f0d-d36f-4302-9838-b3baf46139b6
bge-large-en-v1.5,gimp,cross_floor,2a729ded-3296-423d-aec4-7dd55ed5fbb3,0.737894,0.641438,0.096456,0.730991,efcf0d81-0835-4880-b2fd-d866e8bc2294
bge-large-en-v1.5,gimp,cross_floor,2e6f678f-472d-4c55-99cc-8e7c5c402a71,0.692977,0.675836,0.017142,0.947121,cb130f0d-d36f-4302-9838-b3baf46139b6
bge-large-en-v1.5,gimp,cross_floor,38f48d40-764e-4e77-a7cf-51dfce880291,0.710397,0.701266,0.009132,0.969432,aa4b5023-aef6-4ed9-bdc9-705f59ab9ad6
bge-large-en-v1.5,gimp,cross_floor,554785e9-4523-4e7a-b8e1-8016f565f56a,0.675985,0.625455,0.05053,0.865089,cb130f0d-d36f-4302-9838-b3baf46139b6
bge-large-en-v1.5,gimp,cross_floor,58d3eeeb-e9d0-499f-962e-fd0db2a744d8,0.539649,0.490428,0.049221,0.903408,fba2c100-79e8-42df-ae74-b592418d54f4
bge-large-en-v1.5,gimp,cross_floor,5ca86c6f-f317-49d8-b6a7-b527541caae8,0.643345,0.607024,0.036321,0.907574,fba2c100-79e8-42df-ae74-b592418d54f4
bge-large-en-v1.5,gimp,cross_floor,62f7fd55-0687-4a43-b6e1-3eda16fc6252,0.649633,0.642778,0.006855,0.980811,6766f2b8-8a72-417f-a9e5-56fcaa735837
bge-large-en-v1.5,gimp,cross_floor,72f83cdc-bf76-4531-9a1b-eb893a13f8aa,0.624309,0.603242,0.021067,0.946903,efcf0d81-0835-4880-b2fd-d866e8bc2294
bge-large-en-v1.5,gimp,cross_floor,734d6579-c07d-47a8-9ae2-13339795476b,0.628733,0.575783,0.05295,0.875181,efcf0d81-0835-4880-b2fd-d866e8bc2294
bge-large-en-v1.5,gimp,cross_floor,7767eef2-56a3-4cea-8c9f-48c070c7d65b,0.675512,0.656826,0.018685,0.945551,cb130f0d-d36f-4302-9838-b3baf46139b6
bge-large-en-v1.5,gimp,cross_floor,77b8ab4d-994f-43ac-8930-8ca087d7c4b4,0.719819,0.695534,0.024285,0.920236,fba2c100-79e8-42df-ae74-b592418d54f4
bge-large-en-v1.5,gimp,cross_floor,7a4deb26-d57d-4ea9-9a73-630f66a7b568,0.674946,0.624803,0.050143,0.866354,cb130f0d-d36f-4302-9838-b3baf46139b6
bge-large-en-v1.5,gimp,cross_floor,7b7617bd-57cc-468e-9c91-40c4ec2bcb3d,0.544222,0.535826,0.008397,0.98191,99146c54-4f37-4ab8-9327-5f3291665e1e
bge-large-en-v1.5,gimp,cross_floor,8ea73f6f-9689-42ad-8c60-195bbf06a7ba,0.664252,0.634724,0.029528,0.919162,fba2c100-79e8-42df-ae74-b592418d54f4
bge-large-en-v1.5,gimp,cross_floor,a746add2-cab0-4740-ac36-c3769d9bfb46,0.666056,0.665432,0.000624,0.998134,fba2c100-79e8-42df-ae74-b592418d54f4
bge-large-en-v1.5,gimp,cross_floor,b148e375-fe0b-4bec-90e7-38632b0d73c2,0.591008,0.575603,0.015405,0.963701,fba2c100-79e8-42df-ae74-b592418d54f4
bge-large-en-v1.5,gimp,cross_floor,d16c99dc-2a1e-46f2-b350-d97c86c85c15,0.604632,0.60419,0.000443,0.998882,aa4b5023-aef6-4ed9-bdc9-705f59ab9ad6
bge-large-en-v1.5,gimp,cross_floor,d52d6308-ec58-42b7-a2c9-de80e4837b2b,0.660316,0.575608,0.084708,0.800401,215dfd39-f493-4bc3-a027-8a97d72c61bf
bge-large-en-v1.5,gimp,cross_floor,dbbf4b99-2253-4b10-9274-45f246af2466,0.672125,0.659916,0.012209,0.964101,fba2c100-79e8-42df-ae74-b592418d54f4
bge-large-en-v1.5,gimp,cross_floor,e19bd559-633b-4b02-940f-d946248f088e,0.697594,0.677702,0.019891,0.938283,cb130f0d-d36f-4302-9838-b3baf46139b6
bge-large-en-v1.5,gimp,cross_floor,e2dd0213-26db-4349-abe5-d5667bfd725c,0.602285,0.583875,0.01841,0.955758,215dfd39-f493-4bc3-a027-8a97d72c61bf
bge-large-en-v1.5,gimp,cross_floor,f4aec372-4fb0-4df5-a52b-79e0e2a5d6ce,0.596218,0.596217,2e-06,0.999996,efcf0d81-0835-4880-b2fd-d866e8bc2294
bge-large-en-v1.5,gimp,cross_floor,f723c744-e62c-4ae6-98d1-750d3cd7d79d,0.671006,0.608813,0.062193,0.841015,cb130f0d-d36f-4302-9838-b3baf46139b6
bge-large-en-v1.5,gimp,cross_floor,fbb548ca-c2a6-4601-9204-e39a2efc507b,0.613233,0.601491,0.011742,0.970536,d06f0d4d-2cd5-4ede-8de9-598629438c6e
bge-large-en-v1.5,gimp,upper,045bf3ff-9077-4b86-b483-a1040a949cff::v0,0.969269,0.777495,0.191774,0.138116,045bf3ff-9077-4b86-b483-a1040a949cff
bge-large-en-v1.5,gimp,upper,045bf3ff-9077-4b86-b483-a1040a949cff::v1,0.983003,0.769333,0.213669,0.073688,045bf3ff-9077-4b86-b483-a1040a949cff
bge-large-en-v1.5,gimp,upper,045bf3ff-9077-4b86-b483-a1040a949cff::v2,0.953425,0.749565,0.20386,0.185977,045bf3ff-9077-4b86-b483-a1040a949cff
bge-large-en-v1.5,gimp,upper,045bf3ff-9077-4b86-b483-a1040a949cff::v3,0.953568,0.766774,0.186794,0.199087,045bf3ff-9077-4b86-b483-a1040a949cff
bge-large-en-v1.5,gimp,upper,045bf3ff-9077-4b86-b483-a1040a949cff::v4,0.944983,0.726309,0.218675,0.201017,045bf3ff-9077-4b86-b483-a1040a949cff
bge-large-en-v1.5,gimp,upper,06ca5602-62ca-47f6-ad4f-da151cde54cc::v0,0.942709,0.717912,0.224797,0.203096,06ca5602-62ca-47f6-ad4f-da151cde54cc
bge-large-en-v1.5,gimp,upper,06ca5602-62ca-47f6-ad4f-da151cde54cc::v1,0.932383,0.800445,0.131938,0.338839,06ca5602-62ca-47f6-ad4f-da151cde54cc
bge-large-en-v1.5,gimp,upper,06ca5602-62ca-47f6-ad4f-da151cde54cc::v2,0.962288,0.758505,0.203784,0.156158,06ca5602-62ca-47f6-ad4f-da151cde54cc
bge-large-en-v1.5,gimp,upper,06ca5602-62ca-47f6-ad4f-da151cde54cc::v3,0.972044,0.728605,0.24344,0.103007,06ca5602-62ca-47f6-ad4f-da151cde54cc
bge-large-en-v1.5,gimp,upper,06ca5602-62ca-47f6-ad4f-da151cde54cc::v4,0.921238,0.773512,0.147726,0.347753,06ca5602-62ca-47f6-ad4f-da151cde54cc
bge-large-en-v1.5,gimp,upper,2a729ded-3296-423d-aec4-7dd55ed5fbb3::v0,0.941132,0.725314,0.215818,0.21431,2a729ded-3296-423d-aec4-7dd55ed5fbb3
bge-large-en-v1.5,gimp,upper,2a729ded-3296-423d-aec4-7dd55ed5fbb3::v1,0.987005,0.733545,0.253459,0.048772,2a729ded-3296-423d-aec4-7dd55ed5fbb3
bge-large-en-v1.5,gimp,upper,2a729ded-3296-423d-aec4-7dd55ed5fbb3::v2,0.940109,0.771179,0.16893,0.261737,2a729ded-3296-423d-aec4-7dd55ed5fbb3
bge-large-en-v1.5,gimp,upper,2a729ded-3296-423d-aec4-7dd55ed5fbb3::v3,0.96906,0.75448,0.21458,0.126019,2a729ded-3296-423d-aec4-7dd55ed5fbb3
bge-large-en-v1.5,gimp,upper,2a729ded-3296-423d-aec4-7dd55ed5fbb3::v4,0.920338,0.750389,0.16995,0.319143,2a729ded-3296-423d-aec4-7dd55ed5fbb3
bge-large-en-v1.5,gimp,upper,2e6f678f-472d-4c55-99cc-8e7c5c402a71::v0,0.966956,0.745988,0.220968,0.130087,2e6f678f-472d-4c55-99cc-8e7c5c402a71
bge-large-en-v1.5,gimp,upper,2e6f678f-472d-4c55-99cc-8e7c5c402a71::v1,0.947625,0.803936,0.14369,0.267131,2e6f678f-472d-4c55-99cc-8e7c5c402a71
bge-large-en-v1.5,gimp,upper,2e6f678f-472d-4c55-99cc-8e7c5c402a71::v2,0.942072,0.772164,0.169908,0.254252,2e6f678f-472d-4c55-99cc-8e7c5c402a71
bge-large-en-v1.5,gimp,upper,2e6f678f-472d-4c55-99cc-8e7c5c402a71::v3,0.977122,0.723529,0.253593,0.082749,2e6f678f-472d-4c55-99cc-8e7c5c402a71
bge-large-en-v1.5,gimp,upper,2e6f678f-472d-4c55-99cc-8e7c5c402a71::v4,0.919897,0.74375,0.176147,0.312597,2e6f678f-472d-4c55-99cc-8e7c5c402a71
bge-large-en-v1.5,gimp,upper,38f48d40-764e-4e77-a7cf-51dfce880291::v0,0.940123,0.649009,0.291114,0.170594,38f48d40-764e-4e77-a7cf-51dfce880291
bge-large-en-v1.5,gimp,upper,38f48d40-764e-4e77-a7cf-51dfce880291::v1,0.973522,0.688074,0.285448,0.084886,38f48d40-764e-4e77-a7cf-51dfce880291
bge-large-en-v1.5,gimp,upper,38f48d40-764e-4e77-a7cf-51dfce880291::v2,0.96213,0.671421,0.29071,0.115253,38f48d40-764e-4e77-a7cf-51dfce880291
bge-large-en-v1.5,gimp,upper,38f48d40-764e-4e77-a7cf-51dfce880291::v3,0.96563,0.699825,0.265806,0.114499,38f48d40-764e-4e77-a7cf-51dfce880291
bge-large-en-v1.5,gimp,upper,38f48d40-764e-4e77-a7cf-51dfce880291::v4,0.910459,0.707676,0.202784,0.306306,38f48d40-764e-4e77-a7cf-51dfce880291
bge-large-en-v1.5,gimp,upper,554785e9-4523-4e7a-b8e1-8016f565f56a::v0,0.942181,0.768372,0.17381,0.249618,554785e9-4523-4e7a-b8e1-8016f565f56a
bge-large-en-v1.5,gimp,upper,554785e9-4523-4e7a-b8e1-8016f565f56a::v1,0.957674,0.830574,0.1271,0.249819,554785e9-4523-4e7a-b8e1-8016f565f56a
bge-large-en-v1.5,gimp,upper,554785e9-4523-4e7a-b8e1-8016f565f56a::v2,0.965121,0.789796,0.175325,0.16593,554785e9-4523-4e7a-b8e1-8016f565f56a
bge-large-en-v1.5,gimp,upper,554785e9-4523-4e7a-b8e1-8016f565f56a::v3,0.986733,0.789178,0.197556,0.062929,554785e9-4523-4e7a-b8e1-8016f565f56a
bge-large-en-v1.5,gimp,upper,554785e9-4523-4e7a-b8e1-8016f565f56a::v4,0.896846,0.817836,0.079009,0.566272,554785e9-4523-4e7a-b8e1-8016f565f56a
bge-large-en-v1.5,gimp,upper,58d3eeeb-e9d0-499f-962e-fd0db2a744d8::v0,0.976774,0.553277,0.423496,0.051993,58d3eeeb-e9d0-499f-962e-fd0db2a744d8
bge-large-en-v1.5,gimp,upper,58d3eeeb-e9d0-499f-962e-fd0db2a744d8::v1,0.935467,0.554874,0.380593,0.144977,58d3eeeb-e9d0-499f-962e-fd0db2a744d8
bge-large-en-v1.5,gimp,upper,58d3eeeb-e9d0-499f-962e-fd0db2a744d8::v2,0.935583,0.586025,0.349558,0.155605,58d3eeeb-e9d0-499f-962e-fd0db2a744d8
bge-large-en-v1.5,gimp,upper,58d3eeeb-e9d0-499f-962e-fd0db2a744d8::v3,0.973477,0.511127,0.462351,0.054253,58d3eeeb-e9d0-499f-962e-fd0db2a744d8
bge-large-en-v1.5,gimp,upper,58d3eeeb-e9d0-499f-962e-fd0db2a744d8::v4,0.924984,0.565347,0.359637,0.172589,58d3eeeb-e9d0-499f-962e-fd0db2a744d8
bge-large-en-v1.5,gimp,upper,5ca86c6f-f317-49d8-b6a7-b527541caae8::v0,0.945807,0.731082,0.214725,0.201523,5ca86c6f-f317-49d8-b6a7-b527541caae8
bge-large-en-v1.5,gimp,upper,5ca86c6f-f317-49d8-b6a7-b527541caae8::v1,0.958928,0.809919,0.149009,0.216075,5ca86c6f-f317-49d8-b6a7-b527541caae8
bge-large-en-v1.5,gimp,upper,5ca86c6f-f317-49d8-b6a7-b527541caae8::v2,0.960265,0.792613,0.167652,0.191598,5ca86c6f-f317-49d8-b6a7-b527541caae8
bge-large-en-v1.5,gimp,upper,5ca86c6f-f317-49d8-b6a7-b527541caae8::v3,0.955394,0.721225,0.234169,0.160006,5ca86c6f-f317-49d8-b6a7-b527541caae8
bge-large-en-v1.5,gimp,upper,5ca86c6f-f317-49d8-b6a7-b527541caae8::v4,0.959247,0.775221,0.184026,0.181304,5ca86c6f-f317-49d8-b6a7-b527541caae8
bge-large-en-v1.5,gimp,upper,62f7fd55-0687-4a43-b6e1-3eda16fc6252::v0,0.963788,0.746538,0.21725,0.14287,62f7fd55-0687-4a43-b6e1-3eda16fc6252
bge-large-en-v1.5,gimp,upper,62f7fd55-0687-4a43-b6e1-3eda16fc6252::v1,0.984474,0.780674,0.2038,0.070789,62f7fd55-0687-4a43-b6e1-3eda16fc6252
bge-large-en-v1.5,gimp,upper,62f7fd55-0687-4a43-b6e1-3eda16fc6252::v2,0.975311,0.769421,0.20589,0.107074,62f7fd55-0687-4a43-b6e1-3eda16fc6252
bge-large-en-v1.5,gimp,upper,62f7fd55-0687-4a43-b6e1-3eda16fc6252::v3,0.952928,0.767157,0.185771,0.202161,62f7fd55-0687-4a43-b6e1-3eda16fc6252
bge-large-en-v1.5,gimp,upper,62f7fd55-0687-4a43-b6e1-3eda16fc6252::v4,0.95078,0.764262,0.186518,0.208791,62f7fd55-0687-4a43-b6e1-3eda16fc6252
bge-large-en-v1.5,gimp,upper,72f83cdc-bf76-4531-9a1b-eb893a13f8aa::v0,0.960433,0.63992,0.320513,0.109884,72f83cdc-bf76-4531-9a1b-eb893a13f8aa
bge-large-en-v1.5,gimp,upper,72f83cdc-bf76-4531-9a1b-eb893a13f8aa::v1,0.972233,0.655969,0.316264,0.080712,72f83cdc-bf76-4531-9a1b-eb893a13f8aa
bge-large-en-v1.5,gimp,upper,72f83cdc-bf76-4531-9a1b-eb893a13f8aa::v2,0.910729,0.629045,0.281684,0.240652,72f83cdc-bf76-4531-9a1b-eb893a13f8aa
bge-large-en-v1.5,gimp,upper,72f83cdc-bf76-4531-9a1b-eb893a13f8aa::v3,0.992449,0.65982,0.332629,0.022198,72f83cdc-bf76-4531-9a1b-eb893a13f8aa
bge-large-en-v1.5,gimp,upper,72f83cdc-bf76-4531-9a1b-eb893a13f8aa::v4,0.886754,0.60183,0.284924,0.284416,72f83cdc-bf76-4531-9a1b-eb893a13f8aa
bge-large-en-v1.5,gimp,upper,734d6579-c07d-47a8-9ae2-13339795476b::v0,0.947372,0.698464,0.248908,0.174534,734d6579-c07d-47a8-9ae2-13339795476b
bge-large-en-v1.5,gimp,upper,734d6579-c07d-47a8-9ae2-13339795476b::v1,0.976553,0.748023,0.22853,0.093052,734d6579-c07d-47a8-9ae2-13339795476b
bge-large-en-v1.5,gimp,upper,734d6579-c07d-47a8-9ae2-13339795476b::v2,0.953676,0.723098,0.230578,0.167294,734d6579-c07d-47a8-9ae2-13339795476b
bge-large-en-v1.5,gimp,upper,734d6579-c07d-47a8-9ae2-13339795476b::v3,0.954612,0.709228,0.245384,0.156094,734d6579-c07d-47a8-9ae2-13339795476b
bge-large-en-v1.5,gimp,upper,734d6579-c07d-47a8-9ae2-13339795476b::v4,0.914902,0.683675,0.231227,0.269022,734d6579-c07d-47a8-9ae2-13339795476b
bge-large-en-v1.5,gimp,upper,7767eef2-56a3-4cea-8c9f-48c070c7d65b::v0,0.933203,0.792659,0.140544,0.322162,7767eef2-56a3-4cea-8c9f-48c070c7d65b
bge-large-en-v1.5,gimp,upper,7767eef2-56a3-4cea-8c9f-48c070c7d65b::v1,0.975325,0.853509,0.121816,0.168439,7767eef2-56a3-4cea-8c9f-48c070c7d65b
bge-large-en-v1.5,gimp,upper,7767eef2-56a3-4cea-8c9f-48c070c7d65b::v2,0.97443,0.840527,0.133904,0.160338,7767eef2-56a3-4cea-8c9f-48c070c7d65b
bge-large-en-v1.5,gimp,upper,7767eef2-56a3-4cea-8c9f-48c070c7d65b::v3,0.937575,0.808903,0.128671,0.326669,7767eef2-56a3-4cea-8c9f-48c070c7d65b
bge-large-en-v1.5,gimp,upper,7767eef2-56a3-4cea-8c9f-48c070c7d65b::v4,0.911842,0.790747,0.121095,0.421299,7767eef2-56a3-4cea-8c9f-48c070c7d65b
bge-large-en-v1.5,gimp,upper,77b8ab4d-994f-43ac-8930-8ca087d7c4b4::v0,0.951232,0.751297,0.199935,0.196089,77b8ab4d-994f-43ac-8930-8ca087d7c4b4
bge-large-en-v1.5,gimp,upper,77b8ab4d-994f-43ac-8930-8ca087d7c4b4::v1,0.985775,0.737649,0.248126,0.054223,77b8ab4d-994f-43ac-8930-8ca087d7c4b4
bge-large-en-v1.5,gimp,upper,77b8ab4d-994f-43ac-8930-8ca087d7c4b4::v2,0.945705,0.705071,0.240633,0.184097,77b8ab4d-994f-43ac-8930-8ca087d7c4b4
bge-large-en-v1.5,gimp,upper,77b8ab4d-994f-43ac-8930-8ca087d7c4b4::v3,0.947681,0.713133,0.234548,0.182382,77b8ab4d-994f-43ac-8930-8ca087d7c4b4
bge-large-en-v1.5,gimp,upper,77b8ab4d-994f-43ac-8930-8ca087d7c4b4::v4,0.951093,0.700478,0.250615,0.163283,77b8ab4d-994f-43ac-8930-8ca087d7c4b4
bge-large-en-v1.5,gimp,upper,7a4deb26-d57d-4ea9-9a73-630f66a7b568::v0,0.942824,0.905797,0.037028,0.606938,7a4deb26-d57d-4ea9-9a73-630f66a7b568
bge-large-en-v1.5,gimp,upper,7a4deb26-d57d-4ea9-9a73-630f66a7b568::v1,0.980113,0.922474,0.057639,0.256516,7a4deb26-d57d-4ea9-9a73-630f66a7b568
bge-large-en-v1.5,gimp,upper,7a4deb26-d57d-4ea9-9a73-630f66a7b568::v2,0.960857,0.908558,0.052299,0.428063,7a4deb26-d57d-4ea9-9a73-630f66a7b568
bge-large-en-v1.5,gimp,upper,7a4deb26-d57d-4ea9-9a73-630f66a7b568::v3,0.963115,0.908257,0.054858,0.402048,7a4deb26-d57d-4ea9-9a73-630f66a7b568
bge-large-en-v1.5,gimp,upper,7a4deb26-d57d-4ea9-9a73-630f66a7b568::v4,0.954752,0.912804,0.041948,0.518919,7a4deb26-d57d-4ea9-9a73-630f66a7b568
bge-large-en-v1.5,gimp,upper,7b7617bd-57cc-468e-9c91-40c4ec2bcb3d::v0,0.958638,0.657164,0.301473,0.120648,7b7617bd-57cc-468e-9c91-40c4ec2bcb3d
bge-large-en-v1.5,gimp,upper,7b7617bd-57cc-468e-9c91-40c4ec2bcb3d::v1,0.93316,0.633375,0.299785,0.182311,7b7617bd-57cc-468e-9c91-40c4ec2bcb3d
bge-large-en-v1.5,gimp,upper,7b7617bd-57cc-468e-9c91-40c4ec2bcb3d::v2,0.955507,0.617781,0.337726,0.116407,7b7617bd-57cc-468e-9c91-40c4ec2bcb3d
bge-large-en-v1.5,gimp,upper,7b7617bd-57cc-468e-9c91-40c4ec2bcb3d::v3,0.946295,0.59417,0.352124,0.132335,7b7617bd-57cc-468e-9c91-40c4ec2bcb3d
bge-large-en-v1.5,gimp,upper,7b7617bd-57cc-468e-9c91-40c4ec2bcb3d::v4,0.928452,0.607249,0.321203,0.182171,7b7617bd-57cc-468e-9c91-40c4ec2bcb3d
bge-large-en-v1.5,gimp,upper,8ea73f6f-9689-42ad-8c60-195bbf06a7ba::v0,0.933483,0.694194,0.239289,0.217515,8ea73f6f-9689-42ad-8c60-195bbf06a7ba
bge-large-en-v1.5,gimp,upper,8ea73f6f-9689-42ad-8c60-195bbf06a7ba::v1,0.948418,0.74595,0.202468,0.203038,8ea73f6f-9689-42ad-8c60-195bbf06a7ba
bge-large-en-v1.5,gimp,upper,8ea73f6f-9689-42ad-8c60-195bbf06a7ba::v2,0.918299,0.728738,0.189561,0.301189,8ea73f6f-9689-42ad-8c60-195bbf06a7ba
bge-large-en-v1.5,gimp,upper,8ea73f6f-9689-42ad-8c60-195bbf06a7ba::v3,0.909967,0.690651,0.219316,0.291041,8ea73f6f-9689-42ad-8c60-195bbf06a7ba
bge-large-en-v1.5,gimp,upper,8ea73f6f-9689-42ad-8c60-195bbf06a7ba::v4,0.9598,0.732573,0.227227,0.15032,8ea73f6f-9689-42ad-8c60-195bbf06a7ba
bge-large-en-v1.5,gimp,upper,a746add2-cab0-4740-ac36-c3769d9bfb46::v0,0.937101,0.615821,0.32128,0.163724,a746add2-cab0-4740-ac36-c3769d9bfb46
bge-large-en-v1.5,gimp,upper,a746add2-cab0-4740-ac36-c3769d9bfb46::v1,0.966722,0.686108,0.280614,0.106018,a746add2-cab0-4740-ac36-c3769d9bfb46
bge-large-en-v1.5,gimp,upper,a746add2-cab0-4740-ac36-c3769d9bfb46::v2,0.968994,0.63614,0.332854,0.085215,a746add2-cab0-4740-ac36-c3769d9bfb46
bge-large-en-v1.5,gimp,upper,a746add2-cab0-4740-ac36-c3769d9bfb46::v3,0.889981,0.587714,0.302268,0.266851,a746add2-cab0-4740-ac36-c3769d9bfb46
bge-large-en-v1.5,gimp,upper,a746add2-cab0-4740-ac36-c3769d9bfb46::v4,0.957594,0.679579,0.278015,0.132345,a746add2-cab0-4740-ac36-c3769d9bfb46
bge-large-en-v1.5,gimp,upper,b148e375-fe0b-4bec-90e7-38632b0d73c2::v0,0.947762,0.66155,0.286212,0.154344,b148e375-fe0b-4bec-90e7-38632b0d73c2
bge-large-en-v1.5,gimp,upper,b148e375-fe0b-4bec-90e7-38632b0d73c2::v1,0.978904,0.717205,0.261699,0.074599,b148e375-fe0b-4bec-90e7-38632b0d73c2
bge-large-en-v1.5,gimp,upper,b148e375-fe0b-4bec-90e7-38632b0d73c2::v2,0.944799,0.653898,0.290902,0.159493,b148e375-fe0b-4bec-90e7-38632b0d73c2
bge-large-en-v1.5,gimp,upper,b148e375-fe0b-4bec-90e7-38632b0d73c2::v3,0.920106,0.648323,0.271783,0.227181,b148e375-fe0b-4bec-90e7-38632b0d73c2
bge-large-en-v1.5,gimp,upper,b148e375-fe0b-4bec-90e7-38632b0d73c2::v4,0.923924,0.721139,0.202785,0.272809,b148e375-fe0b-4bec-90e7-38632b0d73c2
bge-large-en-v1.5,gimp,upper,d16c99dc-2a1e-46f2-b350-d97c86c85c15::v0,0.917241,0.663184,0.254057,0.245709,d16c99dc-2a1e-46f2-b350-d97c86c85c15
bge-large-en-v1.5,gimp,upper,d16c99dc-2a1e-46f2-b350-d97c86c85c15::v1,0.962492,0.72914,0.233353,0.138476,d16c99dc-2a1e-46f2-b350-d97c86c85c15
bge-large-en-v1.5,gimp,upper,d16c99dc-2a1e-46f2-b350-d97c86c85c15::v2,0.941604,0.714903,0.226701,0.204829,d16c99dc-2a1e-46f2-b350-d97c86c85c15
bge-large-en-v1.5,gimp,upper,d16c99dc-2a1e-46f2-b350-d97c86c85c15::v3,0.885953,0.638318,0.247635,0.315323,d16c99dc-2a1e-46f2-b350-d97c86c85c15
bge-large-en-v1.5,gimp,upper,d16c99dc-2a1e-46f2-b350-d97c86c85c15::v4,0.910885,0.690263,0.220622,0.287713,d16c99dc-2a1e-46f2-b350-d97c86c85c15
bge-large-en-v1.5,gimp,upper,d52d6308-ec58-42b7-a2c9-de80e4837b2b::v0,0.9537,0.694314,0.259386,0.151463,d52d6308-ec58-42b7-a2c9-de80e4837b2b
bge-large-en-v1.5,gimp,upper,d52d6308-ec58-42b7-a2c9-de80e4837b2b::v1,0.993229,0.731317,0.261913,0.025199,d52d6308-ec58-42b7-a2c9-de80e4837b2b
bge-large-en-v1.5,gimp,upper,d52d6308-ec58-42b7-a2c9-de80e4837b2b::v2,0.974687,0.711659,0.263028,0.08779,d52d6308-ec58-42b7-a2c9-de80e4837b2b
bge-large-en-v1.5,gimp,upper,d52d6308-ec58-42b7-a2c9-de80e4837b2b::v3,0.9408,0.701089,0.239711,0.198051,d52d6308-ec58-42b7-a2c9-de80e4837b2b
bge-large-en-v1.5,gimp,upper,d52d6308-ec58-42b7-a2c9-de80e4837b2b::v4,0.932181,0.695988,0.236192,0.223081,d52d6308-ec58-42b7-a2c9-de80e4837b2b
bge-large-en-v1.5,gimp,upper,dbbf4b99-2253-4b10-9274-45f246af2466::v0,0.955108,0.733437,0.22167,0.168411,dbbf4b99-2253-4b10-9274-45f246af2466
bge-large-en-v1.5,gimp,upper,dbbf4b99-2253-4b10-9274-45f246af2466::v1,0.925785,0.764777,0.161007,0.31551,dbbf4b99-2253-4b10-9274-45f246af2466
bge-large-en-v1.5,gimp,upper,dbbf4b99-2253-4b10-9274-45f246af2466::v2,0.959267,0.737849,0.221418,0.155381,dbbf4b99-2253-4b10-9274-45f246af2466
bge-large-en-v1.5,gimp,upper,dbbf4b99-2253-4b10-9274-45f246af2466::v3,0.963041,0.750421,0.21262,0.148085,dbbf4b99-2253-4b10-9274-45f246af2466
bge-large-en-v1.5,gimp,upper,dbbf4b99-2253-4b10-9274-45f246af2466::v4,0.952819,0.761185,0.191634,0.197563,dbbf4b99-2253-4b10-9274-45f246af2466
bge-large-en-v1.5,gimp,upper,e19bd559-633b-4b02-940f-d946248f088e::v0,0.965995,0.903965,0.06203,0.354087,e19bd559-633b-4b02-940f-d946248f088e
bge-large-en-v1.5,gimp,upper,e19bd559-633b-4b02-940f-d946248f088e::v1,0.967689,0.913369,0.05432,0.372976,e19bd559-633b-4b02-940f-d946248f088e
bge-large-en-v1.5,gimp,upper,e19bd559-633b-4b02-940f-d946248f088e::v2,0.947177,0.883316,0.063861,0.452702,e19bd559-633b-4b02-940f-d946248f088e
bge-large-en-v1.5,gimp,upper,e19bd559-633b-4b02-940f-d946248f088e::v3,0.96013,0.91293,0.0472,0.457907,e19bd559-633b-4b02-940f-d946248f088e
bge-large-en-v1.5,gimp,upper,e19bd559-633b-4b02-940f-d946248f088e::v4,0.965317,0.892975,0.072342,0.324063,e19bd559-633b-4b02-940f-d946248f088e
bge-large-en-v1.5,gimp,upper,e2dd0213-26db-4349-abe5-d5667bfd725c::v0,0.908779,0.698494,0.210284,0.302553,e2dd0213-26db-4349-abe5-d5667bfd725c
bge-large-en-v1.5,gimp,upper,e2dd0213-26db-4349-abe5-d5667bfd725c::v1,0.958274,0.747529,0.210746,0.165268,e2dd0213-26db-4349-abe5-d5667bfd725c
bge-large-en-v1.5,gimp,upper,e2dd0213-26db-4349-abe5-d5667bfd725c::v2,0.963742,0.708621,0.255121,0.124437,e2dd0213-26db-4349-abe5-d5667bfd725c
bge-large-en-v1.5,gimp,upper,e2dd0213-26db-4349-abe5-d5667bfd725c::v3,0.913061,0.683947,0.229113,0.275078,e2dd0213-26db-4349-abe5-d5667bfd725c
bge-large-en-v1.5,gimp,upper,e2dd0213-26db-4349-abe5-d5667bfd725c::v4,0.929151,0.690261,0.23889,0.228739,e2dd0213-26db-4349-abe5-d5667bfd725c
bge-large-en-v1.5,gimp,upper,f4aec372-4fb0-4df5-a52b-79e0e2a5d6ce::v0,0.946692,0.687672,0.25902,0.17068,f4aec372-4fb0-4df5-a52b-79e0e2a5d6ce
bge-large-en-v1.5,gimp,upper,f4aec372-4fb0-4df5-a52b-79e0e2a5d6ce::v1,0.964088,0.692051,0.272037,0.116617,f4aec372-4fb0-4df5-a52b-79e0e2a5d6ce
bge-large-en-v1.5,gimp,upper,f4aec372-4fb0-4df5-a52b-79e0e2a5d6ce::v2,0.958619,0.680847,0.277772,0.129658,f4aec372-4fb0-4df5-a52b-79e0e2a5d6ce
bge-large-en-v1.5,gimp,upper,f4aec372-4fb0-4df5-a52b-79e0e2a5d6ce::v3,0.93386,0.666115,0.267745,0.198093,f4aec372-4fb0-4df5-a52b-79e0e2a5d6ce
bge-large-en-v1.5,gimp,upper,f4aec372-4fb0-4df5-a52b-79e0e2a5d6ce::v4,0.903354,0.687644,0.215711,0.309408,f4aec372-4fb0-4df5-a52b-79e0e2a5d6ce
bge-large-en-v1.5,gimp,upper,f723c744-e62c-4ae6-98d1-750d3cd7d79d::v0,0.906131,0.759757,0.146375,0.390723,f723c744-e62c-4ae6-98d1-750d3cd7d79d
bge-large-en-v1.5,gimp,upper,f723c744-e62c-4ae6-98d1-750d3cd7d79d::v1,0.921411,0.80364,0.117771,0.400228,f723c744-e62c-4ae6-98d1-750d3cd7d79d
bge-large-en-v1.5,gimp,upper,f723c744-e62c-4ae6-98d1-750d3cd7d79d::v2,0.930689,0.814341,0.116348,0.373324,f723c744-e62c-4ae6-98d1-750d3cd7d79d
bge-large-en-v1.5,gimp,upper,f723c744-e62c-4ae6-98d1-750d3cd7d79d::v3,0.908122,0.73053,0.177591,0.34096,f723c744-e62c-4ae6-98d1-750d3cd7d79d
bge-large-en-v1.5,gimp,upper,f723c744-e62c-4ae6-98d1-750d3cd7d79d::v4,0.875331,0.792685,0.082647,0.601348,f723c744-e62c-4ae6-98d1-750d3cd7d79d
bge-large-en-v1.5,gimp,upper,fbb548ca-c2a6-4601-9204-e39a2efc507b::v0,0.937259,0.842946,0.094313,0.399485,fbb548ca-c2a6-4601-9204-e39a2efc507b
bge-large-en-v1.5,gimp,upper,fbb548ca-c2a6-4601-9204-e39a2efc507b::v1,0.962117,0.854878,0.107239,0.261043,fbb548ca-c2a6-4601-9204-e39a2efc507b
bge-large-en-v1.5,gimp,upper,fbb548ca-c2a6-4601-9204-e39a2efc507b::v2,0.940564,0.834175,0.106389,0.358425,fbb548ca-c2a6-4601-9204-e39a2efc507b
bge-large-en-v1.5,gimp,upper,fbb548ca-c2a6-4601-9204-e39a2efc507b::v3,0.970238,0.870963,0.099274,0.23065,fbb548ca-c2a6-4601-9204-e39a2efc507b
bge-large-en-v1.5,gimp,upper,fbb548ca-c2a6-4601-9204-e39a2efc507b::v4,0.924843,0.817918,0.106926,0.412762,fbb548ca-c2a6-4601-9204-e39a2efc507b
bge-large-en-v1.5,vlc,verdict,vlc_always_start_fullscreen,0.84578,0.729527,0.116253,0.570187,8d9fd4e2-6fdb-46b0-b9b9-02f06495c62f
bge-large-en-v1.5,vlc,verdict,vlc_audio_desync_200ms,0.654869,0.64762,0.007249,0.979428,9195653c-f4aa-453d-aa95-787f6ccfaae9
bge-large-en-v1.5,vlc,verdict,vlc_audio_visualization,0.717047,0.688202,0.028845,0.907487,59f21cfb-0120-4326-b255-a5b827b38967
bge-large-en-v1.5,vlc,verdict,vlc_bgcone_expand,0.680743,0.655815,0.024927,0.927576,efcf0d81-0835-4880-b2fd-d866e8bc2294
bge-large-en-v1.5,vlc,verdict,vlc_boost_saturation,0.767326,0.671217,0.096108,0.707684,cb130f0d-d36f-4302-9838-b3baf46139b6
bge-large-en-v1.5,vlc,verdict,vlc_convert_flac,0.665912,0.663637,0.002275,0.993238,59f21cfb-0120-4326-b255-a5b827b38967
bge-large-en-v1.5,vlc,verdict,vlc_convert_ogg,0.71798,0.715321,0.002659,0.990659,59f21cfb-0120-4326-b255-a5b827b38967
bge-large-en-v1.5,vlc,verdict,vlc_crop_top_100,0.693195,0.668423,0.024772,0.92529,efcf0d81-0835-4880-b2fd-d866e8bc2294
bge-large-en-v1.5,vlc,verdict,vlc_default_aspect_16_9,0.702654,0.693573,0.009081,0.970364,efcf0d81-0835-4880-b2fd-d866e8bc2294
bge-large-en-v1.5,vlc,verdict,vlc_deinterlace_yadif,0.587582,0.582812,0.00477,0.988567,a5bbbcd5-b398-4c91-83d4-55e1e31bbb81
bge-large-en-v1.5,vlc,verdict,vlc_disable_hw_decoding,0.646217,0.621597,0.02462,0.934937,efcf0d81-0835-4880-b2fd-d866e8bc2294
bge-large-en-v1.5,vlc,verdict,vlc_edit_track_metadata,0.674142,0.66418,0.009961,0.970337,fba2c100-79e8-42df-ae74-b592418d54f4
bge-large-en-v1.5,vlc,verdict,vlc_equalizer_rock_preset,0.597963,0.554943,0.043021,0.903337,cb130f0d-d36f-4302-9838-b3baf46139b6
bge-large-en-v1.5,vlc,verdict,vlc_global_volume_hotkey,0.66179,0.647259,0.014531,0.958804,a5bbbcd5-b398-4c91-83d4-55e1e31bbb81
bge-large-en-v1.5,vlc,verdict,vlc_headphone_surround,0.653484,0.652838,0.000646,0.998139,cb130f0d-d36f-4302-9838-b3baf46139b6
bge-large-en-v1.5,vlc,verdict,vlc_hide_title_filename,0.75308,0.685569,0.067511,0.785291,a5bbbcd5-b398-4c91-83d4-55e1e31bbb81
bge-large-en-v1.5,vlc,verdict,vlc_hide_title_on_video,0.695298,0.672603,0.022694,0.930683,a5bbbcd5-b398-4c91-83d4-55e1e31bbb81
bge-large-en-v1.5,vlc,verdict,vlc_loop_current_video,0.760168,0.738873,0.021295,0.918448,5ac2891a-eacd-4954-b339-98abba077adb
bge-large-en-v1.5,vlc,verdict,vlc_loop_music_video,0.785472,0.730864,0.054608,0.7971,59f21cfb-0120-4326-b255-a5b827b38967
bge-large-en-v1.5,vlc,verdict,vlc_loop_whole_playlist,0.676428,0.663037,0.013392,0.960257,8d9fd4e2-6fdb-46b0-b9b9-02f06495c62f
bge-large-en-v1.5,vlc,verdict,vlc_marquee_overlay_text,0.634884,0.600596,0.034288,0.914153,fba2c100-79e8-42df-ae74-b592418d54f4
bge-large-en-v1.5,vlc,verdict,vlc_max_volume_150,0.785169,0.663815,0.121354,0.639027,9195653c-f4aa-453d-aa95-787f6ccfaae9
bge-large-en-v1.5,vlc,verdict,vlc_metadata_network_on,0.706285,0.647689,0.058595,0.833683,59f21cfb-0120-4326-b255-a5b827b38967
bge-large-en-v1.5,vlc,verdict,vlc_mirror_video_hflip,0.707119,0.679679,0.02744,0.914337,efcf0d81-0835-4880-b2fd-d866e8bc2294
bge-large-en-v1.5,vlc,verdict,vlc_network_caching_1500,0.555652,0.547197,0.008456,0.981326,a5bbbcd5-b398-4c91-83d4-55e1e31bbb81
bge-large-en-v1.5,vlc,verdict,vlc_never_resume_playback,0.726802,0.717005,0.009796,0.965384,a5bbbcd5-b398-4c91-83d4-55e1e31bbb81
bge-large-en-v1.5,vlc,verdict,vlc_no_track_change_popup,0.683797,0.655474,0.028323,0.917792,a5bbbcd5-b398-4c91-83d4-55e1e31bbb81
bge-large-en-v1.5,vlc,verdict,vlc_no_window_autoresize,0.756043,0.715572,0.040471,0.85771,8d9fd4e2-6fdb-46b0-b9b9-02f06495c62f
bge-large-en-v1.5,vlc,verdict,vlc_pause_on_minimize,0.757302,0.731871,0.025431,0.905155,a5bbbcd5-b398-4c91-83d4-55e1e31bbb81
bge-large-en-v1.5,vlc,verdict,vlc_recordings_folder_videos,0.818222,0.698467,0.119755,0.602845,8ba5ae7a-5ae5-4eab-9fcc-5dd4fe3abf89
bge-large-en-v1.5,vlc,verdict,vlc_remap_snapshot_hotkey,0.61314,0.606823,0.006317,0.983934,fba2c100-79e8-42df-ae74-b592418d54f4
bge-large-en-v1.5,vlc,verdict,vlc_replay_gain_track,0.589697,0.581307,0.00839,0.979961,9195653c-f4aa-453d-aa95-787f6ccfaae9
bge-large-en-v1.5,vlc,verdict,vlc_rotate_video_clockwise,0.740426,0.709356,0.03107,0.893099,aa4b5023-aef6-4ed9-bdc9-705f59ab9ad6
bge-large-en-v1.5,vlc,verdict,vlc_sepia_effect_on,0.771044,0.753675,0.017369,0.929489,cb130f0d-d36f-4302-9838-b3baf46139b6
bge-large-en-v1.5,vlc,verdict,vlc_sharpen_video,0.682814,0.620007,0.062808,0.834714,cb130f0d-d36f-4302-9838-b3baf46139b6
bge-large-en-v1.5,vlc,verdict,vlc_shuffle_by_default,0.651622,0.649893,0.001729,0.99506,59f21cfb-0120-4326-b255-a5b827b38967
bge-large-en-v1.5,vlc,verdict,vlc_single_instance_reuse,0.711067,0.67904,0.032028,0.900213,f3977615-2b45-4ac5-8bba-80c17dbe2a37
bge-large-en-v1.5,vlc,verdict,vlc_slider_color_red,0.837761,0.682824,0.154937,0.511512,d06f0d4d-2cd5-4ede-8de9-598629438c6e
bge-large-en-v1.5,vlc,verdict,vlc_snap_scene_jpg,0.784513,0.729999,0.054514,0.798097,fba2c100-79e8-42df-ae74-b592418d54f4
bge-large-en-v1.5,vlc,verdict,vlc_snapshot_prefix_shot,0.680198,0.617902,0.062295,0.836965,8ba5ae7a-5ae5-4eab-9fcc-5dd4fe3abf89
bge-large-en-v1.5,vlc,verdict,vlc_spatializer_on,0.642915,0.640981,0.001935,0.994611,efcf0d81-0835-4880-b2fd-d866e8bc2294
bge-large-en-v1.5,vlc,verdict,vlc_stream_url,0.780579,0.721469,0.059111,0.787778,bba3381f-b5eb-4439-bd9e-80c22218d5a7
bge-large-en-v1.5,vlc,verdict,vlc_subtitle_encoding_cp949,0.550685,0.547279,0.003406,0.992476,aa4b5023-aef6-4ed9-bdc9-705f59ab9ad6
bge-large-en-v1.5,vlc,verdict,vlc_subtitle_force_bold,0.621455,0.616713,0.004741,0.98763,cb130f0d-d36f-4302-9838-b3baf46139b6
bge-large-en-v1.5,vlc,verdict,vlc_subtitle_yellow,0.597123,0.587445,0.009678,0.976541,d06f0d4d-2cd5-4ede-8de9-598629438c6e
bge-large-en-v1.5,vlc,verdict,vlc_transcode_mp4,0.687058,0.675414,0.011644,0.964127,fba2c100-79e8-42df-ae74-b592418d54f4
bge-large-en-v1.5,vlc,verdict,vlc_volume_normalizer_on,0.739311,0.68214,0.057171,0.820137,9195653c-f4aa-453d-aa95-787f6ccfaae9
bge-large-en-v1.5,vlc,verdict,vlc_wallpaper_fit_screen,0.820068,0.766444,0.053624,0.7704,efcf0d81-0835-4880-b2fd-d866e8bc2294
bge-large-en-v1.5,vlc,lower,215dfd39-f493-4bc3-a027-8a97d72c61bf,0.63432,0.629336,0.004984,0.986554,d06f0d4d-2cd5-4ede-8de9-598629438c6e
bge-large-en-v1.5,vlc,lower,386dbd0e-0241-4a0a-b6a2-6704fba26b1c,0.702656,0.696066,0.00659,0.978318,a5bbbcd5-b398-4c91-83d4-55e1e31bbb81
bge-large-en-v1.5,vlc,lower,59f21cfb-0120-4326-b255-a5b827b38967,0.752189,0.733642,0.018548,0.930366,8f080098-ddb1-424c-b438-4e96e5e4786e
bge-large-en-v1.5,vlc,lower,5ac2891a-eacd-4954-b339-98abba077adb,0.724991,0.709318,0.015673,0.946083,a5bbbcd5-b398-4c91-83d4-55e1e31bbb81
bge-large-en-v1.5,vlc,lower,7882ed6e-bece-4bf0-bada-c32dc1ddae72,0.584955,0.545054,0.039901,0.912294,59f21cfb-0120-4326-b255-a5b827b38967
bge-large-en-v1.5,vlc,lower,8ba5ae7a-5ae5-4eab-9fcc-5dd4fe3abf89,0.645718,0.645349,0.000369,0.998959,aa4b5023-aef6-4ed9-bdc9-705f59ab9ad6
bge-large-en-v1.5,vlc,lower,8d9fd4e2-6fdb-46b0-b9b9-02f06495c62f,0.697857,0.684326,0.013531,0.957135,a5bbbcd5-b398-4c91-83d4-55e1e31bbb81
bge-large-en-v1.5,vlc,lower,8f080098-ddb1-424c-b438-4e96e5e4786e,0.75219,0.662818,0.089372,0.734945,59f21cfb-0120-4326-b255-a5b827b38967
bge-large-en-v1.5,vlc,lower,9195653c-f4aa-453d-aa95-787f6ccfaae9,0.684326,0.65046,0.033866,0.903114,8d9fd4e2-6fdb-46b0-b9b9-02f06495c62f
bge-large-en-v1.5,vlc,lower,a5bbbcd5-b398-4c91-83d4-55e1e31bbb81,0.724991,0.702656,0.022335,0.924885,5ac2891a-eacd-4954-b339-98abba077adb
bge-large-en-v1.5,vlc,lower,aa4b5023-aef6-4ed9-bdc9-705f59ab9ad6,0.733642,0.720944,0.012698,0.954496,59f21cfb-0120-4326-b255-a5b827b38967
bge-large-en-v1.5,vlc,lower,bba3381f-b5eb-4439-bd9e-80c22218d5a7,0.671151,0.65936,0.011791,0.965387,59f21cfb-0120-4326-b255-a5b827b38967
bge-large-en-v1.5,vlc,lower,cb130f0d-d36f-4302-9838-b3baf46139b6,0.741832,0.671456,0.070375,0.785796,efcf0d81-0835-4880-b2fd-d866e8bc2294
bge-large-en-v1.5,vlc,lower,d06f0d4d-2cd5-4ede-8de9-598629438c6e,0.63432,0.629108,0.005211,0.985949,215dfd39-f493-4bc3-a027-8a97d72c61bf
bge-large-en-v1.5,vlc,lower,efcf0d81-0835-4880-b2fd-d866e8bc2294,0.776406,0.741832,0.034575,0.866077,fba2c100-79e8-42df-ae74-b592418d54f4
bge-large-en-v1.5,vlc,lower,f3977615-2b45-4ac5-8bba-80c17dbe2a37,0.709318,0.690576,0.018742,0.93943,5ac2891a-eacd-4954-b339-98abba077adb
bge-large-en-v1.5,vlc,lower,fba2c100-79e8-42df-ae74-b592418d54f4,0.776406,0.720944,0.055463,0.801249,efcf0d81-0835-4880-b2fd-d866e8bc2294
bge-large-en-v1.5,vlc,cross_floor,215dfd39-f493-4bc3-a027-8a97d72c61bf,0.669577,0.660316,0.009261,0.972736,480bcfea-d68f-4aaa-a0a9-2589ef319381
bge-large-en-v1.5,vlc,cross_floor,386dbd0e-0241-4a0a-b6a2-6704fba26b1c,0.570614,0.543148,0.027466,0.93988,38f48d40-764e-4e77-a7cf-51dfce880291
bge-large-en-v1.5,vlc,cross_floor,59f21cfb-0120-4326-b255-a5b827b38967,0.641618,0.59469,0.046928,0.884216,38f48d40-764e-4e77-a7cf-51dfce880291
bge-large-en-v1.5,vlc,cross_floor,5ac2891a-eacd-4954-b339-98abba077adb,0.625646,0.559403,0.066243,0.849651,38f48d40-764e-4e77-a7cf-51dfce880291
bge-large-en-v1.5,vlc,cross_floor,7882ed6e-bece-4bf0-bada-c32dc1ddae72,0.544801,0.462317,0.082485,0.846592,121ba48f-9e17-48ce-9bc6-a4fb17a7ebba
bge-large-en-v1.5,vlc,cross_floor,8ba5ae7a-5ae5-4eab-9fcc-5dd4fe3abf89,0.695534,0.668693,0.02684,0.918986,77b8ab4d-994f-43ac-8930-8ca087d7c4b4
bge-large-en-v1.5,vlc,cross_floor,8d9fd4e2-6fdb-46b0-b9b9-02f06495c62f,0.642878,0.601166,0.041712,0.895414,38f48d40-764e-4e77-a7cf-51dfce880291
bge-large-en-v1.5,vlc,cross_floor,8f080098-ddb1-424c-b438-4e96e5e4786e,0.598635,0.58953,0.009105,0.977819,38f48d40-764e-4e77-a7cf-51dfce880291
bge-large-en-v1.5,vlc,cross_floor,9195653c-f4aa-453d-aa95-787f6ccfaae9,0.555715,0.546416,0.009299,0.979499,8ea73f6f-9689-42ad-8c60-195bbf06a7ba
bge-large-en-v1.5,vlc,cross_floor,a5bbbcd5-b398-4c91-83d4-55e1e31bbb81,0.619141,0.609488,0.009652,0.975282,a746add2-cab0-4740-ac36-c3769d9bfb46
bge-large-en-v1.5,vlc,cross_floor,aa4b5023-aef6-4ed9-bdc9-705f59ab9ad6,0.710397,0.63614,0.074257,0.795919,38f48d40-764e-4e77-a7cf-51dfce880291
bge-large-en-v1.5,vlc,cross_floor,bba3381f-b5eb-4439-bd9e-80c22218d5a7,0.608711,0.573968,0.034743,0.91845,38f48d40-764e-4e77-a7cf-51dfce880291
bge-large-en-v1.5,vlc,cross_floor,cb130f0d-d36f-4302-9838-b3baf46139b6,0.697594,0.692977,0.004616,0.984964,e19bd559-633b-4b02-940f-d946248f088e
bge-large-en-v1.5,vlc,cross_floor,d06f0d4d-2cd5-4ede-8de9-598629438c6e,0.656826,0.625588,0.031239,0.916566,7767eef2-56a3-4cea-8c9f-48c070c7d65b
bge-large-en-v1.5,vlc,cross_floor,efcf0d81-0835-4880-b2fd-d866e8bc2294,0.737894,0.701266,0.036629,0.877386,2a729ded-3296-423d-aec4-7dd55ed5fbb3
bge-large-en-v1.5,vlc,cross_floor,f3977615-2b45-4ac5-8bba-80c17dbe2a37,0.552668,0.524874,0.027794,0.941501,38f48d40-764e-4e77-a7cf-51dfce880291
bge-large-en-v1.5,vlc,cross_floor,fba2c100-79e8-42df-ae74-b592418d54f4,0.719819,0.675836,0.043983,0.864318,77b8ab4d-994f-43ac-8930-8ca087d7c4b4
bge-large-en-v1.5,vlc,upper,215dfd39-f493-4bc3-a027-8a97d72c61bf::v0,0.933439,0.60284,0.330599,0.167593,215dfd39-f493-4bc3-a027-8a97d72c61bf
bge-large-en-v1.5,vlc,upper,215dfd39-f493-4bc3-a027-8a97d72c61bf::v1,0.953574,0.641969,0.311605,0.129671,215dfd39-f493-4bc3-a027-8a97d72c61bf
bge-large-en-v1.5,vlc,upper,215dfd39-f493-4bc3-a027-8a97d72c61bf::v2,0.931106,0.580433,0.350673,0.164202,215dfd39-f493-4bc3-a027-8a97d72c61bf
bge-large-en-v1.5,vlc,upper,215dfd39-f493-4bc3-a027-8a97d72c61bf::v3,0.946417,0.605384,0.341033,0.135785,215dfd39-f493-4bc3-a027-8a97d72c61bf
bge-large-en-v1.5,vlc,upper,215dfd39-f493-4bc3-a027-8a97d72c61bf::v4,0.966379,0.612759,0.35362,0.086822,215dfd39-f493-4bc3-a027-8a97d72c61bf
bge-large-en-v1.5,vlc,upper,386dbd0e-0241-4a0a-b6a2-6704fba26b1c::v0,0.860865,0.729157,0.131708,0.51371,386dbd0e-0241-4a0a-b6a2-6704fba26b1c
bge-large-en-v1.5,vlc,upper,386dbd0e-0241-4a0a-b6a2-6704fba26b1c::v1,0.867403,0.728311,0.139092,0.488046,386dbd0e-0241-4a0a-b6a2-6704fba26b1c
bge-large-en-v1.5,vlc,upper,386dbd0e-0241-4a0a-b6a2-6704fba26b1c::v2,0.877162,0.740023,0.137139,0.472496,386dbd0e-0241-4a0a-b6a2-6704fba26b1c
bge-large-en-v1.5,vlc,upper,386dbd0e-0241-4a0a-b6a2-6704fba26b1c::v3,0.856252,0.715577,0.140675,0.505402,386dbd0e-0241-4a0a-b6a2-6704fba26b1c
bge-large-en-v1.5,vlc,upper,386dbd0e-0241-4a0a-b6a2-6704fba26b1c::v4,0.831015,0.666124,0.164892,0.506129,386dbd0e-0241-4a0a-b6a2-6704fba26b1c
bge-large-en-v1.5,vlc,upper,59f21cfb-0120-4326-b255-a5b827b38967::v0,0.935142,0.709484,0.225658,0.223251,59f21cfb-0120-4326-b255-a5b827b38967
bge-large-en-v1.5,vlc,upper,59f21cfb-0120-4326-b255-a5b827b38967::v1,0.968713,0.76552,0.203193,0.13343,59f21cfb-0120-4326-b255-a5b827b38967
bge-large-en-v1.5,vlc,upper,59f21cfb-0120-4326-b255-a5b827b38967::v2,0.941924,0.71569,0.226234,0.204271,59f21cfb-0120-4326-b255-a5b827b38967
bge-large-en-v1.5,vlc,upper,59f21cfb-0120-4326-b255-a5b827b38967::v3,0.930447,0.734663,0.195785,0.26213,59f21cfb-0120-4326-b255-a5b827b38967
bge-large-en-v1.5,vlc,upper,59f21cfb-0120-4326-b255-a5b827b38967::v4,0.887833,0.712441,0.175391,0.390067,59f21cfb-0120-4326-b255-a5b827b38967
bge-large-en-v1.5,vlc,upper,5ac2891a-eacd-4954-b339-98abba077adb::v0,0.876993,0.71357,0.163424,0.429447,5ac2891a-eacd-4954-b339-98abba077adb
bge-large-en-v1.5,vlc,upper,5ac2891a-eacd-4954-b339-98abba077adb::v1,0.883027,0.731494,0.151533,0.435643,5ac2891a-eacd-4954-b339-98abba077adb
bge-large-en-v1.5,vlc,upper,5ac2891a-eacd-4954-b339-98abba077adb::v2,0.878563,0.702882,0.175681,0.408717,5ac2891a-eacd-4954-b339-98abba077adb
bge-large-en-v1.5,vlc,upper,5ac2891a-eacd-4954-b339-98abba077adb::v3,0.88226,0.70383,0.17843,0.397542,5ac2891a-eacd-4954-b339-98abba077adb
bge-large-en-v1.5,vlc,upper,5ac2891a-eacd-4954-b339-98abba077adb::v4,0.873948,0.735074,0.138875,0.475799,5ac2891a-eacd-4954-b339-98abba077adb
bge-large-en-v1.5,vlc,upper,7882ed6e-bece-4bf0-bada-c32dc1ddae72::v0,0.964754,0.604277,0.360478,0.089066,7882ed6e-bece-4bf0-bada-c32dc1ddae72
bge-large-en-v1.5,vlc,upper,7882ed6e-bece-4bf0-bada-c32dc1ddae72::v1,0.884613,0.710375,0.174238,0.398402,7882ed6e-bece-4bf0-bada-c32dc1ddae72
bge-large-en-v1.5,vlc,upper,7882ed6e-bece-4bf0-bada-c32dc1ddae72::v2,0.899314,0.639542,0.259772,0.279329,7882ed6e-bece-4bf0-bada-c32dc1ddae72
bge-large-en-v1.5,vlc,upper,7882ed6e-bece-4bf0-bada-c32dc1ddae72::v3,0.975247,0.604102,0.371145,0.062525,7882ed6e-bece-4bf0-bada-c32dc1ddae72
bge-large-en-v1.5,vlc,upper,7882ed6e-bece-4bf0-bada-c32dc1ddae72::v4,0.911702,0.6477,0.264002,0.250634,7882ed6e-bece-4bf0-bada-c32dc1ddae72
bge-large-en-v1.5,vlc,upper,8ba5ae7a-5ae5-4eab-9fcc-5dd4fe3abf89::v0,0.907431,0.652888,0.254543,0.266683,8ba5ae7a-5ae5-4eab-9fcc-5dd4fe3abf89
bge-large-en-v1.5,vlc,upper,8ba5ae7a-5ae5-4eab-9fcc-5dd4fe3abf89::v1,0.925927,0.694312,0.231615,0.242317,8ba5ae7a-5ae5-4eab-9fcc-5dd4fe3abf89
bge-large-en-v1.5,vlc,upper,8ba5ae7a-5ae5-4eab-9fcc-5dd4fe3abf89::v2,0.930369,0.663461,0.266909,0.206902,8ba5ae7a-5ae5-4eab-9fcc-5dd4fe3abf89
bge-large-en-v1.5,vlc,upper,8ba5ae7a-5ae5-4eab-9fcc-5dd4fe3abf89::v3,0.942728,0.677623,0.265105,0.177656,8ba5ae7a-5ae5-4eab-9fcc-5dd4fe3abf89
bge-large-en-v1.5,vlc,upper,8ba5ae7a-5ae5-4eab-9fcc-5dd4fe3abf89::v4,0.89966,0.635604,0.264055,0.275361,8ba5ae7a-5ae5-4eab-9fcc-5dd4fe3abf89
bge-large-en-v1.5,vlc,upper,8d9fd4e2-6fdb-46b0-b9b9-02f06495c62f::v0,0.961066,0.707263,0.253803,0.133,8d9fd4e2-6fdb-46b0-b9b9-02f06495c62f
bge-large-en-v1.5,vlc,upper,8d9fd4e2-6fdb-46b0-b9b9-02f06495c62f::v1,0.896851,0.760188,0.136663,0.430123,8d9fd4e2-6fdb-46b0-b9b9-02f06495c62f
bge-large-en-v1.5,vlc,upper,8d9fd4e2-6fdb-46b0-b9b9-02f06495c62f::v2,0.940827,0.72215,0.218677,0.212967,8d9fd4e2-6fdb-46b0-b9b9-02f06495c62f
bge-large-en-v1.5,vlc,upper,8d9fd4e2-6fdb-46b0-b9b9-02f06495c62f::v3,0.939436,0.706751,0.232685,0.206528,8d9fd4e2-6fdb-46b0-b9b9-02f06495c62f
bge-large-en-v1.5,vlc,upper,8d9fd4e2-6fdb-46b0-b9b9-02f06495c62f::v4,0.939126,0.69959,0.239536,0.202638,8d9fd4e2-6fdb-46b0-b9b9-02f06495c62f
bge-large-en-v1.5,vlc,upper,8f080098-ddb1-424c-b438-4e96e5e4786e::v0,0.858479,0.70971,0.148769,0.487515,8f080098-ddb1-424c-b438-4e96e5e4786e
bge-large-en-v1.5,vlc,upper,8f080098-ddb1-424c-b438-4e96e5e4786e::v1,0.923766,0.791509,0.132257,0.365647,8f080098-ddb1-424c-b438-4e96e5e4786e
bge-large-en-v1.5,vlc,upper,8f080098-ddb1-424c-b438-4e96e5e4786e::v2,0.85471,0.775202,0.079508,0.646314,8f080098-ddb1-424c-b438-4e96e5e4786e
bge-large-en-v1.5,vlc,upper,8f080098-ddb1-424c-b438-4e96e5e4786e::v3,0.874433,0.754173,0.12026,0.510795,8f080098-ddb1-424c-b438-4e96e5e4786e
bge-large-en-v1.5,vlc,upper,8f080098-ddb1-424c-b438-4e96e5e4786e::v4,0.880381,0.799148,0.081233,0.595558,8f080098-ddb1-424c-b438-4e96e5e4786e
bge-large-en-v1.5,vlc,upper,9195653c-f4aa-453d-aa95-787f6ccfaae9::v0,0.873089,0.725253,0.147835,0.461921,9195653c-f4aa-453d-aa95-787f6ccfaae9
bge-large-en-v1.5,vlc,upper,9195653c-f4aa-453d-aa95-787f6ccfaae9::v1,0.859348,0.775621,0.083727,0.626849,9195653c-f4aa-453d-aa95-787f6ccfaae9
bge-large-en-v1.5,vlc,upper,9195653c-f4aa-453d-aa95-787f6ccfaae9::v2,0.853746,0.679381,0.174366,0.45616,9195653c-f4aa-453d-aa95-787f6ccfaae9
bge-large-en-v1.5,vlc,upper,9195653c-f4aa-453d-aa95-787f6ccfaae9::v3,0.831246,0.654438,0.176808,0.488347,9195653c-f4aa-453d-aa95-787f6ccfaae9
bge-large-en-v1.5,vlc,upper,9195653c-f4aa-453d-aa95-787f6ccfaae9::v4,0.873694,0.730307,0.143387,0.468332,9195653c-f4aa-453d-aa95-787f6ccfaae9
bge-large-en-v1.5,vlc,upper,a5bbbcd5-b398-4c91-83d4-55e1e31bbb81::v0,0.894377,0.706603,0.187774,0.360001,a5bbbcd5-b398-4c91-83d4-55e1e31bbb81
bge-large-en-v1.5,vlc,upper,a5bbbcd5-b398-4c91-83d4-55e1e31bbb81::v1,0.864757,0.727979,0.136779,0.497177,a5bbbcd5-b398-4c91-83d4-55e1e31bbb81
bge-large-en-v1.5,vlc,upper,a5bbbcd5-b398-4c91-83d4-55e1e31bbb81::v2,0.855351,0.736449,0.118902,0.548847,a5bbbcd5-b398-4c91-83d4-55e1e31bbb81
bge-large-en-v1.5,vlc,upper,a5bbbcd5-b398-4c91-83d4-55e1e31bbb81::v3,0.865685,0.708032,0.157653,0.460033,a5bbbcd5-b398-4c91-83d4-55e1e31bbb81
bge-large-en-v1.5,vlc,upper,a5bbbcd5-b398-4c91-83d4-55e1e31bbb81::v4,0.898774,0.711792,0.186982,0.351225,a5bbbcd5-b398-4c91-83d4-55e1e31bbb81
bge-large-en-v1.5,vlc,upper,aa4b5023-aef6-4ed9-bdc9-705f59ab9ad6::v0,0.841979,0.714309,0.12767,0.553118,aa4b5023-aef6-4ed9-bdc9-705f59ab9ad6
bge-large-en-v1.5,vlc,upper,aa4b5023-aef6-4ed9-bdc9-705f59ab9ad6::v1,0.93638,0.763758,0.172622,0.269301,aa4b5023-aef6-4ed9-bdc9-705f59ab9ad6
bge-large-en-v1.5,vlc,upper,aa4b5023-aef6-4ed9-bdc9-705f59ab9ad6::v2,0.895959,0.733435,0.162524,0.390303,aa4b5023-aef6-4ed9-bdc9-705f59ab9ad6
bge-large-en-v1.5,vlc,upper,aa4b5023-aef6-4ed9-bdc9-705f59ab9ad6::v3,0.823456,0.688113,0.135342,0.566053,aa4b5023-aef6-4ed9-bdc9-705f59ab9ad6
bge-large-en-v1.5,vlc,upper,aa4b5023-aef6-4ed9-bdc9-705f59ab9ad6::v4,0.882671,0.768393,0.114278,0.506586,aa4b5023-aef6-4ed9-bdc9-705f59ab9ad6
bge-large-en-v1.5,vlc,upper,bba3381f-b5eb-4439-bd9e-80c22218d5a7::v0,0.923202,0.644361,0.278841,0.215944,bba3381f-b5eb-4439-bd9e-80c22218d5a7
bge-large-en-v1.5,vlc,upper,bba3381f-b5eb-4439-bd9e-80c22218d5a7::v1,0.952087,0.693775,0.258312,0.156464,bba3381f-b5eb-4439-bd9e-80c22218d5a7
bge-large-en-v1.5,vlc,upper,bba3381f-b5eb-4439-bd9e-80c22218d5a7::v2,0.899517,0.694969,0.204548,0.329419,bba3381f-b5eb-4439-bd9e-80c22218d5a7
bge-large-en-v1.5,vlc,upper,bba3381f-b5eb-4439-bd9e-80c22218d5a7::v3,0.949022,0.693081,0.255941,0.166094,bba3381f-b5eb-4439-bd9e-80c22218d5a7
bge-large-en-v1.5,vlc,upper,bba3381f-b5eb-4439-bd9e-80c22218d5a7::v4,0.896948,0.670483,0.226465,0.312736,bba3381f-b5eb-4439-bd9e-80c22218d5a7
bge-large-en-v1.5,vlc,upper,cb130f0d-d36f-4302-9838-b3baf46139b6::v0,0.960808,0.693532,0.267276,0.127883,cb130f0d-d36f-4302-9838-b3baf46139b6
bge-large-en-v1.5,vlc,upper,cb130f0d-d36f-4302-9838-b3baf46139b6::v1,0.921628,0.683698,0.23793,0.247775,cb130f0d-d36f-4302-9838-b3baf46139b6
bge-large-en-v1.5,vlc,upper,cb130f0d-d36f-4302-9838-b3baf46139b6::v2,0.945514,0.703842,0.241672,0.183975,cb130f0d-d36f-4302-9838-b3baf46139b6
bge-large-en-v1.5,vlc,upper,cb130f0d-d36f-4302-9838-b3baf46139b6::v3,0.933333,0.669581,0.263753,0.201764,cb130f0d-d36f-4302-9838-b3baf46139b6
bge-large-en-v1.5,vlc,upper,cb130f0d-d36f-4302-9838-b3baf46139b6::v4,0.90429,0.660343,0.243947,0.281783,cb130f0d-d36f-4302-9838-b3baf46139b6
bge-large-en-v1.5,vlc,upper,d06f0d4d-2cd5-4ede-8de9-598629438c6e::v0,0.861239,0.666646,0.194594,0.416256,d06f0d4d-2cd5-4ede-8de9-598629438c6e
bge-large-en-v1.5,vlc,upper,d06f0d4d-2cd5-4ede-8de9-598629438c6e::v1,0.86927,0.642746,0.226524,0.365929,d06f0d4d-2cd5-4ede-8de9-598629438c6e
bge-large-en-v1.5,vlc,upper,d06f0d4d-2cd5-4ede-8de9-598629438c6e::v2,0.891984,0.648668,0.243316,0.307448,d06f0d4d-2cd5-4ede-8de9-598629438c6e
bge-large-en-v1.5,vlc,upper,d06f0d4d-2cd5-4ede-8de9-598629438c6e::v3,0.877945,0.631114,0.246831,0.330875,d06f0d4d-2cd5-4ede-8de9-598629438c6e
bge-large-en-v1.5,vlc,upper,d06f0d4d-2cd5-4ede-8de9-598629438c6e::v4,0.89966,0.627293,0.272367,0.269219,d06f0d4d-2cd5-4ede-8de9-598629438c6e
bge-large-en-v1.5,vlc,upper,efcf0d81-0835-4880-b2fd-d866e8bc2294::v0,0.865953,0.743667,0.122286,0.522943,efcf0d81-0835-4880-b2fd-d866e8bc2294
bge-large-en-v1.5,vlc,upper,efcf0d81-0835-4880-b2fd-d866e8bc2294::v1,0.895305,0.81058,0.084724,0.552717,efcf0d81-0835-4880-b2fd-d866e8bc2294
bge-large-en-v1.5,vlc,upper,efcf0d81-0835-4880-b2fd-d866e8bc2294::v2,0.874592,0.816567,0.058025,0.68367,efcf0d81-0835-4880-b2fd-d866e8bc2294
bge-large-en-v1.5,vlc,upper,efcf0d81-0835-4880-b2fd-d866e8bc2294::v3,0.926213,0.790412,0.135801,0.352057,efcf0d81-0835-4880-b2fd-d866e8bc2294
bge-large-en-v1.5,vlc,upper,efcf0d81-0835-4880-b2fd-d866e8bc2294::v4,0.899507,0.780231,0.119276,0.457268,efcf0d81-0835-4880-b2fd-d866e8bc2294
bge-large-en-v1.5,vlc,upper,f3977615-2b45-4ac5-8bba-80c17dbe2a37::v0,0.848132,0.709815,0.138317,0.523348,f3977615-2b45-4ac5-8bba-80c17dbe2a37
bge-large-en-v1.5,vlc,upper,f3977615-2b45-4ac5-8bba-80c17dbe2a37::v1,0.837752,0.715646,0.122106,0.570583,f3977615-2b45-4ac5-8bba-80c17dbe2a37
bge-large-en-v1.5,vlc,upper,f3977615-2b45-4ac5-8bba-80c17dbe2a37::v2,0.783907,0.734682,0.049225,0.814467,f3977615-2b45-4ac5-8bba-80c17dbe2a37
bge-large-en-v1.5,vlc,upper,f3977615-2b45-4ac5-8bba-80c17dbe2a37::v3,0.88583,0.718466,0.167364,0.405527,f3977615-2b45-4ac5-8bba-80c17dbe2a37
bge-large-en-v1.5,vlc,upper,f3977615-2b45-4ac5-8bba-80c17dbe2a37::v4,0.812501,0.750069,0.062432,0.750204,f3977615-2b45-4ac5-8bba-80c17dbe2a37
bge-large-en-v1.5,vlc,upper,fba2c100-79e8-42df-ae74-b592418d54f4::v0,0.935019,0.755756,0.179263,0.266049,fba2c100-79e8-42df-ae74-b592418d54f4
bge-large-en-v1.5,vlc,upper,fba2c100-79e8-42df-ae74-b592418d54f4::v1,0.960131,0.753299,0.206831,0.16161,fba2c100-79e8-42df-ae74-b592418d54f4
bge-large-en-v1.5,vlc,upper,fba2c100-79e8-42df-ae74-b592418d54f4::v2,0.895066,0.742286,0.15278,0.407172,fba2c100-79e8-42df-ae74-b592418d54f4
bge-large-en-v1.5,vlc,upper,fba2c100-79e8-42df-ae74-b592418d54f4::v3,0.937361,0.720425,0.216935,0.224053,fba2c100-79e8-42df-ae74-b592418d54f4
bge-large-en-v1.5,vlc,upper,fba2c100-79e8-42df-ae74-b592418d54f4::v4,0.88615,0.766453,0.119697,0.487482,fba2c100-79e8-42df-ae74-b592418d54f4
